solid Frame
facet normal 0.004460 3.364418 0.934603
outer loop
vertex -29.065869 3.000000 -71.337215
vertex -33.641051 3.000000 -71.337215
vertex -29.065869 0.200000 -71.337215
endloop
endfacet
facet normal 0.007264 -3.159310 1.535951
outer loop
vertex -29.065869 0.200000 -71.337215
vertex -33.641051 3.000000 -71.337215
vertex -33.641051 0.200000 -71.337215
endloop
endfacet
facet normal 0.165267 4.352820 -6.648326
outer loop
vertex 70.134862 -5.200000 -119.714998
vertex 70.134862 -4.500000 -118.800624
vertex 70.869503 -5.200000 -119.690642
endloop
endfacet
facet normal 0.185488 6.886747 -4.426323
outer loop
vertex 70.869503 -5.200000 -119.690642
vertex 70.134862 -4.500000 -118.800624
vertex 70.835644 -4.500000 -118.776328
endloop
endfacet
facet normal 0.507582 5.712188 -4.991876
outer loop
vertex 70.869503 -5.200000 -119.690642
vertex 70.835644 -4.500000 -118.776328
vertex 71.600714 -5.200000 -119.617671
endloop
endfacet
facet normal 0.361414 7.843304 -2.739805
outer loop
vertex 71.600714 -5.200000 -119.617671
vertex 70.835644 -4.500000 -118.776328
vertex 71.532848 -4.500000 -118.703566
endloop
endfacet
facet normal 0.819517 5.724814 -4.811044
outer loop
vertex 71.600714 -5.200000 -119.617671
vertex 71.532848 -4.500000 -118.703566
vertex 72.325093 -5.200000 -119.496426
endloop
endfacet
facet normal 0.514623 7.858554 -2.532597
outer loop
vertex 72.325093 -5.200000 -119.496426
vertex 71.532848 -4.500000 -118.703566
vertex 72.222932 -4.500000 -118.582700
endloop
endfacet
facet normal 1.129112 5.726479 -4.700020
outer loop
vertex 72.325093 -5.200000 -119.496426
vertex 72.222932 -4.500000 -118.582700
vertex 73.039262 -5.200000 -119.327483
endloop
endfacet
facet normal 0.667372 7.861301 -2.428273
outer loop
vertex 73.039262 -5.200000 -119.327483
vertex 72.222932 -4.500000 -118.582700
vertex 72.902375 -4.500000 -118.414365
endloop
endfacet
facet normal 1.433834 5.726706 -4.589134
outer loop
vertex 73.039262 -5.200000 -119.327483
vertex 72.902375 -4.500000 -118.414365
vertex 73.739885 -5.200000 -119.111621
endloop
endfacet
facet normal 0.817640 7.862159 -2.343688
outer loop
vertex 73.739885 -5.200000 -119.111621
vertex 72.902375 -4.500000 -118.414365
vertex 73.567717 -4.500000 -118.199400
endloop
endfacet
facet normal 1.732042 5.726593 -4.465456
outer loop
vertex 73.739885 -5.200000 -119.111621
vertex 73.567717 -4.500000 -118.199400
vertex 74.423706 -5.200000 -118.849856
endloop
endfacet
facet normal 0.964446 7.862483 -2.261384
outer loop
vertex 74.423706 -5.200000 -118.849856
vertex 73.567717 -4.500000 -118.199400
vertex 74.215564 -4.500000 -117.938901
endloop
endfacet
facet normal 2.022230 5.726396 -4.325175
outer loop
vertex 74.423706 -5.200000 -118.849856
vertex 74.215564 -4.500000 -117.938901
vertex 75.087529 -5.200000 -118.543394
endloop
endfacet
facet normal 1.106959 7.862601 -2.175482
outer loop
vertex 75.087529 -5.200000 -118.543394
vertex 74.215564 -4.500000 -117.938901
vertex 74.842618 -4.500000 -117.634212
endloop
endfacet
facet normal 2.303028 5.726190 -4.167055
outer loop
vertex 75.087529 -5.200000 -118.543394
vertex 74.842618 -4.500000 -117.634212
vertex 75.728257 -5.200000 -118.193690
endloop
endfacet
facet normal 1.244529 7.862639 -2.083519
outer loop
vertex 75.728257 -5.200000 -118.193690
vertex 74.842618 -4.500000 -117.634212
vertex 75.445678 -4.500000 -117.286870
endloop
endfacet
facet normal 2.573099 5.726006 -3.990895
outer loop
vertex 75.728257 -5.200000 -118.193690
vertex 75.445678 -4.500000 -117.286870
vertex 76.342908 -5.200000 -117.802328
endloop
endfacet
facet normal 1.376417 7.862642 -1.984493
outer loop
vertex 76.342908 -5.200000 -117.802328
vertex 75.445678 -4.500000 -117.286870
vertex 76.021682 -4.500000 -116.898657
endloop
endfacet
facet normal 2.831101 5.725863 -3.797032
outer loop
vertex 76.342908 -5.200000 -117.802328
vertex 76.021682 -4.500000 -116.898657
vertex 76.928613 -5.200000 -117.371172
endloop
endfacet
facet normal 1.501993 7.862646 -1.878019
outer loop
vertex 76.928613 -5.200000 -117.371172
vertex 76.021682 -4.500000 -116.898657
vertex 76.567682 -4.500000 -116.471538
endloop
endfacet
facet normal 3.075832 5.725786 -3.586043
outer loop
vertex 76.928613 -5.200000 -117.371172
vertex 76.567682 -4.500000 -116.471538
vertex 77.482642 -5.200000 -116.902225
endloop
endfacet
facet normal 1.620670 7.862669 -1.764059
outer loop
vertex 77.482642 -5.200000 -116.902225
vertex 76.567682 -4.500000 -116.471538
vertex 77.080906 -4.500000 -116.007693
endloop
endfacet
facet normal 3.306143 5.725771 -3.358714
outer loop
vertex 77.482642 -5.200000 -116.902225
vertex 77.080906 -4.500000 -116.007693
vertex 78.002411 -5.200000 -116.397670
endloop
endfacet
facet normal 1.731876 7.862706 -1.642815
outer loop
vertex 78.002411 -5.200000 -116.397670
vertex 77.080906 -4.500000 -116.007693
vertex 77.558731 -4.500000 -115.509497
endloop
endfacet
facet normal 3.520948 5.725827 -3.115967
outer loop
vertex 78.002411 -5.200000 -116.397670
vertex 77.558731 -4.500000 -115.509497
vertex 78.485503 -5.200000 -115.859859
endloop
endfacet
facet normal 1.835094 7.862781 -1.514592
outer loop
vertex 78.485503 -5.200000 -115.859859
vertex 77.558731 -4.500000 -115.509497
vertex 77.998730 -4.500000 -114.979459
endloop
endfacet
facet normal 3.719212 5.725946 -2.858875
outer loop
vertex 78.485503 -5.200000 -115.859859
vertex 77.998730 -4.500000 -114.979459
vertex 78.929654 -5.200000 -115.291293
endloop
endfacet
facet normal 1.931196 7.862849 -1.380806
outer loop
vertex 78.929654 -5.200000 -115.291293
vertex 77.998730 -4.500000 -114.979459
vertex 78.398654 -4.500000 -114.420331
endloop
endfacet
facet normal 3.901398 5.726100 -2.589505
outer loop
vertex 78.929654 -5.200000 -115.291293
vertex 78.398654 -4.500000 -114.420331
vertex 79.332807 -5.200000 -114.694643
endloop
endfacet
facet normal 2.205983 7.848266 -1.347446
outer loop
vertex 79.332807 -5.200000 -114.694643
vertex 78.398654 -4.500000 -114.420331
vertex 78.756470 -4.500000 -113.834922
endloop
endfacet
facet normal 4.251486 5.711661 -2.413659
outer loop
vertex 79.332807 -5.200000 -114.694643
vertex 78.756470 -4.500000 -113.834922
vertex 79.693072 -5.200000 -114.072659
endloop
endfacet
facet normal 2.484338 7.832754 -1.297312
outer loop
vertex 79.693072 -5.200000 -114.072659
vertex 78.756470 -4.500000 -113.834922
vertex 79.070351 -4.500000 -113.226223
endloop
endfacet
facet normal 4.409173 5.711000 -2.110260
outer loop
vertex 79.693072 -5.200000 -114.072659
vertex 79.070351 -4.500000 -113.226223
vertex 80.008769 -5.200000 -113.428272
endloop
endfacet
facet normal 2.563158 7.833172 -1.117657
outer loop
vertex 80.008769 -5.200000 -113.428272
vertex 79.070351 -4.500000 -113.226223
vertex 79.338695 -4.500000 -112.597333
endloop
endfacet
facet normal 4.530562 5.712600 -1.789686
outer loop
vertex 80.008769 -5.200000 -113.428272
vertex 79.338695 -4.500000 -112.597333
vertex 80.278433 -5.200000 -112.764472
endloop
endfacet
facet normal 2.663439 7.828769 -0.942166
outer loop
vertex 80.278433 -5.200000 -112.764472
vertex 79.338695 -4.500000 -112.597333
vertex 79.560142 -4.500000 -111.951471
endloop
endfacet
facet normal 4.679607 5.707216 -1.477342
outer loop
vertex 80.278433 -5.200000 -112.764472
vertex 79.560142 -4.500000 -111.951471
vertex 80.500799 -5.200000 -112.084357
endloop
endfacet
facet normal 2.710313 7.830145 -0.751659
outer loop
vertex 80.500799 -5.200000 -112.084357
vertex 79.560142 -4.500000 -111.951471
vertex 79.733562 -4.500000 -111.291916
endloop
endfacet
facet normal 4.716683 5.714695 -1.130806
outer loop
vertex 80.500799 -5.200000 -112.084357
vertex 79.733562 -4.500000 -111.291916
vertex 80.674835 -5.200000 -111.391087
endloop
endfacet
facet normal 2.665440 7.841672 -0.539636
outer loop
vertex 80.674835 -5.200000 -111.391087
vertex 79.733562 -4.500000 -111.291916
vertex 79.858063 -4.500000 -110.622037
endloop
endfacet
facet normal 4.742415 5.719573 -0.788221
outer loop
vertex 80.674835 -5.200000 -111.391087
vertex 79.858063 -4.500000 -110.622037
vertex 80.799732 -5.200000 -110.687912
endloop
endfacet
facet normal 2.743782 7.835471 -0.350542
outer loop
vertex 80.799732 -5.200000 -110.687912
vertex 79.858063 -4.500000 -110.622037
vertex 79.933024 -4.500000 -109.945231
endloop
endfacet
facet normal 4.870636 5.709428 -0.458138
outer loop
vertex 80.799732 -5.200000 -110.687912
vertex 79.933024 -4.500000 -109.945231
vertex 80.874902 -5.200000 -109.978108
endloop
endfacet
facet normal 2.711418 7.840034 -0.159092
outer loop
vertex 80.874902 -5.200000 -109.978108
vertex 79.933024 -4.500000 -109.945231
vertex 79.958048 -4.500000 -109.264967
endloop
endfacet
facet normal 4.603596 6.154441 -0.136427
outer loop
vertex 80.874902 -5.200000 -109.978108
vertex 79.958048 -4.500000 -109.264967
vertex 80.899999 -5.200000 -109.264967
endloop
endfacet
facet normal -0.000571 6.416620 -5.776984
outer loop
vertex -70.134862 -4.500000 -118.800624
vertex 70.134862 -4.500000 -118.800624
vertex -70.134862 -5.200000 -119.714998
endloop
endfacet
facet normal 0.000460 4.781826 -6.500210
outer loop
vertex -70.134862 -5.200000 -119.714998
vertex 70.134862 -4.500000 -118.800624
vertex 70.134862 -5.200000 -119.714998
endloop
endfacet
facet normal -4.966238 5.296337 -0.169788
outer loop
vertex -80.899999 -5.200000 -109.264967
vertex -79.958048 -4.500000 -109.264967
vertex -80.874902 -5.200000 -109.978108
endloop
endfacet
facet normal -2.775679 7.834583 -0.187947
outer loop
vertex -80.874902 -5.200000 -109.978108
vertex -79.958048 -4.500000 -109.264967
vertex -79.933024 -4.500000 -109.945231
endloop
endfacet
facet normal -4.812163 5.716511 -0.520037
outer loop
vertex -80.874902 -5.200000 -109.978108
vertex -79.933024 -4.500000 -109.945231
vertex -80.799732 -5.200000 -110.687912
endloop
endfacet
facet normal -2.773711 7.831689 -0.392829
outer loop
vertex -80.799732 -5.200000 -110.687912
vertex -79.933024 -4.500000 -109.945231
vertex -79.858063 -4.500000 -110.622037
endloop
endfacet
facet normal -4.817923 5.708870 -0.867581
outer loop
vertex -80.799732 -5.200000 -110.687912
vertex -79.858063 -4.500000 -110.622037
vertex -80.674835 -5.200000 -111.391087
endloop
endfacet
facet normal -2.745252 7.830918 -0.585953
outer loop
vertex -80.674835 -5.200000 -111.391087
vertex -79.858063 -4.500000 -110.622037
vertex -79.733562 -4.500000 -111.291916
endloop
endfacet
facet normal -4.701536 5.714786 -1.195594
outer loop
vertex -80.674835 -5.200000 -111.391087
vertex -79.733562 -4.500000 -111.291916
vertex -80.500799 -5.200000 -112.084357
endloop
endfacet
facet normal -2.701659 7.830190 -0.783787
outer loop
vertex -80.500799 -5.200000 -112.084357
vertex -79.733562 -4.500000 -111.291916
vertex -79.560142 -4.500000 -111.951471
endloop
endfacet
facet normal -4.660180 5.707297 -1.540914
outer loop
vertex -80.500799 -5.200000 -112.084357
vertex -79.560142 -4.500000 -111.951471
vertex -80.278433 -5.200000 -112.764472
endloop
endfacet
facet normal -2.652667 7.828805 -0.973609
outer loop
vertex -80.278433 -5.200000 -112.764472
vertex -79.560142 -4.500000 -111.951471
vertex -79.338695 -4.500000 -112.597333
endloop
endfacet
facet normal -4.506949 5.712668 -1.851736
outer loop
vertex -80.278433 -5.200000 -112.764472
vertex -79.338695 -4.500000 -112.597333
vertex -80.008769 -5.200000 -113.428272
endloop
endfacet
facet normal -2.550318 7.833204 -1.148263
outer loop
vertex -80.008769 -5.200000 -113.428272
vertex -79.338695 -4.500000 -112.597333
vertex -79.070351 -4.500000 -113.226223
endloop
endfacet
facet normal -4.381488 5.711054 -2.170493
outer loop
vertex -80.008769 -5.200000 -113.428272
vertex -79.070351 -4.500000 -113.226223
vertex -79.693072 -5.200000 -114.072659
endloop
endfacet
facet normal -2.469493 7.832776 -1.326939
outer loop
vertex -79.693072 -5.200000 -114.072659
vertex -79.070351 -4.500000 -113.226223
vertex -78.756470 -4.500000 -113.834922
endloop
endfacet
facet normal -4.219850 5.711707 -2.471802
outer loop
vertex -79.693072 -5.200000 -114.072659
vertex -78.756470 -4.500000 -113.834922
vertex -79.332807 -5.200000 -114.694643
endloop
endfacet
facet normal -2.192021 7.848251 -1.377847
outer loop
vertex -79.332807 -5.200000 -114.694643
vertex -78.756470 -4.500000 -113.834922
vertex -78.398654 -4.500000 -114.420331
endloop
endfacet
facet normal -3.868797 5.726097 -2.647158
outer loop
vertex -79.332807 -5.200000 -114.694643
vertex -78.398654 -4.500000 -114.420331
vertex -78.929654 -5.200000 -115.291293
endloop
endfacet
facet normal -1.915065 7.862826 -1.409695
outer loop
vertex -78.929654 -5.200000 -115.291293
vertex -78.398654 -4.500000 -114.420331
vertex -77.998730 -4.500000 -114.979459
endloop
endfacet
facet normal -3.679836 5.725970 -2.911759
outer loop
vertex -78.929654 -5.200000 -115.291293
vertex -77.998730 -4.500000 -114.979459
vertex -78.485503 -5.200000 -115.859859
endloop
endfacet
facet normal -1.813986 7.862799 -1.539895
outer loop
vertex -78.485503 -5.200000 -115.859859
vertex -77.998730 -4.500000 -114.979459
vertex -77.558731 -4.500000 -115.509497
endloop
endfacet
facet normal -3.478072 5.725845 -3.165889
outer loop
vertex -78.485503 -5.200000 -115.859859
vertex -77.558731 -4.500000 -115.509497
vertex -78.002411 -5.200000 -116.397670
endloop
endfacet
facet normal -1.708994 7.862722 -1.666418
outer loop
vertex -78.002411 -5.200000 -116.397670
vertex -77.558731 -4.500000 -115.509497
vertex -77.080906 -4.500000 -116.007693
endloop
endfacet
facet normal -3.259970 5.725779 -3.405404
outer loop
vertex -78.002411 -5.200000 -116.397670
vertex -77.080906 -4.500000 -116.007693
vertex -77.482642 -5.200000 -116.902225
endloop
endfacet
facet normal -1.596097 7.862683 -1.785799
outer loop
vertex -77.482642 -5.200000 -116.902225
vertex -77.080906 -4.500000 -116.007693
vertex -76.567682 -4.500000 -116.471538
endloop
endfacet
facet normal -3.026567 5.725783 -3.629249
outer loop
vertex -77.482642 -5.200000 -116.902225
vertex -76.567682 -4.500000 -116.471538
vertex -76.928613 -5.200000 -117.371172
endloop
endfacet
facet normal -1.475824 7.862659 -1.897699
outer loop
vertex -76.928613 -5.200000 -117.371172
vertex -76.567682 -4.500000 -116.471538
vertex -76.021682 -4.500000 -116.898657
endloop
endfacet
facet normal -2.778966 5.725850 -3.836495
outer loop
vertex -76.928613 -5.200000 -117.371172
vertex -76.021682 -4.500000 -116.898657
vertex -76.342908 -5.200000 -117.802328
endloop
endfacet
facet normal -1.348748 7.862658 -2.001888
outer loop
vertex -76.342908 -5.200000 -117.802328
vertex -76.021682 -4.500000 -116.898657
vertex -75.445678 -4.500000 -117.286870
endloop
endfacet
facet normal -2.518303 5.725993 -4.026360
outer loop
vertex -76.342908 -5.200000 -117.802328
vertex -75.445678 -4.500000 -117.286870
vertex -75.728257 -5.200000 -118.193690
endloop
endfacet
facet normal -1.215425 7.862671 -2.098354
outer loop
vertex -75.728257 -5.200000 -118.193690
vertex -75.445678 -4.500000 -117.286870
vertex -74.842618 -4.500000 -117.634212
endloop
endfacet
facet normal -2.245824 5.726174 -4.198220
outer loop
vertex -75.728257 -5.200000 -118.193690
vertex -74.842618 -4.500000 -117.634212
vertex -75.087529 -5.200000 -118.543394
endloop
endfacet
facet normal -1.076537 7.862645 -2.187332
outer loop
vertex -75.087529 -5.200000 -118.543394
vertex -74.842618 -4.500000 -117.634212
vertex -74.215564 -4.500000 -117.938901
endloop
endfacet
facet normal -1.962855 5.726381 -4.351680
outer loop
vertex -75.087529 -5.200000 -118.543394
vertex -74.215564 -4.500000 -117.938901
vertex -74.423706 -5.200000 -118.849856
endloop
endfacet
facet normal -0.932721 7.862573 -2.269610
outer loop
vertex -74.423706 -5.200000 -118.849856
vertex -74.215564 -4.500000 -117.938901
vertex -73.567717 -4.500000 -118.199400
endloop
endfacet
facet normal -1.670706 5.726603 -4.486793
outer loop
vertex -74.423706 -5.200000 -118.849856
vertex -73.567717 -4.500000 -118.199400
vertex -73.739885 -5.200000 -119.111621
endloop
endfacet
facet normal -0.784631 7.862348 -2.347051
outer loop
vertex -73.739885 -5.200000 -119.111621
vertex -73.567717 -4.500000 -118.199400
vertex -72.902375 -4.500000 -118.414365
endloop
endfacet
facet normal -1.370738 5.726775 -4.604399
outer loop
vertex -73.739885 -5.200000 -119.111621
vertex -72.902375 -4.500000 -118.414365
vertex -73.039262 -5.200000 -119.327483
endloop
endfacet
facet normal -0.632933 7.861749 -2.423992
outer loop
vertex -73.039262 -5.200000 -119.327483
vertex -72.902375 -4.500000 -118.414365
vertex -72.222932 -4.500000 -118.582700
endloop
endfacet
facet normal -1.064361 5.726731 -4.707174
outer loop
vertex -73.039262 -5.200000 -119.327483
vertex -72.222932 -4.500000 -118.582700
vertex -72.325093 -5.200000 -119.496426
endloop
endfacet
facet normal -0.478281 7.859963 -2.512181
outer loop
vertex -72.325093 -5.200000 -119.496426
vertex -72.222932 -4.500000 -118.582700
vertex -71.532848 -4.500000 -118.703566
endloop
endfacet
facet normal -0.752954 5.725827 -4.803514
outer loop
vertex -72.325093 -5.200000 -119.496426
vertex -71.532848 -4.500000 -118.703566
vertex -71.600714 -5.200000 -119.617671
endloop
endfacet
facet normal -0.321053 7.852352 -2.656715
outer loop
vertex -71.600714 -5.200000 -119.617671
vertex -71.532848 -4.500000 -118.703566
vertex -70.835644 -4.500000 -118.776328
endloop
endfacet
facet normal -0.437704 5.720062 -4.929597
outer loop
vertex -71.600714 -5.200000 -119.617671
vertex -70.835644 -4.500000 -118.776328
vertex -70.869503 -5.200000 -119.690642
endloop
endfacet
facet normal -0.147984 6.939153 -4.324440
outer loop
vertex -70.869503 -5.200000 -119.690642
vertex -70.835644 -4.500000 -118.776328
vertex -70.134862 -4.500000 -118.800624
endloop
endfacet
facet normal -0.133112 5.242355 -6.361825
outer loop
vertex -70.869503 -5.200000 -119.690642
vertex -70.134862 -4.500000 -118.800624
vertex -70.134862 -5.200000 -119.714998
endloop
endfacet
facet normal -2.641063 8.263113 0.000194
outer loop
vertex -79.958048 -4.500000 117.134971
vertex -79.958048 -4.500000 -109.264967
vertex -80.899999 -5.200000 117.134971
endloop
endfacet
facet normal -4.822220 5.725918 -0.000122
outer loop
vertex -80.899999 -5.200000 117.134971
vertex -79.958048 -4.500000 -109.264967
vertex -80.899999 -5.200000 -109.264967
endloop
endfacet
facet normal -0.165017 5.290178 5.158488
outer loop
vertex -70.134862 -5.200000 127.585003
vertex -70.134862 -4.500000 126.670619
vertex -70.869503 -5.200000 127.560636
endloop
endfacet
facet normal -0.183204 7.827338 2.911024
outer loop
vertex -70.869503 -5.200000 127.560636
vertex -70.134862 -4.500000 126.670619
vertex -70.835644 -4.500000 126.646332
endloop
endfacet
facet normal -0.505542 5.715422 4.966417
outer loop
vertex -70.869503 -5.200000 127.560636
vertex -70.835644 -4.500000 126.646332
vertex -71.600714 -5.200000 127.487666
endloop
endfacet
facet normal -0.374935 7.836925 2.818750
outer loop
vertex -71.600714 -5.200000 127.487666
vertex -70.835644 -4.500000 126.646332
vertex -71.532848 -4.500000 126.573561
endloop
endfacet
facet normal -0.835073 5.715193 4.915451
outer loop
vertex -71.600714 -5.200000 127.487666
vertex -71.532848 -4.500000 126.573561
vertex -72.325093 -5.200000 127.366430
endloop
endfacet
facet normal -0.561353 7.837433 2.778722
outer loop
vertex -72.325093 -5.200000 127.366430
vertex -71.532848 -4.500000 126.573561
vertex -72.222932 -4.500000 126.452704
endloop
endfacet
facet normal -1.160273 5.714976 4.841741
outer loop
vertex -72.325093 -5.200000 127.366430
vertex -72.222932 -4.500000 126.452704
vertex -73.039262 -5.200000 127.197478
endloop
endfacet
facet normal -0.744376 7.837858 2.726499
outer loop
vertex -73.039262 -5.200000 127.197478
vertex -72.222932 -4.500000 126.452704
vertex -72.902375 -4.500000 126.284360
endloop
endfacet
facet normal -1.479666 5.714774 4.745640
outer loop
vertex -73.039262 -5.200000 127.197478
vertex -72.902375 -4.500000 126.284360
vertex -73.739885 -5.200000 126.981626
endloop
endfacet
facet normal -0.923323 7.838217 2.662317
outer loop
vertex -73.739885 -5.200000 126.981626
vertex -72.902375 -4.500000 126.284360
vertex -73.567717 -4.500000 126.069395
endloop
endfacet
facet normal -1.791876 5.714595 4.627580
outer loop
vertex -73.739885 -5.200000 126.981626
vertex -73.567717 -4.500000 126.069395
vertex -74.423706 -5.200000 126.719861
endloop
endfacet
facet normal -1.097547 7.838512 2.586444
outer loop
vertex -74.423706 -5.200000 126.719861
vertex -73.567717 -4.500000 126.069395
vertex -74.215564 -4.500000 125.808905
endloop
endfacet
facet normal -2.095499 5.714439 4.488102
outer loop
vertex -74.423706 -5.200000 126.719861
vertex -74.215564 -4.500000 125.808905
vertex -75.087529 -5.200000 126.413399
endloop
endfacet
facet normal -1.266336 7.838749 2.499214
outer loop
vertex -75.087529 -5.200000 126.413399
vertex -74.215564 -4.500000 125.808905
vertex -74.842618 -4.500000 125.504207
endloop
endfacet
facet normal -2.389141 5.714301 4.327857
outer loop
vertex -75.087529 -5.200000 126.413399
vertex -74.842618 -4.500000 125.504207
vertex -75.728257 -5.200000 126.063684
endloop
endfacet
facet normal -1.429048 7.838925 2.400991
outer loop
vertex -75.728257 -5.200000 126.063684
vertex -74.842618 -4.500000 125.504207
vertex -75.445678 -4.500000 125.156875
endloop
endfacet
facet normal -2.671509 5.714187 4.147563
outer loop
vertex -75.728257 -5.200000 126.063684
vertex -75.445678 -4.500000 125.156875
vertex -76.342908 -5.200000 125.672332
endloop
endfacet
facet normal -1.480467 7.850668 2.148873
outer loop
vertex -76.342908 -5.200000 125.672332
vertex -75.445678 -4.500000 125.156875
vertex -76.021682 -4.500000 124.768652
endloop
endfacet
facet normal -2.836727 5.725719 3.804750
outer loop
vertex -76.342908 -5.200000 125.672332
vertex -76.021682 -4.500000 124.768652
vertex -76.928613 -5.200000 125.241176
endloop
endfacet
facet normal -1.954877 7.724429 2.416311
outer loop
vertex -76.928613 -5.200000 125.241176
vertex -76.021682 -4.500000 124.768652
vertex -76.567682 -4.500000 124.341532
endloop
endfacet
facet normal -3.523081 5.587728 4.116619
outer loop
vertex -76.928613 -5.200000 125.241176
vertex -76.567682 -4.500000 124.341532
vertex -77.482642 -5.200000 124.772230
endloop
endfacet
facet normal -2.605347 7.554320 2.848270
outer loop
vertex -77.482642 -5.200000 124.772230
vertex -76.567682 -4.500000 124.341532
vertex -77.080906 -4.500000 123.877698
endloop
endfacet
facet normal -3.843568 5.555496 3.912345
outer loop
vertex -77.482642 -5.200000 124.772230
vertex -77.080906 -4.500000 123.877698
vertex -78.002411 -5.200000 124.267675
endloop
endfacet
facet normal -2.909258 7.481263 2.768923
outer loop
vertex -78.002411 -5.200000 124.267675
vertex -77.080906 -4.500000 123.877698
vertex -77.558731 -4.500000 123.379491
endloop
endfacet
facet normal -4.160900 5.514663 3.688448
outer loop
vertex -78.002411 -5.200000 124.267675
vertex -77.558731 -4.500000 123.379491
vertex -78.485503 -5.200000 123.729863
endloop
endfacet
facet normal -3.230361 7.388906 2.672145
outer loop
vertex -78.485503 -5.200000 123.729863
vertex -77.558731 -4.500000 123.379491
vertex -77.998730 -4.500000 122.849474
endloop
endfacet
facet normal -4.474534 5.463232 3.443939
outer loop
vertex -78.485503 -5.200000 123.729863
vertex -77.998730 -4.500000 122.849474
vertex -78.929654 -5.200000 123.161297
endloop
endfacet
facet normal -3.568167 7.273324 2.553675
outer loop
vertex -78.929654 -5.200000 123.161297
vertex -77.998730 -4.500000 122.849474
vertex -78.398654 -4.500000 122.290335
endloop
endfacet
facet normal -4.783053 5.399278 3.177308
outer loop
vertex -78.929654 -5.200000 123.161297
vertex -78.398654 -4.500000 122.290335
vertex -79.332807 -5.200000 122.564637
endloop
endfacet
facet normal -3.919770 7.131280 2.408110
outer loop
vertex -79.332807 -5.200000 122.564637
vertex -78.398654 -4.500000 122.290335
vertex -78.756470 -4.500000 121.704927
endloop
endfacet
facet normal -5.083622 5.321490 2.886518
outer loop
vertex -79.332807 -5.200000 122.564637
vertex -78.756470 -4.500000 121.704927
vertex -79.693072 -5.200000 121.942664
endloop
endfacet
facet normal -4.278749 6.961573 2.229286
outer loop
vertex -79.693072 -5.200000 121.942664
vertex -78.756470 -4.500000 121.704927
vertex -79.070351 -4.500000 121.096228
endloop
endfacet
facet normal -5.371445 5.229988 2.569382
outer loop
vertex -79.693072 -5.200000 121.942664
vertex -79.070351 -4.500000 121.096228
vertex -80.008769 -5.200000 121.298277
endloop
endfacet
facet normal -4.634332 6.767019 2.011201
outer loop
vertex -80.008769 -5.200000 121.298277
vertex -79.070351 -4.500000 121.096228
vertex -79.338695 -4.500000 120.467338
endloop
endfacet
facet normal -5.639465 5.127454 2.224108
outer loop
vertex -80.008769 -5.200000 121.298277
vertex -79.338695 -4.500000 120.467338
vertex -80.278433 -5.200000 120.634476
endloop
endfacet
facet normal -4.971494 6.556416 1.749360
outer loop
vertex -80.278433 -5.200000 120.634476
vertex -79.338695 -4.500000 120.467338
vertex -79.560142 -4.500000 119.821476
endloop
endfacet
facet normal -5.878760 5.020006 1.850111
outer loop
vertex -80.278433 -5.200000 120.634476
vertex -79.560142 -4.500000 119.821476
vertex -80.500799 -5.200000 119.954352
endloop
endfacet
facet normal -5.272343 6.345551 1.442434
outer loop
vertex -80.500799 -5.200000 119.954352
vertex -79.560142 -4.500000 119.821476
vertex -79.733562 -4.500000 119.161921
endloop
endfacet
facet normal -6.079561 4.917311 1.448809
outer loop
vertex -80.500799 -5.200000 119.954352
vertex -79.733562 -4.500000 119.161921
vertex -80.674835 -5.200000 119.261092
endloop
endfacet
facet normal -5.518618 6.156119 1.093454
outer loop
vertex -80.674835 -5.200000 119.261092
vertex -79.733562 -4.500000 119.161921
vertex -79.858063 -4.500000 118.492031
endloop
endfacet
facet normal -6.232715 4.831402 1.024036
outer loop
vertex -80.674835 -5.200000 119.261092
vertex -79.858063 -4.500000 118.492031
vertex -80.799732 -5.200000 118.557916
endloop
endfacet
facet normal -5.694538 6.011987 0.710121
outer loop
vertex -80.799732 -5.200000 118.557916
vertex -79.858063 -4.500000 118.492031
vertex -79.933024 -4.500000 117.815235
endloop
endfacet
facet normal -6.331091 4.774116 0.581902
outer loop
vertex -80.799732 -5.200000 118.557916
vertex -79.933024 -4.500000 117.815235
vertex -80.874902 -5.200000 117.848103
endloop
endfacet
facet normal -4.264546 6.895615 0.282878
outer loop
vertex -80.874902 -5.200000 117.848103
vertex -79.933024 -4.500000 117.815235
vertex -79.958048 -4.500000 117.134971
endloop
endfacet
facet normal -4.696271 6.145332 0.136448
outer loop
vertex -80.874902 -5.200000 117.848103
vertex -79.958048 -4.500000 117.134971
vertex -80.899999 -5.200000 117.134971
endloop
endfacet
facet normal 0.000255 8.268509 2.615618
outer loop
vertex 70.134862 -4.500000 126.670619
vertex -70.134862 -4.500000 126.670619
vertex 70.134862 -5.200000 127.585003
endloop
endfacet
facet normal -0.000203 5.719202 5.010366
outer loop
vertex 70.134862 -5.200000 127.585003
vertex -70.134862 -4.500000 126.670619
vertex -70.134862 -5.200000 127.585003
endloop
endfacet
facet normal 5.143340 5.263178 0.169807
outer loop
vertex 80.899999 -5.200000 117.134971
vertex 79.958048 -4.500000 117.134971
vertex 80.874902 -5.200000 117.848103
endloop
endfacet
facet normal 4.465309 6.859147 0.316144
outer loop
vertex 80.874902 -5.200000 117.848103
vertex 79.958048 -4.500000 117.134971
vertex 79.933024 -4.500000 117.815235
endloop
endfacet
facet normal 6.324693 4.774228 0.648214
outer loop
vertex 80.874902 -5.200000 117.848103
vertex 79.933024 -4.500000 117.815235
vertex 80.799732 -5.200000 118.557916
endloop
endfacet
facet normal 5.690233 6.012042 0.743166
outer loop
vertex 80.799732 -5.200000 118.557916
vertex 79.933024 -4.500000 117.815235
vertex 79.858063 -4.500000 118.492031
endloop
endfacet
facet normal 6.221916 4.831506 1.089742
outer loop
vertex 80.799732 -5.200000 118.557916
vertex 79.858063 -4.500000 118.492031
vertex 80.674835 -5.200000 119.261092
endloop
endfacet
facet normal 5.512124 6.156168 1.126116
outer loop
vertex 80.674835 -5.200000 119.261092
vertex 79.858063 -4.500000 118.492031
vertex 79.733562 -4.500000 119.161921
endloop
endfacet
facet normal 6.064415 4.917399 1.513596
outer loop
vertex 80.674835 -5.200000 119.261092
vertex 79.733562 -4.500000 119.161921
vertex 80.500799 -5.200000 119.954352
endloop
endfacet
facet normal 5.263692 6.345590 1.474559
outer loop
vertex 80.500799 -5.200000 119.954352
vertex 79.733562 -4.500000 119.161921
vertex 79.560142 -4.500000 119.821476
endloop
endfacet
facet normal 5.859335 5.020084 1.913681
outer loop
vertex 80.500799 -5.200000 119.954352
vertex 79.560142 -4.500000 119.821476
vertex 80.278433 -5.200000 120.634476
endloop
endfacet
facet normal 4.960720 6.556455 1.780806
outer loop
vertex 80.278433 -5.200000 120.634476
vertex 79.560142 -4.500000 119.821476
vertex 79.338695 -4.500000 120.467338
endloop
endfacet
facet normal 5.615851 5.127525 2.286159
outer loop
vertex 80.278433 -5.200000 120.634476
vertex 79.338695 -4.500000 120.467338
vertex 80.008769 -5.200000 121.298277
endloop
endfacet
facet normal 4.621492 6.767051 2.041807
outer loop
vertex 80.008769 -5.200000 121.298277
vertex 79.338695 -4.500000 120.467338
vertex 79.070351 -4.500000 121.096228
endloop
endfacet
facet normal 5.343757 5.230044 2.629617
outer loop
vertex 80.008769 -5.200000 121.298277
vertex 79.070351 -4.500000 121.096228
vertex 79.693072 -5.200000 121.942664
endloop
endfacet
facet normal 4.263901 6.961598 2.258915
outer loop
vertex 79.693072 -5.200000 121.942664
vertex 79.070351 -4.500000 121.096228
vertex 78.756470 -4.500000 121.704927
endloop
endfacet
facet normal 5.051989 5.321533 2.944658
outer loop
vertex 79.693072 -5.200000 121.942664
vertex 78.756470 -4.500000 121.704927
vertex 79.332807 -5.200000 122.564637
endloop
endfacet
facet normal 3.063070 7.456911 1.876636
outer loop
vertex 79.332807 -5.200000 122.564637
vertex 78.756470 -4.500000 121.704927
vertex 78.398654 -4.500000 122.290335
endloop
endfacet
facet normal 3.907712 5.724924 2.673088
outer loop
vertex 79.332807 -5.200000 122.564637
vertex 78.398654 -4.500000 122.290335
vertex 78.929654 -5.200000 123.161297
endloop
endfacet
facet normal 2.131007 7.846055 1.572755
outer loop
vertex 78.929654 -5.200000 123.161297
vertex 78.398654 -4.500000 122.290335
vertex 77.998730 -4.500000 122.849474
endloop
endfacet
facet normal 3.856869 5.710358 3.048884
outer loop
vertex 78.929654 -5.200000 123.161297
vertex 77.998730 -4.500000 122.849474
vertex 78.485503 -5.200000 123.729863
endloop
endfacet
facet normal 2.152841 7.832371 1.821793
outer loop
vertex 78.485503 -5.200000 123.729863
vertex 77.998730 -4.500000 122.849474
vertex 77.558731 -4.500000 123.379491
endloop
endfacet
facet normal 3.639898 5.711029 3.310655
outer loop
vertex 78.485503 -5.200000 123.729863
vertex 77.558731 -4.500000 123.379491
vertex 78.002411 -5.200000 124.267675
endloop
endfacet
facet normal 2.017527 7.833791 1.962308
outer loop
vertex 78.002411 -5.200000 124.267675
vertex 77.558731 -4.500000 123.379491
vertex 77.080906 -4.500000 123.877698
endloop
endfacet
facet normal 3.406672 5.711668 3.556530
outer loop
vertex 78.002411 -5.200000 124.267675
vertex 77.080906 -4.500000 123.877698
vertex 77.482642 -5.200000 124.772230
endloop
endfacet
facet normal 1.840224 7.840699 2.052504
outer loop
vertex 77.482642 -5.200000 124.772230
vertex 77.080906 -4.500000 123.877698
vertex 76.567682 -4.500000 124.341532
endloop
endfacet
facet normal 3.123987 5.717926 3.744824
outer loop
vertex 77.482642 -5.200000 124.772230
vertex 76.567682 -4.500000 124.341532
vertex 76.928613 -5.200000 125.241176
endloop
endfacet
facet normal 1.691215 7.841611 2.174888
outer loop
vertex 76.928613 -5.200000 125.241176
vertex 76.567682 -4.500000 124.341532
vertex 76.021682 -4.500000 124.768652
endloop
endfacet
facet normal 2.896922 5.712677 3.998113
outer loop
vertex 76.928613 -5.200000 125.241176
vertex 76.021682 -4.500000 124.768652
vertex 76.342908 -5.200000 125.672332
endloop
endfacet
facet normal 1.569929 7.836743 2.327812
outer loop
vertex 76.342908 -5.200000 125.672332
vertex 76.021682 -4.500000 124.768652
vertex 75.445678 -4.500000 125.156875
endloop
endfacet
facet normal 2.621520 5.713262 4.190668
outer loop
vertex 76.342908 -5.200000 125.672332
vertex 75.445678 -4.500000 125.156875
vertex 75.728257 -5.200000 126.063684
endloop
endfacet
facet normal 1.383543 7.842698 2.383849
outer loop
vertex 75.728257 -5.200000 126.063684
vertex 75.445678 -4.500000 125.156875
vertex 74.842618 -4.500000 125.504207
endloop
endfacet
facet normal 2.310729 5.718940 4.319403
outer loop
vertex 75.728257 -5.200000 126.063684
vertex 74.842618 -4.500000 125.504207
vertex 75.087529 -5.200000 126.413399
endloop
endfacet
facet normal 1.216398 7.843185 2.475234
outer loop
vertex 75.087529 -5.200000 126.413399
vertex 74.842618 -4.500000 125.504207
vertex 74.215564 -4.500000 125.808905
endloop
endfacet
facet normal 2.037819 5.714161 4.518392
outer loop
vertex 75.087529 -5.200000 126.413399
vertex 74.215564 -4.500000 125.808905
vertex 74.423706 -5.200000 126.719861
endloop
endfacet
facet normal 1.050620 7.843501 2.552667
outer loop
vertex 74.423706 -5.200000 126.719861
vertex 74.215564 -4.500000 125.808905
vertex 73.567717 -4.500000 126.069395
endloop
endfacet
facet normal 1.713633 5.719771 4.603133
outer loop
vertex 74.423706 -5.200000 126.719861
vertex 73.567717 -4.500000 126.069395
vertex 73.739885 -5.200000 126.981626
endloop
endfacet
facet normal 0.874001 7.843748 2.621926
outer loop
vertex 73.739885 -5.200000 126.981626
vertex 73.567717 -4.500000 126.069395
vertex 72.902375 -4.500000 126.284360
endloop
endfacet
facet normal 1.417171 5.715019 4.762935
outer loop
vertex 73.739885 -5.200000 126.981626
vertex 72.902375 -4.500000 126.284360
vertex 73.039262 -5.200000 127.197478
endloop
endfacet
facet normal 0.700139 7.843962 2.676921
outer loop
vertex 73.039262 -5.200000 127.197478
vertex 72.902375 -4.500000 126.284360
vertex 72.222932 -4.500000 126.452704
endloop
endfacet
facet normal 1.085117 5.720710 4.801569
outer loop
vertex 73.039262 -5.200000 127.197478
vertex 72.222932 -4.500000 126.452704
vertex 72.325093 -5.200000 127.366430
endloop
endfacet
facet normal 0.516401 7.843982 2.723104
outer loop
vertex 72.325093 -5.200000 127.366430
vertex 72.222932 -4.500000 126.452704
vertex 71.532848 -4.500000 126.573561
endloop
endfacet
facet normal 0.770311 5.715864 4.920043
outer loop
vertex 72.325093 -5.200000 127.366430
vertex 71.532848 -4.500000 126.573561
vertex 71.600714 -5.200000 127.487666
endloop
endfacet
facet normal 0.336953 7.844103 2.754855
outer loop
vertex 71.600714 -5.200000 127.487666
vertex 71.532848 -4.500000 126.573561
vertex 70.835644 -4.500000 126.646332
endloop
endfacet
facet normal 0.436243 5.721769 4.911212
outer loop
vertex 71.600714 -5.200000 127.487666
vertex 70.835644 -4.500000 126.646332
vertex 70.869503 -5.200000 127.560636
endloop
endfacet
facet normal 0.145955 7.855386 2.634530
outer loop
vertex 70.869503 -5.200000 127.560636
vertex 70.835644 -4.500000 126.646332
vertex 70.134862 -4.500000 126.670619
endloop
endfacet
facet normal 0.132551 6.156887 4.690296
outer loop
vertex 70.869503 -5.200000 127.560636
vertex 70.134862 -4.500000 126.670619
vertex 70.134862 -5.200000 127.585003
endloop
endfacet
facet normal 2.725489 8.239069 -0.000154
outer loop
vertex 79.958048 -4.500000 -109.264967
vertex 79.958048 -4.500000 117.134971
vertex 80.899999 -5.200000 -109.264967
endloop
endfacet
facet normal 4.999321 5.692762 0.000141
outer loop
vertex 80.899999 -5.200000 -109.264967
vertex 79.958048 -4.500000 117.134971
vertex 80.899999 -5.200000 117.134971
endloop
endfacet
facet normal -4.912543 -0.891285 -0.000056
outer loop
vertex -80.899999 -5.200000 117.134971
vertex -80.899999 -5.200000 -109.264967
vertex -80.899999 -6.300000 117.134971
endloop
endfacet
facet normal -2.903752 -5.846086 -0.000245
outer loop
vertex -80.899999 -6.300000 117.134971
vertex -80.899999 -5.200000 -109.264967
vertex -80.899999 -6.300000 -109.264967
endloop
endfacet
facet normal -3.018246 -5.820673 -0.027127
outer loop
vertex -80.899999 -6.300000 -109.264967
vertex -80.899999 -5.200000 -109.264967
vertex -80.874902 -6.300000 -109.978108
endloop
endfacet
facet normal -5.171055 -1.295453 -0.196604
outer loop
vertex -80.874902 -6.300000 -109.978108
vertex -80.899999 -5.200000 -109.264967
vertex -80.874902 -5.200000 -109.978108
endloop
endfacet
facet normal -3.227876 -5.350772 -0.256603
outer loop
vertex -80.874902 -6.300000 -109.978108
vertex -80.874902 -5.200000 -109.978108
vertex -80.799732 -6.300000 -110.687912
endloop
endfacet
facet normal -5.059543 -0.877054 -0.561878
outer loop
vertex -80.799732 -6.300000 -110.687912
vertex -80.874902 -5.200000 -109.978108
vertex -80.799732 -5.200000 -110.687912
endloop
endfacet
facet normal -3.224318 -5.345607 -0.487351
outer loop
vertex -80.799732 -6.300000 -110.687912
vertex -80.799732 -5.200000 -110.687912
vertex -80.674835 -6.300000 -111.391087
endloop
endfacet
facet normal -5.021151 -0.874861 -0.920263
outer loop
vertex -80.674835 -6.300000 -111.391087
vertex -80.799732 -5.200000 -110.687912
vertex -80.674835 -5.200000 -111.391087
endloop
endfacet
facet normal -3.206332 -5.339954 -0.719045
outer loop
vertex -80.674835 -6.300000 -111.391087
vertex -80.674835 -5.200000 -111.391087
vertex -80.500799 -6.300000 -112.084357
endloop
endfacet
facet normal -4.959388 -0.872355 -1.276005
outer loop
vertex -80.500799 -6.300000 -112.084357
vertex -80.674835 -5.200000 -111.391087
vertex -80.500799 -5.200000 -112.084357
endloop
endfacet
facet normal -3.173725 -5.333771 -0.950823
outer loop
vertex -80.500799 -6.300000 -112.084357
vertex -80.500799 -5.200000 -112.084357
vertex -80.278433 -6.300000 -112.764472
endloop
endfacet
facet normal -4.874394 -0.869524 -1.627540
outer loop
vertex -80.278433 -6.300000 -112.764472
vertex -80.500799 -5.200000 -112.084357
vertex -80.278433 -5.200000 -112.764472
endloop
endfacet
facet normal -3.126358 -5.327058 -1.181774
outer loop
vertex -80.278433 -6.300000 -112.764472
vertex -80.278433 -5.200000 -112.764472
vertex -80.008769 -6.300000 -113.428272
endloop
endfacet
facet normal -4.766426 -0.866375 -1.973275
outer loop
vertex -80.008769 -6.300000 -113.428272
vertex -80.278433 -5.200000 -112.764472
vertex -80.008769 -5.200000 -113.428272
endloop
endfacet
facet normal -3.064129 -5.319796 -1.410938
outer loop
vertex -80.008769 -6.300000 -113.428272
vertex -80.008769 -5.200000 -113.428272
vertex -79.693072 -6.300000 -114.072659
endloop
endfacet
facet normal -4.635822 -0.862904 -2.311629
outer loop
vertex -79.693072 -6.300000 -114.072659
vertex -80.008769 -5.200000 -113.428272
vertex -79.693072 -5.200000 -114.072659
endloop
endfacet
facet normal -2.986975 -5.311977 -1.637347
outer loop
vertex -79.693072 -6.300000 -114.072659
vertex -79.693072 -5.200000 -114.072659
vertex -79.332807 -6.300000 -114.694643
endloop
endfacet
facet normal -4.482999 -0.859088 -2.641074
outer loop
vertex -79.332807 -6.300000 -114.694643
vertex -79.693072 -5.200000 -114.072659
vertex -79.332807 -5.200000 -114.694643
endloop
endfacet
facet normal -2.894851 -5.303575 -1.860009
outer loop
vertex -79.332807 -6.300000 -114.694643
vertex -79.332807 -5.200000 -114.694643
vertex -78.929654 -6.300000 -115.291293
endloop
endfacet
facet normal -4.308478 -0.854934 -2.960046
outer loop
vertex -78.929654 -6.300000 -115.291293
vertex -79.332807 -5.200000 -114.694643
vertex -78.929654 -5.200000 -115.291293
endloop
endfacet
facet normal -2.787812 -5.294619 -2.077824
outer loop
vertex -78.929654 -6.300000 -115.291293
vertex -78.929654 -5.200000 -115.291293
vertex -78.485503 -6.300000 -115.859859
endloop
endfacet
facet normal -4.112902 -0.850444 -3.266999
outer loop
vertex -78.485503 -6.300000 -115.859859
vertex -78.929654 -5.200000 -115.291293
vertex -78.485503 -5.200000 -115.859859
endloop
endfacet
facet normal -2.665929 -5.285096 -2.289721
outer loop
vertex -78.485503 -6.300000 -115.859859
vertex -78.485503 -5.200000 -115.859859
vertex -78.002411 -6.300000 -116.397670
endloop
endfacet
facet normal -3.896949 -0.845635 -3.560474
outer loop
vertex -78.002411 -6.300000 -116.397670
vertex -78.485503 -5.200000 -115.859859
vertex -78.002411 -5.200000 -116.397670
endloop
endfacet
facet normal -2.529343 -5.275063 -2.494572
outer loop
vertex -78.002411 -6.300000 -116.397670
vertex -78.002411 -5.200000 -116.397670
vertex -77.482642 -6.300000 -116.902225
endloop
endfacet
facet normal -3.661441 -0.840526 -3.838972
outer loop
vertex -77.482642 -6.300000 -116.902225
vertex -78.002411 -5.200000 -116.397670
vertex -77.482642 -5.200000 -116.902225
endloop
endfacet
facet normal -2.378290 -5.264530 -2.691157
outer loop
vertex -77.482642 -6.300000 -116.902225
vertex -77.482642 -5.200000 -116.902225
vertex -76.928613 -6.300000 -117.371172
endloop
endfacet
facet normal -3.407288 -0.835125 -4.101039
outer loop
vertex -76.928613 -6.300000 -117.371172
vertex -77.482642 -5.200000 -116.902225
vertex -76.928613 -5.200000 -117.371172
endloop
endfacet
facet normal -2.213078 -5.253571 -2.878258
outer loop
vertex -76.928613 -6.300000 -117.371172
vertex -76.928613 -5.200000 -117.371172
vertex -76.342908 -6.300000 -117.802328
endloop
endfacet
facet normal -3.135498 -0.829472 -4.345263
outer loop
vertex -76.342908 -6.300000 -117.802328
vertex -76.928613 -5.200000 -117.371172
vertex -76.342908 -5.200000 -117.802328
endloop
endfacet
facet normal -2.034123 -5.242244 -3.054603
outer loop
vertex -76.342908 -6.300000 -117.802328
vertex -76.342908 -5.200000 -117.802328
vertex -75.728257 -6.300000 -118.193690
endloop
endfacet
facet normal -2.847147 -0.823587 -4.570306
outer loop
vertex -75.728257 -6.300000 -118.193690
vertex -76.342908 -5.200000 -117.802328
vertex -75.728257 -5.200000 -118.193690
endloop
endfacet
facet normal -1.841899 -5.230645 -3.218917
outer loop
vertex -75.728257 -6.300000 -118.193690
vertex -75.728257 -5.200000 -118.193690
vertex -75.087529 -6.300000 -118.543394
endloop
endfacet
facet normal -2.543455 -0.817562 -4.774836
outer loop
vertex -75.087529 -6.300000 -118.543394
vertex -75.728257 -5.200000 -118.193690
vertex -75.087529 -5.200000 -118.543394
endloop
endfacet
facet normal -1.637130 -5.218928 -3.369830
outer loop
vertex -75.087529 -6.300000 -118.543394
vertex -75.087529 -5.200000 -118.543394
vertex -74.423706 -6.300000 -118.849856
endloop
endfacet
facet normal -2.225816 -0.811455 -4.957562
outer loop
vertex -74.423706 -6.300000 -118.849856
vertex -75.087529 -5.200000 -118.543394
vertex -74.423706 -5.200000 -118.849856
endloop
endfacet
facet normal -1.420600 -5.207194 -3.506020
outer loop
vertex -74.423706 -6.300000 -118.849856
vertex -74.423706 -5.200000 -118.849856
vertex -73.739885 -6.300000 -119.111621
endloop
endfacet
facet normal -1.895624 -0.805327 -5.117320
outer loop
vertex -73.739885 -6.300000 -119.111621
vertex -74.423706 -5.200000 -118.849856
vertex -73.739885 -5.200000 -119.111621
endloop
endfacet
facet normal -1.193240 -5.195625 -3.626184
outer loop
vertex -73.739885 -6.300000 -119.111621
vertex -73.739885 -5.200000 -119.111621
vertex -73.039262 -6.300000 -119.327483
endloop
endfacet
facet normal -1.554429 -0.799267 -5.253005
outer loop
vertex -73.039262 -6.300000 -119.327483
vertex -73.739885 -5.200000 -119.111621
vertex -73.039262 -5.200000 -119.327483
endloop
endfacet
facet normal -0.956161 -5.184383 -3.729044
outer loop
vertex -73.039262 -6.300000 -119.327483
vertex -73.039262 -5.200000 -119.327483
vertex -72.325093 -6.300000 -119.496426
endloop
endfacet
facet normal -1.203899 -0.793358 -5.363620
outer loop
vertex -72.325093 -6.300000 -119.496426
vertex -73.039262 -5.200000 -119.327483
vertex -72.325093 -5.200000 -119.496426
endloop
endfacet
facet normal -0.710663 -5.173668 -3.813397
outer loop
vertex -72.325093 -6.300000 -119.496426
vertex -72.325093 -5.200000 -119.496426
vertex -71.600714 -6.300000 -119.617671
endloop
endfacet
facet normal -0.845798 -0.787714 -5.448284
outer loop
vertex -71.600714 -6.300000 -119.617671
vertex -72.325093 -5.200000 -119.496426
vertex -71.600714 -5.200000 -119.617671
endloop
endfacet
facet normal -0.458151 -5.163688 -3.878149
outer loop
vertex -71.600714 -6.300000 -119.617671
vertex -71.600714 -5.200000 -119.617671
vertex -70.869503 -6.300000 -119.690642
endloop
endfacet
facet normal -0.481957 -0.782437 -5.506261
outer loop
vertex -70.869503 -6.300000 -119.690642
vertex -71.600714 -5.200000 -119.617671
vertex -70.869503 -5.200000 -119.690642
endloop
endfacet
facet normal -0.191807 -5.045640 -4.146180
outer loop
vertex -70.869503 -6.300000 -119.690642
vertex -70.869503 -5.200000 -119.690642
vertex -70.134862 -6.300000 -119.714998
endloop
endfacet
facet normal -0.132682 -0.239939 -5.606901
outer loop
vertex -70.134862 -6.300000 -119.714998
vertex -70.869503 -5.200000 -119.690642
vertex -70.134862 -5.200000 -119.714998
endloop
endfacet
facet normal -0.000022 -0.655989 -5.710117
outer loop
vertex -70.134862 -5.200000 -119.714998
vertex 70.134862 -5.200000 -119.714998
vertex -70.134862 -6.300000 -119.714998
endloop
endfacet
facet normal 0.000303 -5.597274 -3.757203
outer loop
vertex -70.134862 -6.300000 -119.714998
vertex 70.134862 -5.200000 -119.714998
vertex 70.134862 -6.300000 -119.714998
endloop
endfacet
facet normal 0.042921 -5.710357 -3.522339
outer loop
vertex 70.134862 -6.300000 -119.714998
vertex 70.134862 -5.200000 -119.714998
vertex 70.869503 -6.300000 -119.690642
endloop
endfacet
facet normal 0.207403 -1.198078 -5.623368
outer loop
vertex 70.869503 -6.300000 -119.690642
vertex 70.134862 -5.200000 -119.714998
vertex 70.869503 -5.200000 -119.690642
endloop
endfacet
facet normal 0.298807 -5.163280 -3.894388
outer loop
vertex 70.869503 -6.300000 -119.690642
vertex 70.869503 -5.200000 -119.690642
vertex 71.600714 -6.300000 -119.617671
endloop
endfacet
facet normal 0.578765 -0.786941 -5.484899
outer loop
vertex 71.600714 -6.300000 -119.617671
vertex 70.869503 -5.200000 -119.690642
vertex 71.600714 -5.200000 -119.617671
endloop
endfacet
facet normal 0.553302 -5.173303 -3.840768
outer loop
vertex 71.600714 -6.300000 -119.617671
vertex 71.600714 -5.200000 -119.617671
vertex 72.325093 -6.300000 -119.496426
endloop
endfacet
facet normal 0.940222 -0.792664 -5.418983
outer loop
vertex 72.325093 -6.300000 -119.496426
vertex 71.600714 -5.200000 -119.617671
vertex 72.325093 -5.200000 -119.496426
endloop
endfacet
facet normal 0.801562 -5.184054 -3.767331
outer loop
vertex 72.325093 -6.300000 -119.496426
vertex 72.325093 -5.200000 -119.496426
vertex 73.039262 -6.300000 -119.327483
endloop
endfacet
facet normal 1.295346 -0.798650 -5.326815
outer loop
vertex 73.039262 -6.300000 -119.327483
vertex 72.325093 -5.200000 -119.496426
vertex 73.039262 -5.200000 -119.327483
endloop
endfacet
facet normal 1.042137 -5.195337 -3.675117
outer loop
vertex 73.039262 -6.300000 -119.327483
vertex 73.039262 -5.200000 -119.327483
vertex 73.739885 -6.300000 -119.111621
endloop
endfacet
facet normal 1.642365 -0.804803 -5.209183
outer loop
vertex 73.739885 -6.300000 -119.111621
vertex 73.039262 -5.200000 -119.327483
vertex 73.739885 -5.200000 -119.111621
endloop
endfacet
facet normal 1.273717 -5.206958 -3.565275
outer loop
vertex 73.739885 -6.300000 -119.111621
vertex 73.739885 -5.200000 -119.111621
vertex 74.423706 -6.300000 -118.849856
endloop
endfacet
facet normal 1.979588 -0.811015 -5.066993
outer loop
vertex 74.423706 -6.300000 -118.849856
vertex 73.739885 -5.200000 -119.111621
vertex 74.423706 -5.200000 -118.849856
endloop
endfacet
facet normal 1.495171 -5.218723 -3.439023
outer loop
vertex 74.423706 -6.300000 -118.849856
vertex 74.423706 -5.200000 -118.849856
vertex 75.087529 -6.300000 -118.543394
endloop
endfacet
facet normal 2.305408 -0.817201 -4.901276
outer loop
vertex 75.087529 -6.300000 -118.543394
vertex 74.423706 -5.200000 -118.849856
vertex 75.087529 -5.200000 -118.543394
endloop
endfacet
facet normal 1.705468 -5.230491 -3.297641
outer loop
vertex 75.087529 -6.300000 -118.543394
vertex 75.087529 -5.200000 -118.543394
vertex 75.728257 -6.300000 -118.193690
endloop
endfacet
facet normal 2.618359 -0.823304 -4.713114
outer loop
vertex 75.728257 -6.300000 -118.193690
vertex 75.087529 -5.200000 -118.543394
vertex 75.728257 -5.200000 -118.193690
endloop
endfacet
facet normal 1.903852 -5.242115 -3.142381
outer loop
vertex 75.728257 -6.300000 -118.193690
vertex 75.728257 -5.200000 -118.193690
vertex 76.342908 -6.300000 -117.802328
endloop
endfacet
facet normal 2.917091 -0.829255 -4.503699
outer loop
vertex 76.342908 -6.300000 -117.802328
vertex 75.728257 -5.200000 -118.193690
vertex 76.342908 -5.200000 -117.802328
endloop
endfacet
facet normal 2.089557 -5.253483 -2.974582
outer loop
vertex 76.342908 -6.300000 -117.802328
vertex 76.342908 -5.200000 -117.802328
vertex 76.928613 -6.300000 -117.371172
endloop
endfacet
facet normal 3.200249 -0.835002 -4.274318
outer loop
vertex 76.928613 -6.300000 -117.371172
vertex 76.342908 -5.200000 -117.802328
vertex 76.928613 -5.200000 -117.371172
endloop
endfacet
facet normal 2.262011 -5.264493 -2.795507
outer loop
vertex 76.928613 -6.300000 -117.371172
vertex 76.928613 -5.200000 -117.371172
vertex 77.482642 -6.300000 -116.902225
endloop
endfacet
facet normal 3.466703 -0.840488 -4.026245
outer loop
vertex 77.482642 -6.300000 -116.902225
vertex 76.928613 -5.200000 -117.371172
vertex 77.482642 -5.200000 -116.902225
endloop
endfacet
facet normal 2.420791 -5.275062 -2.606377
outer loop
vertex 77.482642 -6.300000 -116.902225
vertex 77.482642 -5.200000 -116.902225
vertex 78.002411 -6.300000 -116.397670
endloop
endfacet
facet normal 3.715393 -0.845686 -3.760830
outer loop
vertex 78.002411 -6.300000 -116.397670
vertex 77.482642 -5.200000 -116.902225
vertex 78.002411 -5.200000 -116.397670
endloop
endfacet
facet normal 2.565534 -5.285148 -2.408410
outer loop
vertex 78.002411 -6.300000 -116.397670
vertex 78.002411 -5.200000 -116.397670
vertex 78.485503 -6.300000 -115.859859
endloop
endfacet
facet normal 3.945355 -0.850569 -3.479447
outer loop
vertex 78.485503 -6.300000 -115.859859
vertex 78.002411 -5.200000 -116.397670
vertex 78.485503 -5.200000 -115.859859
endloop
endfacet
facet normal 2.695988 -5.294691 -2.202749
outer loop
vertex 78.485503 -6.300000 -115.859859
vertex 78.485503 -5.200000 -115.859859
vertex 78.929654 -6.300000 -115.291293
endloop
endfacet
facet normal 4.155699 -0.855130 -3.183551
outer loop
vertex 78.929654 -6.300000 -115.291293
vertex 78.485503 -5.200000 -115.859859
vertex 78.929654 -5.200000 -115.291293
endloop
endfacet
facet normal 2.811923 -5.303698 -1.990571
outer loop
vertex 78.929654 -6.300000 -115.291293
vertex 78.929654 -5.200000 -115.291293
vertex 79.332807 -6.300000 -114.694643
endloop
endfacet
facet normal 4.345639 -0.859372 -2.874593
outer loop
vertex 79.332807 -6.300000 -114.694643
vertex 78.929654 -5.200000 -115.291293
vertex 79.332807 -5.200000 -114.694643
endloop
endfacet
facet normal 2.913255 -5.312136 -1.772895
outer loop
vertex 79.332807 -6.300000 -114.694643
vertex 79.332807 -5.200000 -114.694643
vertex 79.693072 -6.300000 -114.072659
endloop
endfacet
facet normal 4.514516 -0.863269 -2.554020
outer loop
vertex 79.693072 -6.300000 -114.072659
vertex 79.332807 -5.200000 -114.694643
vertex 79.693072 -5.200000 -114.072659
endloop
endfacet
facet normal 2.999892 -5.320002 -1.550791
outer loop
vertex 79.693072 -6.300000 -114.072659
vertex 79.693072 -5.200000 -114.072659
vertex 80.008769 -6.300000 -113.428272
endloop
endfacet
facet normal 4.661697 -0.866826 -2.223378
outer loop
vertex 80.008769 -6.300000 -113.428272
vertex 79.693072 -5.200000 -114.072659
vertex 80.008769 -5.200000 -113.428272
endloop
endfacet
facet normal 3.071807 -5.327302 -1.325270
outer loop
vertex 80.008769 -6.300000 -113.428272
vertex 80.008769 -5.200000 -113.428272
vertex 80.278433 -6.300000 -112.764472
endloop
endfacet
facet normal 4.786687 -0.870049 -1.884181
outer loop
vertex 80.278433 -6.300000 -112.764472
vertex 80.008769 -5.200000 -113.428272
vertex 80.278433 -5.200000 -112.764472
endloop
endfacet
facet normal 3.129033 -5.334052 -1.097282
outer loop
vertex 80.278433 -6.300000 -112.764472
vertex 80.278433 -5.200000 -112.764472
vertex 80.500799 -6.300000 -112.084357
endloop
endfacet
facet normal 4.889076 -0.872957 -1.537962
outer loop
vertex 80.500799 -6.300000 -112.084357
vertex 80.278433 -5.200000 -112.764472
vertex 80.500799 -5.200000 -112.084357
endloop
endfacet
facet normal 3.171637 -5.340275 -0.867768
outer loop
vertex 80.500799 -6.300000 -112.084357
vertex 80.500799 -5.200000 -112.084357
vertex 80.674835 -6.300000 -111.391087
endloop
endfacet
facet normal 4.968538 -0.875553 -1.186294
outer loop
vertex 80.674835 -6.300000 -111.391087
vertex 80.500799 -5.200000 -112.084357
vertex 80.674835 -5.200000 -111.391087
endloop
endfacet
facet normal 3.199711 -5.345977 -0.637648
outer loop
vertex 80.674835 -6.300000 -111.391087
vertex 80.674835 -5.200000 -111.391087
vertex 80.799732 -6.300000 -110.687912
endloop
endfacet
facet normal 5.024831 -0.877829 -0.830744
outer loop
vertex 80.799732 -6.300000 -110.687912
vertex 80.674835 -5.200000 -111.391087
vertex 80.799732 -5.200000 -110.687912
endloop
endfacet
facet normal 3.213386 -5.351176 -0.407793
outer loop
vertex 80.799732 -6.300000 -110.687912
vertex 80.799732 -5.200000 -110.687912
vertex 80.874902 -6.300000 -109.978108
endloop
endfacet
facet normal 5.057823 -0.879816 -0.472866
outer loop
vertex 80.874902 -6.300000 -109.978108
vertex 80.799732 -5.200000 -110.687912
vertex 80.874902 -5.200000 -109.978108
endloop
endfacet
facet normal 3.068484 -5.385786 -0.173825
outer loop
vertex 80.874902 -6.300000 -109.978108
vertex 80.874902 -5.200000 -109.978108
vertex 80.899999 -6.300000 -109.264967
endloop
endfacet
facet normal 4.773476 -0.482134 -0.136431
outer loop
vertex 80.899999 -6.300000 -109.264967
vertex 80.874902 -5.200000 -109.978108
vertex 80.899999 -5.200000 -109.264967
endloop
endfacet
facet normal -0.301439 3.743837 -5.085761
outer loop
vertex -66.672620 -4.500000 -114.007632
vertex -66.145033 -4.500000 -114.032795
vertex -78.398654 -4.500000 -114.420331
endloop
endfacet
facet normal -0.019347 3.686735 -5.106554
outer loop
vertex -78.398654 -4.500000 -114.420331
vertex -66.145033 -4.500000 -114.032795
vertex 66.145033 -4.500000 -114.032795
endloop
endfacet
facet normal -0.002346 6.953653 -2.566245
outer loop
vertex -78.398654 -4.500000 -114.420331
vertex 66.145033 -4.500000 -114.032795
vertex 78.398654 -4.500000 -114.420331
endloop
endfacet
facet normal 0.218327 3.964801 -5.083034
outer loop
vertex 78.398654 -4.500000 -114.420331
vertex 66.145033 -4.500000 -114.032795
vertex 66.672620 -4.500000 -114.007632
endloop
endfacet
facet normal 0.598968 5.381224 -4.698626
outer loop
vertex 78.398654 -4.500000 -114.420331
vertex 66.672620 -4.500000 -114.007632
vertex 67.195120 -4.500000 -113.932399
endloop
endfacet
facet normal 0.601681 8.355439 -2.284882
outer loop
vertex 78.398654 -4.500000 -114.420331
vertex 67.195120 -4.500000 -113.932399
vertex 78.756470 -4.500000 -113.834922
endloop
endfacet
facet normal 1.250326 5.718515 -4.673482
outer loop
vertex 78.756470 -4.500000 -113.834922
vertex 67.195120 -4.500000 -113.932399
vertex 67.707513 -4.500000 -113.807805
endloop
endfacet
facet normal 1.746001 4.911409 -4.801359
outer loop
vertex 78.756470 -4.500000 -113.834922
vertex 67.707513 -4.500000 -113.807805
vertex 68.204855 -4.500000 -113.635065
endloop
endfacet
facet normal 1.994852 6.180910 -4.234907
outer loop
vertex 68.204855 -4.500000 -113.635065
vertex 68.682362 -4.500000 -113.415835
vertex 78.756470 -4.500000 -113.834922
endloop
endfacet
facet normal 1.336331 8.601936 -2.053247
outer loop
vertex 78.756470 -4.500000 -113.834922
vertex 68.682362 -4.500000 -113.415835
vertex 79.070351 -4.500000 -113.226223
endloop
endfacet
facet normal 2.391713 6.436624 -3.949551
outer loop
vertex 79.070351 -4.500000 -113.226223
vertex 68.682362 -4.500000 -113.415835
vertex 69.135430 -4.500000 -113.152226
endloop
endfacet
facet normal 2.679712 6.554382 -3.676613
outer loop
vertex 79.070351 -4.500000 -113.226223
vertex 69.135430 -4.500000 -113.152226
vertex 69.559701 -4.500000 -112.846770
endloop
endfacet
facet normal 1.636295 8.719937 -1.748990
outer loop
vertex 79.070351 -4.500000 -113.226223
vertex 69.559701 -4.500000 -112.846770
vertex 79.338695 -4.500000 -112.597333
endloop
endfacet
facet normal 2.993062 6.752462 -3.321428
outer loop
vertex 79.338695 -4.500000 -112.597333
vertex 69.559701 -4.500000 -112.846770
vertex 69.951088 -4.500000 -112.502428
endloop
endfacet
facet normal 3.224987 6.838612 -3.014514
outer loop
vertex 79.338695 -4.500000 -112.597333
vertex 69.951088 -4.500000 -112.502428
vertex 70.305819 -4.500000 -112.122497
endloop
endfacet
facet normal 1.911695 8.801476 -1.419303
outer loop
vertex 79.338695 -4.500000 -112.597333
vertex 70.305819 -4.500000 -112.122497
vertex 79.560142 -4.500000 -111.951471
endloop
endfacet
facet normal 3.227587 7.679549 -2.426912
outer loop
vertex 79.560142 -4.500000 -111.951471
vertex 70.305819 -4.500000 -112.122497
vertex 70.620475 -4.500000 -111.710645
endloop
endfacet
facet normal 2.010038 8.829772 -1.224093
outer loop
vertex 79.560142 -4.500000 -111.951471
vertex 70.620475 -4.500000 -111.710645
vertex 79.733562 -4.500000 -111.291916
endloop
endfacet
facet normal 3.672692 7.044584 -2.244465
outer loop
vertex 79.733562 -4.500000 -111.291916
vertex 70.620475 -4.500000 -111.710645
vertex 70.892037 -4.500000 -111.270839
endloop
endfacet
facet normal 3.821242 7.091973 -1.902716
outer loop
vertex 79.733562 -4.500000 -111.291916
vertex 70.892037 -4.500000 -111.270839
vertex 71.117878 -4.500000 -110.807303
endloop
endfacet
facet normal 2.077764 8.888413 -0.829602
outer loop
vertex 79.733562 -4.500000 -111.291916
vertex 71.117878 -4.500000 -110.807303
vertex 79.858063 -4.500000 -110.622037
endloop
endfacet
facet normal 3.930398 7.168231 -1.463982
outer loop
vertex 79.858063 -4.500000 -110.622037
vertex 71.117878 -4.500000 -110.807303
vertex 71.295832 -4.500000 -110.324524
endloop
endfacet
facet normal 4.365345 6.545755 -1.184180
outer loop
vertex 79.858063 -4.500000 -110.622037
vertex 71.295832 -4.500000 -110.324524
vertex 71.424177 -4.500000 -109.827134
endloop
endfacet
facet normal 4.098126 7.216398 -0.712862
outer loop
vertex 71.424177 -4.500000 -109.827134
vertex 71.501684 -4.500000 -109.319919
vertex 79.858063 -4.500000 -110.622037
endloop
endfacet
facet normal 2.252222 8.908031 -0.265018
outer loop
vertex 79.858063 -4.500000 -110.622037
vertex 71.501684 -4.500000 -109.319919
vertex 79.933024 -4.500000 -109.945231
endloop
endfacet
facet normal 4.355995 6.871922 -0.236662
outer loop
vertex 79.933024 -4.500000 -109.945231
vertex 71.501684 -4.500000 -109.319919
vertex 71.527602 -4.500000 -108.807780
endloop
endfacet
facet normal 2.688337 7.929967 -0.023140
outer loop
vertex 79.933024 -4.500000 -109.945231
vertex 71.527602 -4.500000 -108.807780
vertex 79.958048 -4.500000 -109.264967
endloop
endfacet
facet normal 3.671617 7.492184 -0.000153
outer loop
vertex 79.958048 -4.500000 -109.264967
vertex 71.527602 -4.500000 -108.807780
vertex 71.527602 -4.500000 107.965063
endloop
endfacet
facet normal 1.816590 9.486878 0.000167
outer loop
vertex 79.958048 -4.500000 -109.264967
vertex 71.527602 -4.500000 107.965063
vertex 79.958048 -4.500000 117.134971
endloop
endfacet
facet normal 3.786762 7.901693 0.177915
outer loop
vertex 79.958048 -4.500000 117.134971
vertex 71.527602 -4.500000 107.965063
vertex 71.501684 -4.500000 108.477212
endloop
endfacet
facet normal 4.567097 6.864147 0.558833
outer loop
vertex 79.958048 -4.500000 117.134971
vertex 71.501684 -4.500000 108.477212
vertex 71.424177 -4.500000 108.984418
endloop
endfacet
facet normal 4.415372 7.029945 0.955493
outer loop
vertex 71.424177 -4.500000 108.984418
vertex 71.295832 -4.500000 109.481807
vertex 79.958048 -4.500000 117.134971
endloop
endfacet
facet normal 4.246437 7.150412 1.333277
outer loop
vertex 79.958048 -4.500000 117.134971
vertex 71.295832 -4.500000 109.481807
vertex 71.117878 -4.500000 109.964596
endloop
endfacet
facet normal 4.062369 7.229698 1.694676
outer loop
vertex 79.958048 -4.500000 117.134971
vertex 71.117878 -4.500000 109.964596
vertex 70.892037 -4.500000 110.428122
endloop
endfacet
facet normal 2.495145 8.570398 1.133055
outer loop
vertex 70.892037 -4.500000 110.428122
vertex 70.620475 -4.500000 110.867928
vertex 79.958048 -4.500000 117.134971
endloop
endfacet
facet normal 0.784874 9.914083 0.236114
outer loop
vertex 79.958048 -4.500000 117.134971
vertex 70.620475 -4.500000 110.867928
vertex 78.398654 -4.500000 122.290335
endloop
endfacet
facet normal 1.524107 9.543213 0.627679
outer loop
vertex 79.958048 -4.500000 117.134971
vertex 78.398654 -4.500000 122.290335
vertex 78.756470 -4.500000 121.704927
endloop
endfacet
facet normal 1.062297 9.763588 0.864448
outer loop
vertex 70.305819 -4.500000 111.279780
vertex 76.567682 -4.500000 124.341532
vertex 70.620475 -4.500000 110.867928
endloop
endfacet
facet normal 0.571230 9.943666 0.497357
outer loop
vertex 70.620475 -4.500000 110.867928
vertex 76.567682 -4.500000 124.341532
vertex 77.080906 -4.500000 123.877698
endloop
endfacet
facet normal 0.635483 9.936753 0.522003
outer loop
vertex 70.620475 -4.500000 110.867928
vertex 77.080906 -4.500000 123.877698
vertex 77.558731 -4.500000 123.379491
endloop
endfacet
facet normal 1.469926 9.499173 1.418224
outer loop
vertex 69.951088 -4.500000 111.659711
vertex 74.842618 -4.500000 125.504207
vertex 70.305819 -4.500000 111.279780
endloop
endfacet
facet normal 0.851593 9.785222 0.872263
outer loop
vertex 70.305819 -4.500000 111.279780
vertex 74.842618 -4.500000 125.504207
vertex 75.445678 -4.500000 125.156875
endloop
endfacet
facet normal 0.904489 9.779370 0.904789
outer loop
vertex 70.305819 -4.500000 111.279780
vertex 75.445678 -4.500000 125.156875
vertex 76.021682 -4.500000 124.768652
endloop
endfacet
facet normal 1.455373 9.397822 1.694437
outer loop
vertex 69.559701 -4.500000 112.004064
vertex 73.567717 -4.500000 126.069395
vertex 69.951088 -4.500000 111.659711
endloop
endfacet
facet normal 0.885773 9.681040 1.094195
outer loop
vertex 69.951088 -4.500000 111.659711
vertex 73.567717 -4.500000 126.069395
vertex 74.215564 -4.500000 125.808905
endloop
endfacet
facet normal 0.907544 9.680894 1.085641
outer loop
vertex 69.951088 -4.500000 111.659711
vertex 74.215564 -4.500000 125.808905
vertex 74.842618 -4.500000 125.504207
endloop
endfacet
facet normal 1.279484 9.398355 1.834754
outer loop
vertex 69.135430 -4.500000 112.309509
vertex 72.222932 -4.500000 126.452704
vertex 69.559701 -4.500000 112.004064
endloop
endfacet
facet normal 0.758495 9.684240 1.178812
outer loop
vertex 69.559701 -4.500000 112.004064
vertex 72.222932 -4.500000 126.452704
vertex 72.902375 -4.500000 126.284360
endloop
endfacet
facet normal 0.780588 9.684261 1.171701
outer loop
vertex 69.559701 -4.500000 112.004064
vertex 72.902375 -4.500000 126.284360
vertex 73.567717 -4.500000 126.069395
endloop
endfacet
facet normal 1.251575 9.157188 2.252954
outer loop
vertex 68.682362 -4.500000 112.573128
vertex 70.835644 -4.500000 126.646332
vertex 69.135430 -4.500000 112.309509
endloop
endfacet
facet normal 0.629687 9.681163 1.260142
outer loop
vertex 69.135430 -4.500000 112.309509
vertex 70.835644 -4.500000 126.646332
vertex 71.532848 -4.500000 126.573561
endloop
endfacet
facet normal 0.652412 9.681350 1.254397
outer loop
vertex 69.135430 -4.500000 112.309509
vertex 71.532848 -4.500000 126.573561
vertex 72.222932 -4.500000 126.452704
endloop
endfacet
facet normal 0.668553 9.453745 1.470984
outer loop
vertex 70.835644 -4.500000 126.646332
vertex 68.682362 -4.500000 112.573128
vertex 70.134862 -4.500000 126.670619
endloop
endfacet
facet normal 1.379542 8.386402 3.021674
outer loop
vertex 70.134862 -4.500000 126.670619
vertex 68.682362 -4.500000 112.573128
vertex 68.204855 -4.500000 112.792348
endloop
endfacet
facet normal 1.277154 7.871483 3.579011
outer loop
vertex 70.134862 -4.500000 126.670619
vertex 68.204855 -4.500000 112.792348
vertex 67.707513 -4.500000 112.965098
endloop
endfacet
facet normal 0.932743 7.901451 3.670646
outer loop
vertex 67.707513 -4.500000 112.965098
vertex 67.195120 -4.500000 113.089682
vertex 70.134862 -4.500000 126.670619
endloop
endfacet
facet normal 0.586910 7.898877 3.749478
outer loop
vertex 70.134862 -4.500000 126.670619
vertex 67.195120 -4.500000 113.089682
vertex 66.672620 -4.500000 113.164925
endloop
endfacet
facet normal 0.207050 7.499923 4.038113
outer loop
vertex 70.134862 -4.500000 126.670619
vertex 66.672620 -4.500000 113.164925
vertex 66.145033 -4.500000 113.190079
endloop
endfacet
facet normal 0.000274 8.381937 2.997877
outer loop
vertex 66.145033 -4.500000 113.190079
vertex -66.145033 -4.500000 113.190079
vertex 70.134862 -4.500000 126.670619
endloop
endfacet
facet normal -0.000176 9.802303 1.198285
outer loop
vertex 70.134862 -4.500000 126.670619
vertex -66.145033 -4.500000 113.190079
vertex -70.134862 -4.500000 126.670619
endloop
endfacet
facet normal -0.018822 9.790157 1.345569
outer loop
vertex -70.134862 -4.500000 126.670619
vertex -66.145033 -4.500000 113.190079
vertex -70.835644 -4.500000 126.646332
endloop
endfacet
facet normal -0.052698 9.800097 1.270423
outer loop
vertex -70.835644 -4.500000 126.646332
vertex -66.145033 -4.500000 113.190079
vertex -71.532848 -4.500000 126.573561
endloop
endfacet
facet normal -0.082752 9.800920 1.258659
outer loop
vertex -71.532848 -4.500000 126.573561
vertex -66.145033 -4.500000 113.190079
vertex -72.222932 -4.500000 126.452704
endloop
endfacet
facet normal -0.111681 9.801630 1.245692
outer loop
vertex -72.222932 -4.500000 126.452704
vertex -66.145033 -4.500000 113.190079
vertex -72.902375 -4.500000 126.284360
endloop
endfacet
facet normal -0.139515 9.802234 1.231578
outer loop
vertex -72.902375 -4.500000 126.284360
vertex -66.145033 -4.500000 113.190079
vertex -73.567717 -4.500000 126.069395
endloop
endfacet
facet normal -0.166291 9.802739 1.216360
outer loop
vertex -73.567717 -4.500000 126.069395
vertex -66.145033 -4.500000 113.190079
vertex -74.215564 -4.500000 125.808905
endloop
endfacet
facet normal -0.192032 9.803151 1.200073
outer loop
vertex -74.215564 -4.500000 125.808905
vertex -66.145033 -4.500000 113.190079
vertex -74.842618 -4.500000 125.504207
endloop
endfacet
facet normal -0.216763 9.803473 1.182746
outer loop
vertex -74.842618 -4.500000 125.504207
vertex -66.145033 -4.500000 113.190079
vertex -75.445678 -4.500000 125.156875
endloop
endfacet
facet normal -0.135913 9.815323 1.021104
outer loop
vertex -75.445678 -4.500000 125.156875
vertex -66.145033 -4.500000 113.190079
vertex -76.021682 -4.500000 124.768652
endloop
endfacet
facet normal -0.248369 9.813375 0.839121
outer loop
vertex -76.021682 -4.500000 124.768652
vertex -66.145033 -4.500000 113.190079
vertex -79.958048 -4.500000 117.134971
endloop
endfacet
facet normal -0.711073 9.847430 0.578451
outer loop
vertex -76.021682 -4.500000 124.768652
vertex -79.958048 -4.500000 117.134971
vertex -76.567682 -4.500000 124.341532
endloop
endfacet
facet normal -1.242567 9.677361 1.118700
outer loop
vertex -76.567682 -4.500000 124.341532
vertex -79.958048 -4.500000 117.134971
vertex -77.080906 -4.500000 123.877698
endloop
endfacet
facet normal -1.435000 9.604306 1.155810
outer loop
vertex -77.080906 -4.500000 123.877698
vertex -79.958048 -4.500000 117.134971
vertex -77.558731 -4.500000 123.379491
endloop
endfacet
facet normal -1.652649 9.511916 1.183109
outer loop
vertex -77.558731 -4.500000 123.379491
vertex -79.958048 -4.500000 117.134971
vertex -77.998730 -4.500000 122.849474
endloop
endfacet
facet normal -1.895524 9.396273 1.195733
outer loop
vertex -77.998730 -4.500000 122.849474
vertex -79.958048 -4.500000 117.134971
vertex -78.398654 -4.500000 122.290335
endloop
endfacet
facet normal -2.161165 9.254125 1.187666
outer loop
vertex -78.398654 -4.500000 122.290335
vertex -79.958048 -4.500000 117.134971
vertex -78.756470 -4.500000 121.704927
endloop
endfacet
facet normal -2.443550 9.084281 1.152105
outer loop
vertex -78.756470 -4.500000 121.704927
vertex -79.958048 -4.500000 117.134971
vertex -79.070351 -4.500000 121.096228
endloop
endfacet
facet normal -2.732276 8.889552 1.082361
outer loop
vertex -79.070351 -4.500000 121.096228
vertex -79.958048 -4.500000 117.134971
vertex -79.338695 -4.500000 120.467338
endloop
endfacet
facet normal -3.012629 8.678744 0.973242
outer loop
vertex -79.338695 -4.500000 120.467338
vertex -79.958048 -4.500000 117.134971
vertex -79.560142 -4.500000 119.821476
endloop
endfacet
facet normal -3.266991 8.467638 0.822683
outer loop
vertex -79.560142 -4.500000 119.821476
vertex -79.958048 -4.500000 117.134971
vertex -79.733562 -4.500000 119.161921
endloop
endfacet
facet normal -3.477316 8.277929 0.632986
outer loop
vertex -79.733562 -4.500000 119.161921
vertex -79.958048 -4.500000 117.134971
vertex -79.858063 -4.500000 118.492031
endloop
endfacet
facet normal -3.627993 8.133486 0.411098
outer loop
vertex -79.858063 -4.500000 118.492031
vertex -79.958048 -4.500000 117.134971
vertex -79.933024 -4.500000 117.815235
endloop
endfacet
facet normal -0.417716 7.595051 3.206688
outer loop
vertex -66.145033 -4.500000 113.190079
vertex -66.672620 -4.500000 113.164925
vertex -79.958048 -4.500000 117.134971
endloop
endfacet
facet normal -0.824273 5.762113 4.699651
outer loop
vertex -79.958048 -4.500000 117.134971
vertex -66.672620 -4.500000 113.164925
vertex -67.195120 -4.500000 113.089682
endloop
endfacet
facet normal -1.240323 6.153308 4.491860
outer loop
vertex -79.958048 -4.500000 117.134971
vertex -67.195120 -4.500000 113.089682
vertex -67.707513 -4.500000 112.965098
endloop
endfacet
facet normal -1.624497 6.475959 4.250931
outer loop
vertex -67.707513 -4.500000 112.965098
vertex -68.204855 -4.500000 112.792348
vertex -79.958048 -4.500000 117.134971
endloop
endfacet
facet normal -1.977523 6.736359 3.986898
outer loop
vertex -79.958048 -4.500000 117.134971
vertex -68.204855 -4.500000 112.792348
vertex -68.682362 -4.500000 112.573128
endloop
endfacet
facet normal -2.301743 6.941204 3.706748
outer loop
vertex -79.958048 -4.500000 117.134971
vertex -68.682362 -4.500000 112.573128
vertex -69.135430 -4.500000 112.309509
endloop
endfacet
facet normal -2.600171 7.096631 3.414925
outer loop
vertex -69.135430 -4.500000 112.309509
vertex -69.559701 -4.500000 112.004064
vertex -79.958048 -4.500000 117.134971
endloop
endfacet
facet normal -2.875946 7.207753 3.113799
outer loop
vertex -79.958048 -4.500000 117.134971
vertex -69.559701 -4.500000 112.004064
vertex -69.951088 -4.500000 111.659711
endloop
endfacet
facet normal -3.132033 7.278419 2.804145
outer loop
vertex -79.958048 -4.500000 117.134971
vertex -69.951088 -4.500000 111.659711
vertex -70.305819 -4.500000 111.279780
endloop
endfacet
facet normal -3.370880 7.311156 2.485613
outer loop
vertex -70.305819 -4.500000 111.279780
vertex -70.620475 -4.500000 110.867928
vertex -79.958048 -4.500000 117.134971
endloop
endfacet
facet normal -3.594376 7.307139 2.156967
outer loop
vertex -79.958048 -4.500000 117.134971
vertex -70.620475 -4.500000 110.867928
vertex -70.892037 -4.500000 110.428122
endloop
endfacet
facet normal -3.803699 7.266227 1.816304
outer loop
vertex -79.958048 -4.500000 117.134971
vertex -70.892037 -4.500000 110.428122
vertex -71.117878 -4.500000 109.964596
endloop
endfacet
facet normal -3.999159 7.186938 1.461302
outer loop
vertex -71.117878 -4.500000 109.964596
vertex -71.295832 -4.500000 109.481807
vertex -79.958048 -4.500000 117.134971
endloop
endfacet
facet normal -4.180014 7.066465 1.089419
outer loop
vertex -79.958048 -4.500000 117.134971
vertex -71.295832 -4.500000 109.481807
vertex -71.424177 -4.500000 108.984418
endloop
endfacet
facet normal -4.344258 6.900681 0.698091
outer loop
vertex -79.958048 -4.500000 117.134971
vertex -71.424177 -4.500000 108.984418
vertex -71.501684 -4.500000 108.477212
endloop
endfacet
facet normal -4.209071 7.225702 0.248878
outer loop
vertex -71.501684 -4.500000 108.477212
vertex -71.527602 -4.500000 107.965063
vertex -79.958048 -4.500000 117.134971
endloop
endfacet
facet normal -2.364111 8.798398 0.000247
outer loop
vertex -79.958048 -4.500000 117.134971
vertex -71.527602 -4.500000 107.965063
vertex -79.958048 -4.500000 -109.264967
endloop
endfacet
facet normal -4.038401 7.616042 -0.000030
outer loop
vertex -79.958048 -4.500000 -109.264967
vertex -71.527602 -4.500000 107.965063
vertex -71.527602 -4.500000 -108.807780
endloop
endfacet
facet normal -3.962543 7.721538 -0.153021
outer loop
vertex -79.958048 -4.500000 -109.264967
vertex -71.527602 -4.500000 -108.807780
vertex -71.501684 -4.500000 -109.319919
endloop
endfacet
facet normal -2.278851 8.904946 -0.171219
outer loop
vertex -79.958048 -4.500000 -109.264967
vertex -71.501684 -4.500000 -109.319919
vertex -79.933024 -4.500000 -109.945231
endloop
endfacet
facet normal -4.159231 7.201559 -0.570968
outer loop
vertex -79.933024 -4.500000 -109.945231
vertex -71.501684 -4.500000 -109.319919
vertex -71.424177 -4.500000 -109.827134
endloop
endfacet
facet normal -4.104213 7.188426 -0.934119
outer loop
vertex -79.933024 -4.500000 -109.945231
vertex -71.424177 -4.500000 -109.827134
vertex -71.295832 -4.500000 -110.324524
endloop
endfacet
facet normal -2.238492 8.889272 -0.576628
outer loop
vertex -79.933024 -4.500000 -109.945231
vertex -71.295832 -4.500000 -110.324524
vertex -79.858063 -4.500000 -110.622037
endloop
endfacet
facet normal -3.724466 7.813156 -1.251610
outer loop
vertex -79.858063 -4.500000 -110.622037
vertex -71.295832 -4.500000 -110.324524
vertex -71.117878 -4.500000 -110.807303
endloop
endfacet
facet normal -2.187014 8.877621 -0.786182
outer loop
vertex -79.858063 -4.500000 -110.622037
vertex -71.117878 -4.500000 -110.807303
vertex -79.733562 -4.500000 -111.291916
endloop
endfacet
facet normal -3.878178 7.091977 -1.780129
outer loop
vertex -79.733562 -4.500000 -111.291916
vertex -71.117878 -4.500000 -110.807303
vertex -70.892037 -4.500000 -111.270839
endloop
endfacet
facet normal -3.740575 7.044578 -2.126707
outer loop
vertex -79.733562 -4.500000 -111.291916
vertex -70.892037 -4.500000 -111.270839
vertex -70.620475 -4.500000 -111.710645
endloop
endfacet
facet normal -2.043929 8.829770 -1.171845
outer loop
vertex -79.733562 -4.500000 -111.291916
vertex -70.620475 -4.500000 -111.710645
vertex -79.560142 -4.500000 -111.951471
endloop
endfacet
facet normal -3.300544 7.679550 -2.325622
outer loop
vertex -79.560142 -4.500000 -111.951471
vertex -70.620475 -4.500000 -111.710645
vertex -70.305819 -4.500000 -112.122497
endloop
endfacet
facet normal -1.950761 8.801479 -1.370261
outer loop
vertex -79.560142 -4.500000 -111.951471
vertex -70.305819 -4.500000 -112.122497
vertex -79.338695 -4.500000 -112.597333
endloop
endfacet
facet normal -3.316504 6.838613 -2.911441
outer loop
vertex -79.338695 -4.500000 -112.597333
vertex -70.305819 -4.500000 -112.122497
vertex -69.951088 -4.500000 -112.502428
endloop
endfacet
facet normal -3.094448 6.752464 -3.226022
outer loop
vertex -79.338695 -4.500000 -112.597333
vertex -69.951088 -4.500000 -112.502428
vertex -69.559701 -4.500000 -112.846770
endloop
endfacet
facet normal -1.685230 8.719942 -1.707616
outer loop
vertex -79.338695 -4.500000 -112.597333
vertex -69.559701 -4.500000 -112.846770
vertex -79.070351 -4.500000 -113.226223
endloop
endfacet
facet normal -2.791936 6.554383 -3.591676
outer loop
vertex -79.070351 -4.500000 -113.226223
vertex -69.559701 -4.500000 -112.846770
vertex -69.135430 -4.500000 -113.152226
endloop
endfacet
facet normal -2.512779 6.436623 -3.874173
outer loop
vertex -79.070351 -4.500000 -113.226223
vertex -69.135430 -4.500000 -113.152226
vertex -68.682362 -4.500000 -113.415835
endloop
endfacet
facet normal -1.394108 8.601939 -2.021432
outer loop
vertex -79.070351 -4.500000 -113.226223
vertex -68.682362 -4.500000 -113.415835
vertex -78.756470 -4.500000 -113.834922
endloop
endfacet
facet normal -2.124812 6.180912 -4.172292
outer loop
vertex -78.756470 -4.500000 -113.834922
vertex -68.682362 -4.500000 -113.415835
vertex -68.204855 -4.500000 -113.635065
endloop
endfacet
facet normal -1.894087 4.911410 -4.746840
outer loop
vertex -78.756470 -4.500000 -113.834922
vertex -68.204855 -4.500000 -113.635065
vertex -67.707513 -4.500000 -113.807805
endloop
endfacet
facet normal -1.394623 5.718512 -4.635751
outer loop
vertex -67.707513 -4.500000 -113.807805
vertex -67.195120 -4.500000 -113.932399
vertex -78.756470 -4.500000 -113.834922
endloop
endfacet
facet normal -0.672902 8.355395 -2.272755
outer loop
vertex -78.756470 -4.500000 -113.834922
vertex -67.195120 -4.500000 -113.932399
vertex -78.398654 -4.500000 -114.420331
endloop
endfacet
facet normal -0.750473 5.381180 -4.678354
outer loop
vertex -78.398654 -4.500000 -114.420331
vertex -67.195120 -4.500000 -113.932399
vertex -66.672620 -4.500000 -114.007632
endloop
endfacet
facet normal -0.017731 9.999656 -0.035455
outer loop
vertex -78.398654 -4.500000 -114.420331
vertex 78.398654 -4.500000 -114.420331
vertex -77.998730 -4.500000 -114.979459
endloop
endfacet
facet normal 0.016837 9.999702 -0.034348
outer loop
vertex -77.998730 -4.500000 -114.979459
vertex 78.398654 -4.500000 -114.420331
vertex 77.998730 -4.500000 -114.979459
endloop
endfacet
facet normal -0.014647 9.999700 -0.036724
outer loop
vertex -77.998730 -4.500000 -114.979459
vertex 77.998730 -4.500000 -114.979459
vertex -77.558731 -4.500000 -115.509497
endloop
endfacet
facet normal 0.015592 9.999683 -0.038899
outer loop
vertex -77.558731 -4.500000 -115.509497
vertex 77.998730 -4.500000 -114.979459
vertex 77.558731 -4.500000 -115.509497
endloop
endfacet
facet normal -0.014669 9.999658 -0.042599
outer loop
vertex -77.558731 -4.500000 -115.509497
vertex 77.558731 -4.500000 -115.509497
vertex -77.080906 -4.500000 -116.007693
endloop
endfacet
facet normal 0.015761 9.999635 -0.045140
outer loop
vertex -77.080906 -4.500000 -116.007693
vertex 77.558731 -4.500000 -115.509497
vertex 77.080906 -4.500000 -116.007693
endloop
endfacet
facet normal -0.014692 9.999603 -0.049353
outer loop
vertex -77.080906 -4.500000 -116.007693
vertex 77.080906 -4.500000 -116.007693
vertex -76.567682 -4.500000 -116.471538
endloop
endfacet
facet normal 0.015951 9.999572 -0.052373
outer loop
vertex -76.567682 -4.500000 -116.471538
vertex 77.080906 -4.500000 -116.007693
vertex 76.567682 -4.500000 -116.471538
endloop
endfacet
facet normal -0.014712 9.999528 -0.057269
outer loop
vertex -76.567682 -4.500000 -116.471538
vertex 76.567682 -4.500000 -116.471538
vertex -76.021682 -4.500000 -116.898657
endloop
endfacet
facet normal 0.016167 9.999485 -0.060932
outer loop
vertex -76.021682 -4.500000 -116.898657
vertex 76.567682 -4.500000 -116.471538
vertex 76.021682 -4.500000 -116.898657
endloop
endfacet
facet normal -0.014727 9.999424 -0.066756
outer loop
vertex -76.021682 -4.500000 -116.898657
vertex 76.021682 -4.500000 -116.898657
vertex -75.445678 -4.500000 -117.286870
endloop
endfacet
facet normal 0.016415 9.999364 -0.071304
outer loop
vertex -75.445678 -4.500000 -117.286870
vertex 76.021682 -4.500000 -116.898657
vertex 75.445678 -4.500000 -117.286870
endloop
endfacet
facet normal -0.014728 9.999275 -0.078432
outer loop
vertex -75.445678 -4.500000 -117.286870
vertex 75.445678 -4.500000 -117.286870
vertex -74.842618 -4.500000 -117.634212
endloop
endfacet
facet normal 0.016704 9.999187 -0.084244
outer loop
vertex -74.842618 -4.500000 -117.634212
vertex 75.445678 -4.500000 -117.286870
vertex 74.842618 -4.500000 -117.634212
endloop
endfacet
facet normal -0.014707 9.999053 -0.093279
outer loop
vertex -74.842618 -4.500000 -117.634212
vertex 74.842618 -4.500000 -117.634212
vertex -74.215564 -4.500000 -117.938901
endloop
endfacet
facet normal 0.017049 9.998916 -0.100981
outer loop
vertex -74.215564 -4.500000 -117.938901
vertex 74.842618 -4.500000 -117.634212
vertex 74.215564 -4.500000 -117.938901
endloop
endfacet
facet normal -0.014647 9.998699 -0.112965
outer loop
vertex -74.215564 -4.500000 -117.938901
vertex 74.215564 -4.500000 -117.938901
vertex -73.567717 -4.500000 -118.199400
endloop
endfacet
facet normal 0.017479 9.998471 -0.123675
outer loop
vertex -73.567717 -4.500000 -118.199400
vertex 74.215564 -4.500000 -117.938901
vertex 73.567717 -4.500000 -118.199400
endloop
endfacet
facet normal -0.014519 9.998089 -0.140579
outer loop
vertex -73.567717 -4.500000 -118.199400
vertex 73.567717 -4.500000 -118.199400
vertex -72.902375 -4.500000 -118.414365
endloop
endfacet
facet normal 0.018046 9.997667 -0.156521
outer loop
vertex -72.902375 -4.500000 -118.414365
vertex 73.567717 -4.500000 -118.199400
vertex 72.902375 -4.500000 -118.414365
endloop
endfacet
facet normal -0.014261 9.996900 -0.182586
outer loop
vertex -72.902375 -4.500000 -118.414365
vertex 72.902375 -4.500000 -118.414365
vertex -72.222932 -4.500000 -118.582700
endloop
endfacet
facet normal 0.018870 9.995987 -0.208892
outer loop
vertex -72.222932 -4.500000 -118.582700
vertex 72.902375 -4.500000 -118.414365
vertex 72.222932 -4.500000 -118.582700
endloop
endfacet
facet normal -0.013722 9.994068 -0.255305
outer loop
vertex -72.222932 -4.500000 -118.582700
vertex 72.222932 -4.500000 -118.582700
vertex -71.532848 -4.500000 -118.703566
endloop
endfacet
facet normal 0.020291 9.991457 -0.307263
outer loop
vertex -71.532848 -4.500000 -118.703566
vertex 72.222932 -4.500000 -118.582700
vertex 71.532848 -4.500000 -118.703566
endloop
endfacet
facet normal -0.012368 9.983877 -0.417339
outer loop
vertex -71.532848 -4.500000 -118.703566
vertex 71.532848 -4.500000 -118.703566
vertex -70.835644 -4.500000 -118.776328
endloop
endfacet
facet normal 0.023861 9.969464 -0.571435
outer loop
vertex -70.835644 -4.500000 -118.776328
vertex 71.532848 -4.500000 -118.703566
vertex 70.835644 -4.500000 -118.776328
endloop
endfacet
facet normal 0.004896 9.057030 -2.205654
outer loop
vertex -70.835644 -4.500000 -118.776328
vertex 70.835644 -4.500000 -118.776328
vertex -70.134862 -4.500000 -118.800624
endloop
endfacet
facet normal 0.020355 8.105430 -3.808471
outer loop
vertex -70.134862 -4.500000 -118.800624
vertex 70.835644 -4.500000 -118.776328
vertex 70.134862 -4.500000 -118.800624
endloop
endfacet
facet normal 0.898518 9.784306 0.849658
outer loop
vertex 76.021682 -4.500000 124.768652
vertex 76.567682 -4.500000 124.341532
vertex 70.305819 -4.500000 111.279780
endloop
endfacet
facet normal 0.665674 9.935295 0.504055
outer loop
vertex 77.558731 -4.500000 123.379491
vertex 77.998730 -4.500000 122.849474
vertex 70.620475 -4.500000 110.867928
endloop
endfacet
facet normal 0.547131 9.948912 0.384739
outer loop
vertex 70.620475 -4.500000 110.867928
vertex 77.998730 -4.500000 122.849474
vertex 78.398654 -4.500000 122.290335
endloop
endfacet
facet normal 2.646407 9.047756 1.152103
outer loop
vertex 78.756470 -4.500000 121.704927
vertex 79.070351 -4.500000 121.096228
vertex 79.958048 -4.500000 117.134971
endloop
endfacet
facet normal 2.935133 8.853026 1.082358
outer loop
vertex 79.958048 -4.500000 117.134971
vertex 79.070351 -4.500000 121.096228
vertex 79.338695 -4.500000 120.467338
endloop
endfacet
facet normal 3.215485 8.642218 0.973240
outer loop
vertex 79.958048 -4.500000 117.134971
vertex 79.338695 -4.500000 120.467338
vertex 79.560142 -4.500000 119.821476
endloop
endfacet
facet normal 3.469847 8.431112 0.822681
outer loop
vertex 79.560142 -4.500000 119.821476
vertex 79.733562 -4.500000 119.161921
vertex 79.958048 -4.500000 117.134971
endloop
endfacet
facet normal 3.680173 8.241403 0.632984
outer loop
vertex 79.958048 -4.500000 117.134971
vertex 79.733562 -4.500000 119.161921
vertex 79.858063 -4.500000 118.492031
endloop
endfacet
facet normal 3.830849 8.096961 0.411095
outer loop
vertex 79.958048 -4.500000 117.134971
vertex 79.858063 -4.500000 118.492031
vertex 79.933024 -4.500000 117.815235
endloop
endfacet
facet normal -5.887541 5.994554 -0.153253
outer loop
vertex -71.527602 -4.500000 -108.807780
vertex -71.527602 3.000000 -108.807780
vertex -71.501684 -4.500000 -109.319919
endloop
endfacet
facet normal -6.447326 3.863286 -0.444694
outer loop
vertex -71.501684 -4.500000 -109.319919
vertex -71.527602 3.000000 -108.807780
vertex -71.501684 3.000000 -109.319919
endloop
endfacet
facet normal -6.402709 3.886883 -0.844211
outer loop
vertex -71.501684 -4.500000 -109.319919
vertex -71.501684 3.000000 -109.319919
vertex -71.424177 -4.500000 -109.827134
endloop
endfacet
facet normal -7.015091 1.641049 -1.230177
outer loop
vertex -71.424177 -4.500000 -109.827134
vertex -71.501684 3.000000 -109.319919
vertex -71.424177 3.000000 -109.827134
endloop
endfacet
facet normal -6.308036 3.890814 -1.454427
outer loop
vertex -71.424177 -4.500000 -109.827134
vertex -71.424177 3.000000 -109.827134
vertex -71.295832 -4.500000 -110.324524
endloop
endfacet
facet normal -6.533179 2.329262 -1.835207
outer loop
vertex -71.295832 -4.500000 -110.324524
vertex -71.424177 3.000000 -109.827134
vertex -71.295832 3.000000 -110.324524
endloop
endfacet
facet normal -5.815329 4.550759 -1.989881
outer loop
vertex -71.295832 -4.500000 -110.324524
vertex -71.295832 3.000000 -110.324524
vertex -71.117878 -4.500000 -110.807303
endloop
endfacet
facet normal -6.333404 2.385458 -2.488595
outer loop
vertex -71.117878 -4.500000 -110.807303
vertex -71.295832 3.000000 -110.324524
vertex -71.117878 3.000000 -110.807303
endloop
endfacet
facet normal -5.933706 3.862212 -2.744271
outer loop
vertex -71.117878 -4.500000 -110.807303
vertex -71.117878 3.000000 -110.807303
vertex -70.892037 -4.500000 -111.270839
endloop
endfacet
facet normal -6.393632 1.757749 -3.289386
outer loop
vertex -70.892037 -4.500000 -111.270839
vertex -71.117878 3.000000 -110.807303
vertex -70.892037 3.000000 -111.270839
endloop
endfacet
facet normal -5.687504 3.864446 -3.314738
outer loop
vertex -70.892037 -4.500000 -111.270839
vertex -70.892037 3.000000 -111.270839
vertex -70.620475 -4.500000 -111.710645
endloop
endfacet
facet normal -5.762313 2.536026 -3.728170
outer loop
vertex -70.620475 -4.500000 -111.710645
vertex -70.892037 3.000000 -111.270839
vertex -70.620475 3.000000 -111.710645
endloop
endfacet
facet normal -5.072000 4.565939 -3.693917
outer loop
vertex -70.620475 -4.500000 -111.710645
vertex -70.620475 3.000000 -111.710645
vertex -70.305819 -4.500000 -112.122497
endloop
endfacet
facet normal -5.388960 2.637186 -4.299518
outer loop
vertex -70.305819 -4.500000 -112.122497
vertex -70.620475 3.000000 -111.710645
vertex -70.305819 3.000000 -112.122497
endloop
endfacet
facet normal -4.983247 3.787932 -4.472404
outer loop
vertex -70.305819 -4.500000 -112.122497
vertex -70.305819 3.000000 -112.122497
vertex -69.951088 -4.500000 -112.502428
endloop
endfacet
facet normal -5.223653 1.963439 -5.092001
outer loop
vertex -69.951088 -4.500000 -112.502428
vertex -70.305819 3.000000 -112.122497
vertex -69.951088 3.000000 -112.502428
endloop
endfacet
facet normal -4.591852 3.778892 -4.965264
outer loop
vertex -69.951088 -4.500000 -112.502428
vertex -69.951088 3.000000 -112.502428
vertex -69.559701 -4.500000 -112.846770
endloop
endfacet
facet normal -4.491429 2.858431 -5.324868
outer loop
vertex -69.559701 -4.500000 -112.846770
vertex -69.951088 3.000000 -112.502428
vertex -69.559701 3.000000 -112.846770
endloop
endfacet
facet normal -4.100731 3.666444 -5.469686
outer loop
vertex -69.559701 -4.500000 -112.846770
vertex -69.559701 3.000000 -112.846770
vertex -69.135430 -4.500000 -113.152226
endloop
endfacet
facet normal -4.175653 2.103083 -6.069251
outer loop
vertex -69.135430 -4.500000 -113.152226
vertex -69.559701 3.000000 -112.846770
vertex -69.135430 3.000000 -113.152226
endloop
endfacet
facet normal -3.620371 3.639250 -5.888443
outer loop
vertex -69.135430 -4.500000 -113.152226
vertex -69.135430 3.000000 -113.152226
vertex -68.682362 -4.500000 -113.415835
endloop
endfacet
facet normal -3.409966 3.101650 -6.150618
outer loop
vertex -68.682362 -4.500000 -113.415835
vertex -69.135430 3.000000 -113.152226
vertex -68.682362 3.000000 -113.415835
endloop
endfacet
facet normal -3.033077 3.477996 -6.287209
outer loop
vertex -68.682362 -4.500000 -113.415835
vertex -68.682362 3.000000 -113.415835
vertex -68.204855 -4.500000 -113.635065
endloop
endfacet
facet normal -2.950470 2.226727 -6.803954
outer loop
vertex -68.204855 -4.500000 -113.635065
vertex -68.682362 3.000000 -113.415835
vertex -68.204855 3.000000 -113.635065
endloop
endfacet
facet normal -2.579230 2.307396 -6.948989
outer loop
vertex -68.204855 -4.500000 -113.635065
vertex -68.204855 3.000000 -113.635065
vertex -67.707513 -4.500000 -113.807805
endloop
endfacet
facet normal -2.289749 2.226318 -7.073170
outer loop
vertex -67.707513 -4.500000 -113.807805
vertex -68.204855 3.000000 -113.635065
vertex -67.707513 3.000000 -113.807805
endloop
endfacet
facet normal -1.850083 3.215434 -6.898994
outer loop
vertex -67.707513 -4.500000 -113.807805
vertex -67.707513 3.000000 -113.807805
vertex -67.195120 -4.500000 -113.932399
endloop
endfacet
facet normal -1.535320 3.436163 -6.936833
outer loop
vertex -67.195120 -4.500000 -113.932399
vertex -67.707513 3.000000 -113.807805
vertex -67.195120 3.000000 -113.932399
endloop
endfacet
facet normal -1.157430 2.965027 -7.079189
outer loop
vertex -67.195120 -4.500000 -113.932399
vertex -67.195120 3.000000 -113.932399
vertex -66.672620 -4.500000 -114.007632
endloop
endfacet
facet normal -0.900657 2.279196 -7.357102
outer loop
vertex -66.672620 -4.500000 -114.007632
vertex -67.195120 3.000000 -113.932399
vertex -66.672620 3.000000 -114.007632
endloop
endfacet
facet normal -0.474838 1.428471 -7.494691
outer loop
vertex -66.672620 -4.500000 -114.007632
vertex -66.672620 3.000000 -114.007632
vertex -66.145033 -4.500000 -114.032795
endloop
endfacet
facet normal -0.193424 4.127803 -6.013615
outer loop
vertex -66.145033 -4.500000 -114.032795
vertex -66.672620 3.000000 -114.007632
vertex -66.145033 3.000000 -114.032795
endloop
endfacet
facet normal -0.000285 5.024386 -5.680787
outer loop
vertex -66.145033 3.000000 -114.032795
vertex 66.145033 3.000000 -114.032795
vertex -66.145033 -4.500000 -114.032795
endloop
endfacet
facet normal 0.000394 2.267953 -7.182656
outer loop
vertex -66.145033 -4.500000 -114.032795
vertex 66.145033 3.000000 -114.032795
vertex 66.145033 -4.500000 -114.032795
endloop
endfacet
facet normal -5.282303 3.371990 0.592200
outer loop
vertex 22.363260 3.000000 -77.299246
vertex 22.439874 3.000000 -76.734342
vertex 22.337659 3.000000 -77.868485
endloop
endfacet
facet normal -5.211570 3.491981 1.030827
outer loop
vertex 22.337659 3.000000 -77.868485
vertex 22.439874 3.000000 -76.734342
vertex 22.566916 3.000000 -76.178069
endloop
endfacet
facet normal -5.100290 3.670385 1.460027
outer loop
vertex 22.337659 3.000000 -77.868485
vertex 22.566916 3.000000 -76.178069
vertex 22.743419 3.000000 -75.634657
endloop
endfacet
facet normal -4.946576 3.904760 1.874259
outer loop
vertex 22.743419 3.000000 -75.634657
vertex 22.968038 3.000000 -75.108252
vertex 22.337659 3.000000 -77.868485
endloop
endfacet
facet normal -4.748819 4.191042 2.266723
outer loop
vertex 22.337659 3.000000 -77.868485
vertex 22.968038 3.000000 -75.108252
vertex 23.239067 3.000000 -74.602850
endloop
endfacet
facet normal -4.506411 4.523078 2.629478
outer loop
vertex 22.337659 3.000000 -77.868485
vertex 23.239067 3.000000 -74.602850
vertex 23.554441 3.000000 -74.122303
endloop
endfacet
facet normal -4.220508 4.892388 2.953955
outer loop
vertex 23.554441 3.000000 -74.122303
vertex 23.911760 3.000000 -73.670263
vertex 22.337659 3.000000 -77.868485
endloop
endfacet
facet normal -3.894646 5.288259 3.231815
outer loop
vertex 22.337659 3.000000 -77.868485
vertex 23.911760 3.000000 -73.670263
vertex 24.308306 3.000000 -73.250180
endloop
endfacet
facet normal -3.535050 5.698335 3.456020
outer loop
vertex 22.337659 3.000000 -77.868485
vertex 24.308306 3.000000 -73.250180
vertex 24.741059 3.000000 -72.865241
endloop
endfacet
facet normal -3.150352 6.109702 3.621928
outer loop
vertex 24.741059 3.000000 -72.865241
vertex 25.206726 3.000000 -72.518382
vertex 22.337659 3.000000 -77.868485
endloop
endfacet
facet normal -2.750827 6.510169 3.728033
outer loop
vertex 22.337659 3.000000 -77.868485
vertex 25.206726 3.000000 -72.518382
vertex 25.701764 3.000000 -72.212238
endloop
endfacet
facet normal -2.347272 6.889462 3.776115
outer loop
vertex 22.337659 3.000000 -77.868485
vertex 25.701764 3.000000 -72.212238
vertex 26.222403 3.000000 -71.949143
endloop
endfacet
facet normal -1.949823 7.240022 3.770847
outer loop
vertex 26.222403 3.000000 -71.949143
vertex 26.764686 3.000000 -71.731098
vertex 22.337659 3.000000 -77.868485
endloop
endfacet
facet normal -1.567049 7.557273 3.718932
outer loop
vertex 22.337659 3.000000 -77.868485
vertex 26.764686 3.000000 -71.731098
vertex 27.324479 3.000000 -71.559764
endloop
endfacet
facet normal -1.205395 7.839416 3.628116
outer loop
vertex 22.337659 3.000000 -77.868485
vertex 27.324479 3.000000 -71.559764
vertex 27.897528 3.000000 -71.436441
endloop
endfacet
facet normal -0.869078 8.086869 3.506267
outer loop
vertex 27.897528 3.000000 -71.436441
vertex 28.479465 3.000000 -71.362070
vertex 22.337659 3.000000 -77.868485
endloop
endfacet
facet normal -0.538365 9.066177 1.973155
outer loop
vertex 22.337659 3.000000 -77.868485
vertex 28.479465 3.000000 -71.362070
vertex 29.065869 3.000000 -71.337215
endloop
endfacet
facet normal -0.334659 9.946345 0.231674
outer loop
vertex 22.337659 3.000000 -77.868485
vertex 29.065869 3.000000 -71.337215
vertex 36.987023 3.000000 -99.104903
endloop
endfacet
facet normal 0.086511 9.981696 0.184752
outer loop
vertex 36.987023 3.000000 -99.104903
vertex 29.065869 3.000000 -71.337215
vertex 37.254228 3.000000 -98.739333
endloop
endfacet
facet normal 0.052553 9.975508 0.367846
outer loop
vertex 37.254228 3.000000 -98.739333
vertex 29.065869 3.000000 -71.337215
vertex 33.641051 3.000000 -71.337215
endloop
endfacet
facet normal 0.093501 9.991131 0.071669
outer loop
vertex 37.254228 3.000000 -98.739333
vertex 33.641051 3.000000 -71.337215
vertex 37.561921 3.000000 -98.405106
endloop
endfacet
facet normal 0.186464 9.972946 -0.112140
outer loop
vertex 37.561921 3.000000 -98.405106
vertex 33.641051 3.000000 -71.337215
vertex 41.556834 3.000000 -83.597079
endloop
endfacet
facet normal 0.372031 9.954433 -0.520964
outer loop
vertex 37.561921 3.000000 -98.405106
vertex 41.556834 3.000000 -83.597079
vertex 37.906226 3.000000 -98.106417
endloop
endfacet
facet normal 1.668006 9.076408 0.564575
outer loop
vertex 37.906226 3.000000 -98.106417
vertex 41.556834 3.000000 -83.597079
vertex 41.556834 3.000000 -91.303974
endloop
endfacet
facet normal 2.492667 7.927336 -0.867179
outer loop
vertex 37.906226 3.000000 -98.106417
vertex 41.556834 3.000000 -91.303974
vertex 38.282819 3.000000 -97.847034
endloop
endfacet
facet normal 3.039514 6.971854 -2.262124
outer loop
vertex 38.282819 3.000000 -97.847034
vertex 41.556834 3.000000 -91.303974
vertex 38.686957 3.000000 -97.630215
endloop
endfacet
facet normal 2.584286 7.288715 -2.218394
outer loop
vertex 38.686957 3.000000 -97.630215
vertex 41.556834 3.000000 -91.303974
vertex 39.113571 3.000000 -97.458672
endloop
endfacet
facet normal 2.175140 7.504185 -2.167802
outer loop
vertex 39.113571 3.000000 -97.458672
vertex 41.556834 3.000000 -91.303974
vertex 39.557282 3.000000 -97.334586
endloop
endfacet
facet normal 1.800867 7.646034 -2.116819
outer loop
vertex 39.557282 3.000000 -97.334586
vertex 41.556834 3.000000 -91.303974
vertex 40.012516 3.000000 -97.259503
endloop
endfacet
facet normal 1.450298 7.731659 -2.068195
outer loop
vertex 40.012516 3.000000 -97.259503
vertex 41.556834 3.000000 -91.303974
vertex 40.473548 3.000000 -97.234369
endloop
endfacet
facet normal 1.113122 7.771035 -2.022699
outer loop
vertex 40.473548 3.000000 -97.234369
vertex 41.556834 3.000000 -91.303974
vertex 40.934580 3.000000 -97.259503
endloop
endfacet
facet normal 0.779775 7.768588 -1.979952
outer loop
vertex 40.934580 3.000000 -97.259503
vertex 41.556834 3.000000 -91.303974
vertex 41.389814 3.000000 -97.334586
endloop
endfacet
facet normal 0.440947 7.724040 -1.938706
outer loop
vertex 41.389814 3.000000 -97.334586
vertex 41.556834 3.000000 -91.303974
vertex 41.833527 3.000000 -97.458672
endloop
endfacet
facet normal 0.087254 7.632376 -1.896779
outer loop
vertex 41.833527 3.000000 -97.458672
vertex 41.556834 3.000000 -91.303974
vertex 42.260136 3.000000 -97.630215
endloop
endfacet
facet normal -0.291143 7.482869 -1.850617
outer loop
vertex 42.260136 3.000000 -97.630215
vertex 41.556834 3.000000 -91.303974
vertex 42.664279 3.000000 -97.847034
endloop
endfacet
facet normal -0.704462 7.257046 -1.794382
outer loop
vertex 42.664279 3.000000 -97.847034
vertex 41.556834 3.000000 -91.303974
vertex 43.040870 3.000000 -98.106417
endloop
endfacet
facet normal -1.161759 6.925638 -1.718396
outer loop
vertex 43.040870 3.000000 -98.106417
vertex 41.556834 3.000000 -91.303974
vertex 43.385175 3.000000 -98.405106
endloop
endfacet
facet normal -0.117752 7.922014 -0.382169
outer loop
vertex 43.385175 3.000000 -98.405106
vertex 41.556834 3.000000 -91.303974
vertex 43.692871 3.000000 -98.739333
endloop
endfacet
facet normal 1.193153 9.100951 1.227107
outer loop
vertex 43.692871 3.000000 -98.739333
vertex 41.556834 3.000000 -91.303974
vertex 53.593512 3.000000 -91.303974
endloop
endfacet
facet normal -0.884898 9.769185 -0.276727
outer loop
vertex 43.692871 3.000000 -98.739333
vertex 53.593512 3.000000 -91.303974
vertex 43.960075 3.000000 -99.104903
endloop
endfacet
facet normal -1.604815 9.552313 -0.590092
outer loop
vertex 43.960075 3.000000 -99.104903
vertex 53.593512 3.000000 -91.303974
vertex 44.183437 3.000000 -99.497212
endloop
endfacet
facet normal -1.734055 9.525886 -0.424745
outer loop
vertex 44.183437 3.000000 -99.497212
vertex 53.593512 3.000000 -91.303974
vertex 44.360143 3.000000 -99.911336
endloop
endfacet
facet normal -1.876475 9.481286 -0.248140
outer loop
vertex 44.360143 3.000000 -99.911336
vertex 53.593512 3.000000 -91.303974
vertex 44.487975 3.000000 -100.342064
endloop
endfacet
facet normal -2.038037 9.411828 -0.052492
outer loop
vertex 44.487975 3.000000 -100.342064
vertex 53.593512 3.000000 -91.303974
vertex 44.565323 3.000000 -100.783973
endloop
endfacet
facet normal -2.226624 9.305521 0.172880
outer loop
vertex 44.565323 3.000000 -100.783973
vertex 53.593512 3.000000 -91.303974
vertex 44.591214 3.000000 -101.231503
endloop
endfacet
facet normal -2.452734 9.140561 0.443475
outer loop
vertex 44.591214 3.000000 -101.231503
vertex 53.593512 3.000000 -91.303974
vertex 44.565323 3.000000 -101.679042
endloop
endfacet
facet normal -1.345410 9.511191 0.428736
outer loop
vertex 44.565323 3.000000 -101.679042
vertex 53.593512 3.000000 -91.303974
vertex 44.487975 3.000000 -102.120952
endloop
endfacet
facet normal -0.085751 8.563790 -1.831072
outer loop
vertex 44.487975 3.000000 -102.120952
vertex 53.593512 3.000000 -91.303974
vertex 66.145033 3.000000 -114.032795
endloop
endfacet
facet normal -0.460592 8.522404 -1.916337
outer loop
vertex 44.487975 3.000000 -102.120952
vertex 66.145033 3.000000 -114.032795
vertex 44.360143 3.000000 -102.551679
endloop
endfacet
facet normal -0.840595 8.465398 -1.711300
outer loop
vertex 44.360143 3.000000 -102.551679
vertex 66.145033 3.000000 -114.032795
vertex 44.183437 3.000000 -102.965803
endloop
endfacet
facet normal -0.791470 8.466164 -1.617895
outer loop
vertex 44.183437 3.000000 -102.965803
vertex 66.145033 3.000000 -114.032795
vertex 43.960075 3.000000 -103.358112
endloop
endfacet
facet normal -0.743243 8.463563 -1.522995
outer loop
vertex 43.960075 3.000000 -103.358112
vertex 66.145033 3.000000 -114.032795
vertex 43.692871 3.000000 -103.723682
endloop
endfacet
facet normal -0.694427 8.457278 -1.423598
outer loop
vertex 43.692871 3.000000 -103.723682
vertex 66.145033 3.000000 -114.032795
vertex 43.385175 3.000000 -104.057909
endloop
endfacet
facet normal -0.643381 8.446499 -1.316192
outer loop
vertex 43.385175 3.000000 -104.057909
vertex 66.145033 3.000000 -114.032795
vertex 43.040870 3.000000 -104.356598
endloop
endfacet
facet normal -0.588071 8.429686 -1.196238
outer loop
vertex 43.040870 3.000000 -104.356598
vertex 66.145033 3.000000 -114.032795
vertex 42.664279 3.000000 -104.615981
endloop
endfacet
facet normal -0.525720 8.404058 -1.057417
outer loop
vertex 42.664279 3.000000 -104.615981
vertex 66.145033 3.000000 -114.032795
vertex 42.260136 3.000000 -104.832800
endloop
endfacet
facet normal -0.452155 8.364492 -0.890239
outer loop
vertex 42.260136 3.000000 -104.832800
vertex 66.145033 3.000000 -114.032795
vertex 41.833527 3.000000 -105.004333
endloop
endfacet
facet normal -0.360531 8.300946 -0.679418
outer loop
vertex 41.833527 3.000000 -105.004333
vertex 66.145033 3.000000 -114.032795
vertex 41.389814 3.000000 -105.128429
endloop
endfacet
facet normal -0.238659 8.191919 -0.398687
outer loop
vertex 41.389814 3.000000 -105.128429
vertex 66.145033 3.000000 -114.032795
vertex 40.934580 3.000000 -105.203512
endloop
endfacet
facet normal -0.062769 7.985466 -0.000141
outer loop
vertex 40.934580 3.000000 -105.203512
vertex 66.145033 3.000000 -114.032795
vertex 40.473548 3.000000 -105.228647
endloop
endfacet
facet normal 0.217136 7.535822 0.604095
outer loop
vertex 40.473548 3.000000 -105.228647
vertex 66.145033 3.000000 -114.032795
vertex 40.012516 3.000000 -105.203512
endloop
endfacet
facet normal 0.197499 7.902050 -0.552399
outer loop
vertex 40.012516 3.000000 -105.203512
vertex 66.145033 3.000000 -114.032795
vertex 39.557282 3.000000 -105.128429
endloop
endfacet
facet normal 0.001690 8.291399 -3.123271
outer loop
vertex 39.557282 3.000000 -105.128429
vertex 66.145033 3.000000 -114.032795
vertex -66.145033 3.000000 -114.032795
endloop
endfacet
facet normal -0.301685 9.603338 -0.474015
outer loop
vertex 39.557282 3.000000 -105.128429
vertex -66.145033 3.000000 -114.032795
vertex 22.337659 3.000000 -102.028318
endloop
endfacet
facet normal -0.087898 9.549770 -0.082125
outer loop
vertex 22.337659 3.000000 -102.028318
vertex -66.145033 3.000000 -114.032795
vertex -22.337659 3.000000 -102.028318
endloop
endfacet
facet normal 0.186605 9.651474 -0.501781
outer loop
vertex -22.337659 3.000000 -102.028318
vertex -66.145033 3.000000 -114.032795
vertex -39.557282 3.000000 -105.128429
endloop
endfacet
facet normal -0.485829 8.258680 2.644494
outer loop
vertex -22.337659 3.000000 -102.028318
vertex -39.557282 3.000000 -105.128429
vertex -39.113571 3.000000 -105.004333
endloop
endfacet
facet normal 0.093226 9.700908 0.940129
outer loop
vertex 33.641051 3.000000 -71.337215
vertex 34.433135 3.000000 -71.312046
vertex 41.556834 3.000000 -83.597079
endloop
endfacet
facet normal -0.020886 9.447255 1.760856
outer loop
vertex 41.556834 3.000000 -83.597079
vertex 34.433135 3.000000 -71.312046
vertex 35.221825 3.000000 -71.236639
endloop
endfacet
facet normal -0.141576 9.468200 1.707686
outer loop
vertex 41.556834 3.000000 -83.597079
vertex 35.221825 3.000000 -71.236639
vertex 36.003748 3.000000 -71.111322
endloop
endfacet
facet normal -0.259288 9.480907 1.661102
outer loop
vertex 36.003748 3.000000 -71.111322
vertex 36.775550 3.000000 -70.936630
vertex 41.556834 3.000000 -83.597079
endloop
endfacet
facet normal -0.376054 9.486146 1.620200
outer loop
vertex 41.556834 3.000000 -83.597079
vertex 36.775550 3.000000 -70.936630
vertex 37.533934 3.000000 -70.713308
endloop
endfacet
facet normal -0.493808 9.484229 1.584257
outer loop
vertex 41.556834 3.000000 -83.597079
vertex 37.533934 3.000000 -70.713308
vertex 38.275646 3.000000 -70.442320
endloop
endfacet
facet normal -0.614509 9.475043 1.552690
outer loop
vertex 38.275646 3.000000 -70.442320
vertex 38.997512 3.000000 -70.124820
vertex 41.556834 3.000000 -83.597079
endloop
endfacet
facet normal -0.740236 9.458038 1.525031
outer loop
vertex 41.556834 3.000000 -83.597079
vertex 38.997512 3.000000 -70.124820
vertex 39.696440 3.000000 -69.762170
endloop
endfacet
facet normal -0.873303 9.432158 1.500894
outer loop
vertex 41.556834 3.000000 -83.597079
vertex 39.696440 3.000000 -69.762170
vertex 40.369439 3.000000 -69.355924
endloop
endfacet
facet normal -1.016409 9.395703 1.479948
outer loop
vertex 40.369439 3.000000 -69.355924
vertex 41.013627 3.000000 -68.907816
vertex 41.556834 3.000000 -83.597079
endloop
endfacet
facet normal -0.573239 9.670897 0.741908
outer loop
vertex 41.556834 3.000000 -83.597079
vertex 41.013627 3.000000 -68.907816
vertex 41.626243 3.000000 -68.419775
endloop
endfacet
facet normal 0.143492 9.796431 0.706841
outer loop
vertex 41.556834 3.000000 -83.597079
vertex 41.626243 3.000000 -68.419775
vertex 49.489351 3.000000 -76.151430
endloop
endfacet
facet normal -0.330042 9.756411 1.280477
outer loop
vertex 49.489351 3.000000 -76.151430
vertex 41.626243 3.000000 -68.419775
vertex 42.204664 3.000000 -67.893878
endloop
endfacet
facet normal -0.018253 9.701092 0.719381
outer loop
vertex 49.489351 3.000000 -76.151430
vertex 42.204664 3.000000 -67.893878
vertex 49.489351 3.000000 -71.971417
endloop
endfacet
facet normal -1.160818 9.291910 0.869209
outer loop
vertex 49.489351 3.000000 -71.971417
vertex 42.204664 3.000000 -67.893878
vertex 42.746416 3.000000 -67.332387
endloop
endfacet
facet normal -1.937688 8.766201 1.417603
outer loop
vertex 49.489351 3.000000 -71.971417
vertex 42.746416 3.000000 -67.332387
vertex 43.249176 3.000000 -66.737701
endloop
endfacet
facet normal -2.057038 8.759434 1.273075
outer loop
vertex 43.249176 3.000000 -66.737701
vertex 43.710796 3.000000 -66.112373
vertex 49.489351 3.000000 -71.971417
endloop
endfacet
facet normal -2.184495 8.733386 1.131726
outer loop
vertex 49.489351 3.000000 -71.971417
vertex 43.710796 3.000000 -66.112373
vertex 44.129292 3.000000 -65.459072
endloop
endfacet
facet normal -2.322283 8.686427 0.991001
outer loop
vertex 49.489351 3.000000 -71.971417
vertex 44.129292 3.000000 -65.459072
vertex 44.502877 3.000000 -64.780602
endloop
endfacet
facet normal -2.472832 8.615524 0.848185
outer loop
vertex 44.502877 3.000000 -64.780602
vertex 44.829950 3.000000 -64.079868
vertex 49.489351 3.000000 -71.971417
endloop
endfacet
facet normal -2.638822 8.515875 0.700245
outer loop
vertex 49.489351 3.000000 -71.971417
vertex 44.829950 3.000000 -64.079868
vertex 45.109110 3.000000 -63.359864
endloop
endfacet
facet normal -2.823097 8.380334 0.543689
outer loop
vertex 49.489351 3.000000 -71.971417
vertex 45.109110 3.000000 -63.359864
vertex 45.339165 3.000000 -62.623681
endloop
endfacet
facet normal -1.556012 9.108814 0.055377
outer loop
vertex 45.339165 3.000000 -62.623681
vertex 45.519126 3.000000 -61.874468
vertex 49.489351 3.000000 -71.971417
endloop
endfacet
facet normal 0.019515 9.926553 -0.393663
outer loop
vertex 49.489351 3.000000 -71.971417
vertex 45.519126 3.000000 -61.874468
vertex 54.491886 3.000000 -61.290534
endloop
endfacet
facet normal 0.391950 9.929216 -0.380284
outer loop
vertex 49.489351 3.000000 -71.971417
vertex 54.491886 3.000000 -61.290534
vertex 54.592805 3.000000 -61.648161
endloop
endfacet
facet normal -1.323217 9.611730 0.212030
outer loop
vertex 45.519126 3.000000 -61.874468
vertex 45.648221 3.000000 -61.115433
vertex 54.491886 3.000000 -61.290534
endloop
endfacet
facet normal -1.038137 9.621290 0.172339
outer loop
vertex 54.491886 3.000000 -61.290534
vertex 45.648221 3.000000 -61.115433
vertex 54.440970 3.000000 -60.923036
endloop
endfacet
facet normal -2.191204 9.243102 0.260490
outer loop
vertex 54.440970 3.000000 -60.923036
vertex 45.648221 3.000000 -61.115433
vertex 45.725902 3.000000 -60.349825
endloop
endfacet
facet normal -0.974847 9.617934 0.086205
outer loop
vertex 54.440970 3.000000 -60.923036
vertex 45.725902 3.000000 -60.349825
vertex 54.440970 3.000000 -60.552233
endloop
endfacet
facet normal -2.598920 8.897375 0.082695
outer loop
vertex 54.440970 3.000000 -60.552233
vertex 45.725902 3.000000 -60.349825
vertex 45.751830 3.000000 -59.580929
endloop
endfacet
facet normal -1.288184 9.267524 -0.046590
outer loop
vertex 54.440970 3.000000 -60.552233
vertex 45.751830 3.000000 -59.580929
vertex 54.491886 3.000000 -60.184735
endloop
endfacet
facet normal -1.205770 9.260888 -0.102657
outer loop
vertex 54.491886 3.000000 -60.184735
vertex 45.751830 3.000000 -59.580929
vertex 54.592805 3.000000 -59.827108
endloop
endfacet
facet normal -1.208364 9.259397 -0.154371
outer loop
vertex 54.592805 3.000000 -59.827108
vertex 45.751830 3.000000 -59.580929
vertex 54.741925 3.000000 -59.485725
endloop
endfacet
facet normal -1.209078 9.256638 -0.213334
outer loop
vertex 54.741925 3.000000 -59.485725
vertex 45.751830 3.000000 -59.580929
vertex 54.936592 3.000000 -59.166686
endloop
endfacet
facet normal -1.371227 9.266193 -0.125578
outer loop
vertex 54.936592 3.000000 -59.166686
vertex 45.751830 3.000000 -59.580929
vertex 55.173326 3.000000 -58.875670
endloop
endfacet
facet normal -1.510421 9.277050 0.029938
outer loop
vertex 55.173326 3.000000 -58.875670
vertex 45.751830 3.000000 -59.580929
vertex 54.053931 3.000000 -34.621557
endloop
endfacet
facet normal 0.252174 9.954389 0.379750
outer loop
vertex 55.173326 3.000000 -58.875670
vertex 54.053931 3.000000 -34.621557
vertex 54.430519 3.000000 -34.880943
endloop
endfacet
facet normal -2.416833 9.054973 -0.001623
outer loop
vertex 45.751830 3.000000 54.063166
vertex 52.529478 3.000000 -31.048932
vertex 45.751830 3.000000 -59.580929
endloop
endfacet
facet normal -0.123565 8.690671 -0.028480
outer loop
vertex 45.751830 3.000000 -59.580929
vertex 52.529478 3.000000 -31.048932
vertex 52.503591 3.000000 -31.496469
endloop
endfacet
facet normal 0.908711 8.376507 0.074244
outer loop
vertex 45.751830 3.000000 -59.580929
vertex 52.503591 3.000000 -31.496469
vertex 52.529478 3.000000 -31.944006
endloop
endfacet
facet normal -2.158051 9.261355 -0.064670
outer loop
vertex 45.725902 3.000000 54.832062
vertex 54.491886 3.000000 57.774517
vertex 45.751830 3.000000 54.063166
endloop
endfacet
facet normal -0.823813 9.776663 0.013966
outer loop
vertex 45.751830 3.000000 54.063166
vertex 54.491886 3.000000 57.774517
vertex 54.592805 3.000000 57.416890
endloop
endfacet
facet normal -0.602264 9.671114 -0.569328
outer loop
vertex 45.751830 3.000000 54.063166
vertex 54.592805 3.000000 57.416890
vertex 49.489346 3.000000 47.093630
endloop
endfacet
facet normal 0.432459 9.886604 -0.497847
outer loop
vertex 49.489346 3.000000 47.093630
vertex 54.592805 3.000000 57.416890
vertex 54.741925 3.000000 57.075507
endloop
endfacet
facet normal 0.543199 9.880706 -0.418764
outer loop
vertex 49.489346 3.000000 47.093630
vertex 54.741925 3.000000 57.075507
vertex 54.936592 3.000000 56.756468
endloop
endfacet
facet normal -2.372113 9.129179 -0.201578
outer loop
vertex 45.725902 3.000000 54.832062
vertex 45.648221 3.000000 55.597670
vertex 54.491886 3.000000 57.774517
endloop
endfacet
facet normal -0.969849 9.642748 -0.123556
outer loop
vertex 54.491886 3.000000 57.774517
vertex 45.648221 3.000000 55.597670
vertex 54.440970 3.000000 58.142016
endloop
endfacet
facet normal -2.111660 9.291617 -0.343803
outer loop
vertex 54.440970 3.000000 58.142016
vertex 45.648221 3.000000 55.597670
vertex 45.519126 3.000000 56.356705
endloop
endfacet
facet normal -0.926803 9.644497 -0.214147
outer loop
vertex 54.440970 3.000000 58.142016
vertex 45.519126 3.000000 56.356705
vertex 54.440970 3.000000 58.512818
endloop
endfacet
facet normal -2.075669 9.298075 -0.499783
outer loop
vertex 54.440970 3.000000 58.512818
vertex 45.519126 3.000000 56.356705
vertex 45.339165 3.000000 57.105918
endloop
endfacet
facet normal -0.907679 9.648203 -0.307847
outer loop
vertex 54.440970 3.000000 58.512818
vertex 45.339165 3.000000 57.105918
vertex 54.491886 3.000000 58.880316
endloop
endfacet
facet normal -2.030342 9.305908 -0.651663
outer loop
vertex 54.491886 3.000000 58.880316
vertex 45.339165 3.000000 57.105918
vertex 45.109110 3.000000 57.842101
endloop
endfacet
facet normal -0.912976 9.653360 -0.388772
outer loop
vertex 54.491886 3.000000 58.880316
vertex 45.109110 3.000000 57.842101
vertex 54.592805 3.000000 59.237944
endloop
endfacet
facet normal -2.187319 9.169201 -0.864610
outer loop
vertex 54.592805 3.000000 59.237944
vertex 45.109110 3.000000 57.842101
vertex 44.829950 3.000000 58.562099
endloop
endfacet
facet normal -2.135681 9.167888 -1.002553
outer loop
vertex 54.592805 3.000000 59.237944
vertex 44.829950 3.000000 58.562099
vertex 44.502877 3.000000 59.262839
endloop
endfacet
facet normal -0.870423 9.652124 -0.546759
outer loop
vertex 54.592805 3.000000 59.237944
vertex 44.502877 3.000000 59.262839
vertex 54.741925 3.000000 59.579327
endloop
endfacet
facet normal -1.877416 9.307092 -1.082905
outer loop
vertex 54.741925 3.000000 59.579327
vertex 44.502877 3.000000 59.262839
vertex 44.129292 3.000000 59.941309
endloop
endfacet
facet normal -0.822687 9.650770 -0.641630
outer loop
vertex 54.741925 3.000000 59.579327
vertex 44.129292 3.000000 59.941309
vertex 54.936592 3.000000 59.898366
endloop
endfacet
facet normal -1.817493 9.303013 -1.224691
outer loop
vertex 54.936592 3.000000 59.898366
vertex 44.129292 3.000000 59.941309
vertex 43.710796 3.000000 60.594615
endloop
endfacet
facet normal -0.858023 9.648803 -0.671528
outer loop
vertex 54.936592 3.000000 59.898366
vertex 43.710796 3.000000 60.594615
vertex 55.173326 3.000000 60.189371
endloop
endfacet
facet normal -0.965615 9.649744 -0.656776
outer loop
vertex 55.173326 3.000000 60.189371
vertex 43.710796 3.000000 60.594615
vertex 43.249176 3.000000 61.219937
endloop
endfacet
facet normal -0.083989 9.989851 0.150723
outer loop
vertex 55.173326 3.000000 60.189371
vertex 43.249176 3.000000 61.219937
vertex 53.593512 3.000000 91.571581
endloop
endfacet
facet normal -0.453433 9.925595 -0.171939
outer loop
vertex 53.593512 3.000000 91.571581
vertex 43.249176 3.000000 61.219937
vertex 42.746416 3.000000 61.814624
endloop
endfacet
facet normal -0.449922 9.925551 -0.178499
outer loop
vertex 53.593512 3.000000 91.571581
vertex 42.746416 3.000000 61.814624
vertex 42.204664 3.000000 62.376115
endloop
endfacet
facet normal 0.132394 9.969993 0.314006
outer loop
vertex 53.593512 3.000000 91.571581
vertex 42.204664 3.000000 62.376115
vertex 41.556834 3.000000 91.571581
endloop
endfacet
facet normal -0.233175 9.875945 -0.341519
outer loop
vertex 41.556834 3.000000 91.571581
vertex 42.204664 3.000000 62.376115
vertex 41.626243 3.000000 62.902011
endloop
endfacet
facet normal -0.553351 9.783309 -0.773804
outer loop
vertex 41.556834 3.000000 91.571581
vertex 41.626243 3.000000 62.902011
vertex 41.013627 3.000000 63.390053
endloop
endfacet
facet normal -0.460121 9.800836 -0.779213
outer loop
vertex 41.013627 3.000000 63.390053
vertex 40.369439 3.000000 63.838161
vertex 41.556834 3.000000 91.571581
endloop
endfacet
facet normal -0.150628 9.891668 -0.394392
outer loop
vertex 41.556834 3.000000 91.571581
vertex 40.369439 3.000000 63.838161
vertex 39.696440 3.000000 64.244407
endloop
endfacet
facet normal 0.115323 9.976877 0.087343
outer loop
vertex 41.556834 3.000000 91.571581
vertex 39.696440 3.000000 64.244407
vertex 33.800186 3.000000 80.086194
endloop
endfacet
facet normal -0.517489 9.755888 -0.929936
outer loop
vertex 33.800186 3.000000 80.086194
vertex 39.696440 3.000000 64.244407
vertex 38.997512 3.000000 64.607057
endloop
endfacet
facet normal -1.054066 9.657752 -0.692825
outer loop
vertex 33.800186 3.000000 80.086194
vertex 38.997512 3.000000 64.607057
vertex 33.722839 3.000000 79.644285
endloop
endfacet
facet normal -1.357150 9.431828 -1.550030
outer loop
vertex 33.722839 3.000000 79.644285
vertex 38.997512 3.000000 64.607057
vertex 38.275646 3.000000 64.924556
endloop
endfacet
facet normal -1.296747 9.632908 -0.563944
outer loop
vertex 33.722839 3.000000 79.644285
vertex 38.275646 3.000000 64.924556
vertex 33.595006 3.000000 79.213563
endloop
endfacet
facet normal -1.050709 9.433796 -1.711743
outer loop
vertex 33.595006 3.000000 79.213563
vertex 38.275646 3.000000 64.924556
vertex 37.533934 3.000000 65.195540
endloop
endfacet
facet normal -0.931800 9.449300 -1.721899
outer loop
vertex 33.595006 3.000000 79.213563
vertex 37.533934 3.000000 65.195540
vertex 36.775550 3.000000 65.418866
endloop
endfacet
facet normal -1.103221 9.658571 -0.457686
outer loop
vertex 33.595006 3.000000 79.213563
vertex 36.775550 3.000000 65.418866
vertex 33.418303 3.000000 78.799439
endloop
endfacet
facet normal -0.923421 9.489248 -1.464766
outer loop
vertex 33.418303 3.000000 78.799439
vertex 36.775550 3.000000 65.418866
vertex 36.003748 3.000000 65.593559
endloop
endfacet
facet normal -1.161904 9.612684 -0.285648
outer loop
vertex 33.418303 3.000000 78.799439
vertex 36.003748 3.000000 65.593559
vertex 33.194939 3.000000 78.407130
endloop
endfacet
facet normal -0.754937 9.549529 -1.310373
outer loop
vertex 33.194939 3.000000 78.407130
vertex 36.003748 3.000000 65.593559
vertex 35.221825 3.000000 65.718876
endloop
endfacet
facet normal -1.400262 9.432338 0.262533
outer loop
vertex 33.194939 3.000000 78.407130
vertex 35.221825 3.000000 65.718876
vertex 32.927732 3.000000 78.041560
endloop
endfacet
facet normal -1.305560 9.438605 0.347724
outer loop
vertex 32.927732 3.000000 78.041560
vertex 35.221825 3.000000 65.718876
vertex 32.620042 3.000000 77.707333
endloop
endfacet
facet normal -0.549238 9.550429 -1.252565
outer loop
vertex 32.620042 3.000000 77.707333
vertex 35.221825 3.000000 65.718876
vertex 34.433135 3.000000 65.794283
endloop
endfacet
facet normal -0.774536 9.623192 -0.050562
outer loop
vertex 32.620042 3.000000 77.707333
vertex 34.433135 3.000000 65.794283
vertex 32.275734 3.000000 77.408644
endloop
endfacet
facet normal -0.397550 9.278910 -1.702004
outer loop
vertex 32.275734 3.000000 77.408644
vertex 34.433135 3.000000 65.794283
vertex 33.641051 3.000000 65.819452
endloop
endfacet
facet normal -0.835451 9.222705 0.058500
outer loop
vertex 32.275734 3.000000 77.408644
vertex 33.641051 3.000000 65.819452
vertex 31.899143 3.000000 77.149261
endloop
endfacet
facet normal -0.899224 9.051397 0.500112
outer loop
vertex 31.899143 3.000000 77.149261
vertex 33.641051 3.000000 65.819452
vertex 31.495000 3.000000 76.932437
endloop
endfacet
facet normal -0.684761 9.079147 0.545733
outer loop
vertex 31.495000 3.000000 76.932437
vertex 33.641051 3.000000 65.819452
vertex 31.068391 3.000000 76.760899
endloop
endfacet
facet normal -0.479492 9.090343 0.593320
outer loop
vertex 31.068391 3.000000 76.760899
vertex 33.641051 3.000000 65.819452
vertex 30.624678 3.000000 76.636813
endloop
endfacet
facet normal -0.276695 9.086397 0.644458
outer loop
vertex 30.624678 3.000000 76.636813
vertex 33.641051 3.000000 65.819452
vertex 30.169444 3.000000 76.561729
endloop
endfacet
facet normal -0.069808 9.066818 0.700792
outer loop
vertex 30.169444 3.000000 76.561729
vertex 33.641051 3.000000 65.819452
vertex 29.708412 3.000000 76.536595
endloop
endfacet
facet normal 0.148249 9.029075 0.764186
outer loop
vertex 29.708412 3.000000 76.536595
vertex 33.641051 3.000000 65.819452
vertex 29.247379 3.000000 76.561729
endloop
endfacet
facet normal 0.385913 8.967918 0.836865
outer loop
vertex 29.247379 3.000000 76.561729
vertex 33.641051 3.000000 65.819452
vertex 28.792145 3.000000 76.636813
endloop
endfacet
facet normal 0.654110 8.873798 0.921544
outer loop
vertex 28.792145 3.000000 76.636813
vertex 33.641051 3.000000 65.819452
vertex 28.348435 3.000000 76.760899
endloop
endfacet
facet normal 0.967747 8.729699 1.021353
outer loop
vertex 28.348435 3.000000 76.760899
vertex 33.641051 3.000000 65.819452
vertex 27.921821 3.000000 76.932437
endloop
endfacet
facet normal 1.347643 8.504651 1.139188
outer loop
vertex 27.921821 3.000000 76.932437
vertex 33.641051 3.000000 65.819452
vertex 27.517683 3.000000 77.149261
endloop
endfacet
facet normal 1.821916 8.140651 1.275008
outer loop
vertex 27.517683 3.000000 77.149261
vertex 33.641051 3.000000 65.819452
vertex 27.141090 3.000000 77.408644
endloop
endfacet
facet normal 2.420857 7.528727 1.416808
outer loop
vertex 27.141090 3.000000 77.408644
vertex 33.641051 3.000000 65.819452
vertex 26.796784 3.000000 77.707333
endloop
endfacet
facet normal 1.382720 8.358662 0.123649
outer loop
vertex 26.796784 3.000000 77.707333
vertex 33.641051 3.000000 65.819452
vertex 26.489091 3.000000 78.041560
endloop
endfacet
facet normal 0.005100 9.531355 -1.651862
outer loop
vertex 26.489091 3.000000 78.041560
vertex 33.641051 3.000000 65.819452
vertex -33.641051 3.000000 65.819452
endloop
endfacet
facet normal -0.006302 9.956965 -0.393956
outer loop
vertex 26.489091 3.000000 78.041560
vertex -33.641051 3.000000 65.819452
vertex -26.489091 3.000000 78.041560
endloop
endfacet
facet normal -1.338854 8.741327 1.021079
outer loop
vertex -26.489091 3.000000 78.041560
vertex -33.641051 3.000000 65.819452
vertex -26.796784 3.000000 77.707333
endloop
endfacet
facet normal -2.322665 7.911445 2.347716
outer loop
vertex -26.796784 3.000000 77.707333
vertex -33.641051 3.000000 65.819452
vertex -27.141090 3.000000 77.408644
endloop
endfacet
facet normal -1.729291 8.523372 2.182924
outer loop
vertex -27.141090 3.000000 77.408644
vertex -33.641051 3.000000 65.819452
vertex -27.517683 3.000000 77.149261
endloop
endfacet
facet normal -1.260294 8.887366 2.028916
outer loop
vertex -27.517683 3.000000 77.149261
vertex -33.641051 3.000000 65.819452
vertex -27.921821 3.000000 76.932437
endloop
endfacet
facet normal -0.884937 9.112416 1.896517
outer loop
vertex -27.921821 3.000000 76.932437
vertex -33.641051 3.000000 65.819452
vertex -28.348435 3.000000 76.760899
endloop
endfacet
facet normal -0.575146 9.256519 1.784681
outer loop
vertex -28.348435 3.000000 76.760899
vertex -33.641051 3.000000 65.819452
vertex -28.792145 3.000000 76.636813
endloop
endfacet
facet normal -0.310220 9.350635 1.689725
outer loop
vertex -28.792145 3.000000 76.636813
vertex -33.641051 3.000000 65.819452
vertex -29.247379 3.000000 76.561729
endloop
endfacet
facet normal -0.075359 9.411793 1.607933
outer loop
vertex -29.247379 3.000000 76.561729
vertex -33.641051 3.000000 65.819452
vertex -29.708412 3.000000 76.536595
endloop
endfacet
facet normal 0.140243 9.449536 1.536176
outer loop
vertex -29.708412 3.000000 76.536595
vertex -33.641051 3.000000 65.819452
vertex -30.169444 3.000000 76.561729
endloop
endfacet
facet normal 0.344934 9.469116 1.471906
outer loop
vertex -30.169444 3.000000 76.561729
vertex -33.641051 3.000000 65.819452
vertex -30.624678 3.000000 76.636813
endloop
endfacet
facet normal 0.545737 9.473061 1.412984
outer loop
vertex -30.624678 3.000000 76.636813
vertex -33.641051 3.000000 65.819452
vertex -31.068391 3.000000 76.760899
endloop
endfacet
facet normal 0.749133 9.461865 1.357517
outer loop
vertex -31.068391 3.000000 76.760899
vertex -33.641051 3.000000 65.819452
vertex -31.495000 3.000000 76.932437
endloop
endfacet
facet normal 0.961783 9.434116 1.303659
outer loop
vertex -31.495000 3.000000 76.932437
vertex -33.641051 3.000000 65.819452
vertex -31.899143 3.000000 77.149261
endloop
endfacet
facet normal 0.882014 9.605423 0.864814
outer loop
vertex -31.899143 3.000000 77.149261
vertex -33.641051 3.000000 65.819452
vertex -32.275734 3.000000 77.408644
endloop
endfacet
facet normal 0.394091 9.661628 -0.876915
outer loop
vertex -32.275734 3.000000 77.408644
vertex -33.641051 3.000000 65.819452
vertex -34.433135 3.000000 65.794283
endloop
endfacet
facet normal 0.785786 9.623192 -0.079732
outer loop
vertex -32.275734 3.000000 77.408644
vertex -34.433135 3.000000 65.794283
vertex -32.620042 3.000000 77.707333
endloop
endfacet
facet normal 0.528511 9.550429 -1.270868
outer loop
vertex -32.620042 3.000000 77.707333
vertex -34.433135 3.000000 65.794283
vertex -35.221825 3.000000 65.718876
endloop
endfacet
facet normal 1.328815 9.438605 0.298484
outer loop
vertex -32.620042 3.000000 77.707333
vertex -35.221825 3.000000 65.718876
vertex -32.927732 3.000000 78.041560
endloop
endfacet
facet normal 1.420356 9.432338 0.209703
outer loop
vertex -32.927732 3.000000 78.041560
vertex -35.221825 3.000000 65.718876
vertex -33.194939 3.000000 78.407130
endloop
endfacet
facet normal 0.731603 9.549529 -1.334769
outer loop
vertex -33.194939 3.000000 78.407130
vertex -35.221825 3.000000 65.718876
vertex -36.003748 3.000000 65.593559
endloop
endfacet
facet normal 1.163979 9.612684 -0.327794
outer loop
vertex -33.194939 3.000000 78.407130
vertex -36.003748 3.000000 65.593559
vertex -33.418303 3.000000 78.799439
endloop
endfacet
facet normal 0.895969 9.489248 -1.493533
outer loop
vertex -33.418303 3.000000 78.799439
vertex -36.003748 3.000000 65.593559
vertex -36.775550 3.000000 65.418866
endloop
endfacet
facet normal 1.098964 9.658571 -0.496542
outer loop
vertex -33.418303 3.000000 78.799439
vertex -36.775550 3.000000 65.418866
vertex -33.595006 3.000000 79.213563
endloop
endfacet
facet normal 0.897010 9.449299 -1.748243
outer loop
vertex -33.595006 3.000000 79.213563
vertex -36.775550 3.000000 65.418866
vertex -37.533934 3.000000 65.195540
endloop
endfacet
facet normal 1.016106 9.433795 -1.740764
outer loop
vertex -33.595006 3.000000 79.213563
vertex -37.533934 3.000000 65.195540
vertex -38.275646 3.000000 64.924556
endloop
endfacet
facet normal 1.288393 9.632908 -0.608269
outer loop
vertex -33.595006 3.000000 79.213563
vertex -38.275646 3.000000 64.924556
vertex -33.722839 3.000000 79.644285
endloop
endfacet
facet normal 0.966446 9.670281 -0.817474
outer loop
vertex -33.722839 3.000000 79.644285
vertex -38.275646 3.000000 64.924556
vertex -38.997512 3.000000 64.607057
endloop
endfacet
facet normal 0.654924 9.896737 0.042958
outer loop
vertex -33.722839 3.000000 79.644285
vertex -38.997512 3.000000 64.607057
vertex -33.800186 3.000000 80.086194
endloop
endfacet
facet normal 0.028205 9.972184 -0.396067
outer loop
vertex -33.800186 3.000000 80.086194
vertex -38.997512 3.000000 64.607057
vertex -49.489351 3.000000 73.479961
endloop
endfacet
facet normal -0.142673 9.887510 0.253817
outer loop
vertex -33.800186 3.000000 80.086194
vertex -49.489351 3.000000 73.479961
vertex -41.556834 3.000000 91.571581
endloop
endfacet
facet normal -0.040201 9.880919 0.349542
outer loop
vertex -41.556834 3.000000 91.571581
vertex -49.489351 3.000000 73.479961
vertex -53.593512 3.000000 91.571581
endloop
endfacet
facet normal 0.173544 9.957276 -0.399091
outer loop
vertex -53.593512 3.000000 91.571581
vertex -49.489351 3.000000 73.479961
vertex -66.952422 3.000000 73.479961
endloop
endfacet
facet normal -1.472044 9.098124 -0.087043
outer loop
vertex -53.593512 3.000000 91.571581
vertex -66.952422 3.000000 73.479961
vertex -71.527602 3.000000 107.965063
endloop
endfacet
facet normal -1.575165 9.094597 0.013767
outer loop
vertex -71.527602 3.000000 107.965063
vertex -66.952422 3.000000 73.479961
vertex -66.952422 3.000000 69.561199
endloop
endfacet
facet normal -1.633324 9.104308 0.143353
outer loop
vertex -71.527602 3.000000 107.965063
vertex -66.952422 3.000000 69.561199
vertex -66.952422 3.000000 -45.585085
endloop
endfacet
facet normal 0.061311 9.988724 0.144510
outer loop
vertex -66.952422 3.000000 -45.585085
vertex -66.952422 3.000000 69.561199
vertex -60.713027 3.000000 33.368692
endloop
endfacet
facet normal 0.496754 9.939059 0.044138
outer loop
vertex -66.952422 3.000000 -45.585085
vertex -60.713027 3.000000 33.368692
vertex -60.635680 3.000000 32.926783
endloop
endfacet
facet normal 0.485507 9.700919 -1.277197
outer loop
vertex -38.997512 3.000000 64.607057
vertex -39.696440 3.000000 64.244407
vertex -49.489351 3.000000 73.479961
endloop
endfacet
facet normal 0.973844 9.438640 -2.025265
outer loop
vertex -49.489351 3.000000 73.479961
vertex -39.696440 3.000000 64.244407
vertex -40.369439 3.000000 63.838161
endloop
endfacet
facet normal 0.741294 9.663441 -1.486518
outer loop
vertex -49.489351 3.000000 73.479961
vertex -40.369439 3.000000 63.838161
vertex -41.013627 3.000000 63.390053
endloop
endfacet
facet normal 0.030234 9.876317 -0.245429
outer loop
vertex -49.489351 3.000000 73.479961
vertex -41.013627 3.000000 63.390053
vertex -49.489351 3.000000 69.561199
endloop
endfacet
facet normal 0.838694 9.493327 -0.862404
outer loop
vertex -49.489351 3.000000 69.561199
vertex -41.013627 3.000000 63.390053
vertex -41.626243 3.000000 62.902011
endloop
endfacet
facet normal 1.419143 9.134393 -1.394180
outer loop
vertex -49.489351 3.000000 69.561199
vertex -41.626243 3.000000 62.902011
vertex -42.204664 3.000000 62.376115
endloop
endfacet
facet normal 1.530928 9.133687 -1.282889
outer loop
vertex -42.204664 3.000000 62.376115
vertex -42.746416 3.000000 61.814624
vertex -49.489351 3.000000 69.561199
endloop
endfacet
facet normal 1.648569 9.120290 -1.175598
outer loop
vertex -49.489351 3.000000 69.561199
vertex -42.746416 3.000000 61.814624
vertex -43.249176 3.000000 61.219937
endloop
endfacet
facet normal 1.774175 9.093370 -1.070431
outer loop
vertex -49.489351 3.000000 69.561199
vertex -43.249176 3.000000 61.219937
vertex -43.710796 3.000000 60.594615
endloop
endfacet
facet normal 1.910125 9.051200 -0.965465
outer loop
vertex -43.710796 3.000000 60.594615
vertex -44.129292 3.000000 59.941309
vertex -49.489351 3.000000 69.561199
endloop
endfacet
facet normal 2.059145 8.990949 -0.858634
outer loop
vertex -49.489351 3.000000 69.561199
vertex -44.129292 3.000000 59.941309
vertex -44.502877 3.000000 59.262839
endloop
endfacet
facet normal 2.224440 8.908286 -0.747560
outer loop
vertex -49.489351 3.000000 69.561199
vertex -44.502877 3.000000 59.262839
vertex -44.829950 3.000000 58.562099
endloop
endfacet
facet normal 1.230652 9.396041 -0.202197
outer loop
vertex -44.829950 3.000000 58.562099
vertex -45.109110 3.000000 57.842101
vertex -49.489351 3.000000 69.561199
endloop
endfacet
facet normal -0.026040 9.939786 0.343927
outer loop
vertex -49.489351 3.000000 69.561199
vertex -45.109110 3.000000 57.842101
vertex -54.536186 3.000000 59.060765
endloop
endfacet
facet normal -0.349396 9.940426 0.339628
outer loop
vertex -49.489351 3.000000 69.561199
vertex -54.536186 3.000000 59.060765
vertex -54.661488 3.000000 59.411052
endloop
endfacet
facet normal 0.103360 9.990768 -0.068774
outer loop
vertex -54.536186 3.000000 59.060765
vertex -45.109110 3.000000 57.842101
vertex -54.460096 3.000000 58.697392
endloop
endfacet
facet normal 1.358382 9.500535 -0.425096
outer loop
vertex -54.460096 3.000000 58.697392
vertex -45.109110 3.000000 57.842101
vertex -45.339165 3.000000 57.105918
endloop
endfacet
facet normal 2.276070 9.157273 -0.599695
outer loop
vertex -54.460096 3.000000 58.697392
vertex -45.339165 3.000000 57.105918
vertex -45.519126 3.000000 56.356705
endloop
endfacet
facet normal 0.949076 9.645722 -0.239010
outer loop
vertex -54.460096 3.000000 58.697392
vertex -45.519126 3.000000 56.356705
vertex -54.434584 3.000000 58.327417
endloop
endfacet
facet normal 2.104504 9.290726 -0.395023
outer loop
vertex -54.434584 3.000000 58.327417
vertex -45.519126 3.000000 56.356705
vertex -45.648221 3.000000 55.597670
endloop
endfacet
facet normal 0.940488 9.640626 -0.147252
outer loop
vertex -54.434584 3.000000 58.327417
vertex -45.648221 3.000000 55.597670
vertex -54.460096 3.000000 57.957442
endloop
endfacet
facet normal 2.136746 9.283706 -0.236981
outer loop
vertex -54.460096 3.000000 57.957442
vertex -45.648221 3.000000 55.597670
vertex -45.725902 3.000000 54.832062
endloop
endfacet
facet normal 0.957211 9.637714 -0.051153
outer loop
vertex -54.460096 3.000000 57.957442
vertex -45.725902 3.000000 54.832062
vertex -54.536186 3.000000 57.594064
endloop
endfacet
facet normal 2.281508 9.188640 -0.064434
outer loop
vertex -54.536186 3.000000 57.594064
vertex -45.725902 3.000000 54.832062
vertex -45.751830 3.000000 54.063166
endloop
endfacet
facet normal 1.022904 9.540591 0.090251
outer loop
vertex -54.536186 3.000000 57.594064
vertex -45.751830 3.000000 54.063166
vertex -54.661488 3.000000 57.243777
endloop
endfacet
facet normal 0.963586 9.535322 0.154133
outer loop
vertex -54.661488 3.000000 57.243777
vertex -45.751830 3.000000 54.063166
vertex -54.833764 3.000000 56.912828
endloop
endfacet
facet normal 0.978230 9.534447 0.197426
outer loop
vertex -54.833764 3.000000 56.912828
vertex -45.751830 3.000000 54.063166
vertex -55.049949 3.000000 56.607113
endloop
endfacet
facet normal 1.110935 9.541470 0.114075
outer loop
vertex -55.049949 3.000000 56.607113
vertex -45.751830 3.000000 54.063166
vertex -55.306179 3.000000 56.332114
endloop
endfacet
facet normal 1.207060 9.548390 -0.037332
outer loop
vertex -55.306179 3.000000 56.332114
vertex -45.751830 3.000000 54.063166
vertex -54.053931 3.000000 36.941318
endloop
endfacet
facet normal -0.311112 9.930537 -0.468312
outer loop
vertex -55.306179 3.000000 56.332114
vertex -54.053931 3.000000 36.941318
vertex -54.430519 3.000000 37.200703
endloop
endfacet
facet normal 2.749940 8.800621 -0.311148
outer loop
vertex -45.751830 3.000000 -59.580929
vertex -49.489351 3.000000 -45.585085
vertex -45.751830 3.000000 54.063166
endloop
endfacet
facet normal 1.181280 9.523705 -0.314188
outer loop
vertex -45.751830 3.000000 54.063166
vertex -49.489351 3.000000 -45.585085
vertex -52.529478 3.000000 -31.048932
endloop
endfacet
facet normal 1.194350 9.548786 -0.007669
outer loop
vertex -45.751830 3.000000 54.063166
vertex -52.529478 3.000000 -31.048932
vertex -52.606825 3.000000 -30.607022
endloop
endfacet
facet normal 2.600367 8.896912 0.066614
outer loop
vertex -45.725902 3.000000 -60.349825
vertex -54.434584 3.000000 -60.737635
vertex -45.751830 3.000000 -59.580929
endloop
endfacet
facet normal 1.286282 9.266794 -0.017325
outer loop
vertex -45.751830 3.000000 -59.580929
vertex -54.434584 3.000000 -60.737635
vertex -54.460096 3.000000 -60.367659
endloop
endfacet
facet normal 1.359402 9.268689 -0.022140
outer loop
vertex -45.751830 3.000000 -59.580929
vertex -54.460096 3.000000 -60.367659
vertex -54.536186 3.000000 -60.004282
endloop
endfacet
facet normal 1.004619 9.619368 0.075168
outer loop
vertex -54.434584 3.000000 -60.737635
vertex -45.725902 3.000000 -60.349825
vertex -54.460096 3.000000 -61.107610
endloop
endfacet
facet normal 2.424889 9.086578 0.239164
outer loop
vertex -54.460096 3.000000 -61.107610
vertex -45.725902 3.000000 -60.349825
vertex -45.648221 3.000000 -61.115433
endloop
endfacet
facet normal 2.406220 9.087100 0.392280
outer loop
vertex -54.460096 3.000000 -61.107610
vertex -45.648221 3.000000 -61.115433
vertex -45.519126 3.000000 -61.874468
endloop
endfacet
facet normal 0.990628 9.619947 0.250792
outer loop
vertex -54.460096 3.000000 -61.107610
vertex -45.519126 3.000000 -61.874468
vertex -54.536186 3.000000 -61.470982
endloop
endfacet
facet normal 2.151971 9.245321 0.533995
outer loop
vertex -54.536186 3.000000 -61.470982
vertex -45.519126 3.000000 -61.874468
vertex -45.339165 3.000000 -62.623681
endloop
endfacet
facet normal 0.951679 9.620815 0.351412
outer loop
vertex -54.536186 3.000000 -61.470982
vertex -45.339165 3.000000 -62.623681
vertex -54.661488 3.000000 -61.821270
endloop
endfacet
facet normal 2.114627 9.248798 0.692269
outer loop
vertex -54.661488 3.000000 -61.821270
vertex -45.339165 3.000000 -62.623681
vertex -45.109110 3.000000 -63.359864
endloop
endfacet
facet normal 0.938809 9.622446 0.444708
outer loop
vertex -54.661488 3.000000 -61.821270
vertex -45.109110 3.000000 -63.359864
vertex -54.833764 3.000000 -62.152223
endloop
endfacet
facet normal 2.071673 9.250441 0.847331
outer loop
vertex -54.833764 3.000000 -62.152223
vertex -45.109110 3.000000 -63.359864
vertex -44.829950 3.000000 -64.079868
endloop
endfacet
facet normal 0.984705 9.624327 0.485123
outer loop
vertex -54.833764 3.000000 -62.152223
vertex -44.829950 3.000000 -64.079868
vertex -55.049949 3.000000 -62.457928
endloop
endfacet
facet normal 1.135167 9.623950 0.480618
outer loop
vertex -55.049949 3.000000 -62.457928
vertex -44.829950 3.000000 -64.079868
vertex -44.502877 3.000000 -64.780602
endloop
endfacet
facet normal 0.137740 9.994536 -0.051102
outer loop
vertex -55.049949 3.000000 -62.457928
vertex -44.502877 3.000000 -64.780602
vertex -53.593512 3.000000 -83.597079
endloop
endfacet
facet normal 0.803489 9.833867 0.329740
outer loop
vertex -53.593512 3.000000 -83.597079
vertex -44.502877 3.000000 -64.780602
vertex -44.129292 3.000000 -65.459072
endloop
endfacet
facet normal 1.336982 9.686459 0.702775
outer loop
vertex -53.593512 3.000000 -83.597079
vertex -44.129292 3.000000 -65.459072
vertex -43.710796 3.000000 -66.112373
endloop
endfacet
facet normal 0.751476 9.844642 0.378039
outer loop
vertex -43.710796 3.000000 -66.112373
vertex -43.249176 3.000000 -66.737701
vertex -53.593512 3.000000 -83.597079
endloop
endfacet
facet normal -0.158861 9.863761 -0.672983
outer loop
vertex -53.593512 3.000000 -83.597079
vertex -43.249176 3.000000 -66.737701
vertex -41.556834 3.000000 -83.597079
endloop
endfacet
facet normal 0.695284 9.446152 0.229401
outer loop
vertex -41.556834 3.000000 -83.597079
vertex -43.249176 3.000000 -66.737701
vertex -42.746416 3.000000 -67.332387
endloop
endfacet
facet normal 1.429012 9.079066 0.986950
outer loop
vertex -41.556834 3.000000 -83.597079
vertex -42.746416 3.000000 -67.332387
vertex -42.204664 3.000000 -67.893878
endloop
endfacet
facet normal 1.233321 9.168513 1.004784
outer loop
vertex -42.204664 3.000000 -67.893878
vertex -41.626243 3.000000 -68.419775
vertex -41.556834 3.000000 -83.597079
endloop
endfacet
facet normal 1.060010 9.235151 1.024207
outer loop
vertex -41.556834 3.000000 -83.597079
vertex -41.626243 3.000000 -68.419775
vertex -41.013627 3.000000 -68.907816
endloop
endfacet
facet normal 0.904042 9.284766 1.045783
outer loop
vertex -41.556834 3.000000 -83.597079
vertex -41.013627 3.000000 -68.907816
vertex -40.369439 3.000000 -69.355924
endloop
endfacet
facet normal 0.761416 9.321221 1.069941
outer loop
vertex -40.369439 3.000000 -69.355924
vertex -39.696440 3.000000 -69.762170
vertex -41.556834 3.000000 -83.597079
endloop
endfacet
facet normal 0.628890 9.347101 1.097063
outer loop
vertex -41.556834 3.000000 -83.597079
vertex -39.696440 3.000000 -69.762170
vertex -38.997512 3.000000 -70.124820
endloop
endfacet
facet normal 0.503780 9.364106 1.127542
outer loop
vertex -41.556834 3.000000 -83.597079
vertex -38.997512 3.000000 -70.124820
vertex -38.275646 3.000000 -70.442320
endloop
endfacet
facet normal 0.383775 9.373292 1.161814
outer loop
vertex -38.275646 3.000000 -70.442320
vertex -37.533934 3.000000 -70.713308
vertex -41.556834 3.000000 -83.597079
endloop
endfacet
facet normal 0.266811 9.375209 1.200397
outer loop
vertex -41.556834 3.000000 -83.597079
vertex -37.533934 3.000000 -70.713308
vertex -36.775550 3.000000 -70.936630
endloop
endfacet
facet normal 0.150941 9.369969 1.243914
outer loop
vertex -41.556834 3.000000 -83.597079
vertex -36.775550 3.000000 -70.936630
vertex -36.003748 3.000000 -71.111322
endloop
endfacet
facet normal 0.034242 9.357263 1.293131
outer loop
vertex -36.003748 3.000000 -71.111322
vertex -35.221825 3.000000 -71.236639
vertex -41.556834 3.000000 -83.597079
endloop
endfacet
facet normal -0.085291 9.336318 1.349002
outer loop
vertex -41.556834 3.000000 -83.597079
vertex -35.221825 3.000000 -71.236639
vertex -34.433135 3.000000 -71.312046
endloop
endfacet
facet normal -0.219419 9.570357 0.689893
outer loop
vertex -41.556834 3.000000 -83.597079
vertex -34.433135 3.000000 -71.312046
vertex -33.641051 3.000000 -71.337215
endloop
endfacet
facet normal -0.054070 9.968255 0.402411
outer loop
vertex -29.065869 3.000000 -71.337215
vertex -37.254228 3.000000 -98.739333
vertex -33.641051 3.000000 -71.337215
endloop
endfacet
facet normal -0.095925 9.971516 0.234168
outer loop
vertex -33.641051 3.000000 -71.337215
vertex -37.254228 3.000000 -98.739333
vertex -37.561921 3.000000 -98.405106
endloop
endfacet
facet normal -0.335552 9.842395 -0.359370
outer loop
vertex -33.641051 3.000000 -71.337215
vertex -37.561921 3.000000 -98.405106
vertex -41.556834 3.000000 -83.597079
endloop
endfacet
facet normal -0.530751 9.843496 -0.919696
outer loop
vertex -41.556834 3.000000 -83.597079
vertex -37.561921 3.000000 -98.405106
vertex -37.906226 3.000000 -98.106417
endloop
endfacet
facet normal -0.913612 8.764014 0.950485
outer loop
vertex -41.556834 3.000000 -83.597079
vertex -37.906226 3.000000 -98.106417
vertex -41.556834 3.000000 -91.303974
endloop
endfacet
facet normal -1.649662 7.725875 -0.035032
outer loop
vertex -41.556834 3.000000 -91.303974
vertex -37.906226 3.000000 -98.106417
vertex -38.282819 3.000000 -97.847034
endloop
endfacet
facet normal -2.246789 6.770404 -1.407914
outer loop
vertex -41.556834 3.000000 -91.303974
vertex -38.282819 3.000000 -97.847034
vertex -38.686957 3.000000 -97.630215
endloop
endfacet
facet normal 0.832795 8.975272 1.851523
outer loop
vertex -28.479465 3.000000 -71.362070
vertex -22.337659 3.000000 -77.868485
vertex -29.065869 3.000000 -71.337215
endloop
endfacet
facet normal 0.676931 9.855441 0.106953
outer loop
vertex -29.065869 3.000000 -71.337215
vertex -22.337659 3.000000 -77.868485
vertex -36.987023 3.000000 -99.104903
endloop
endfacet
facet normal -0.089562 9.994058 0.061810
outer loop
vertex -29.065869 3.000000 -71.337215
vertex -36.987023 3.000000 -99.104903
vertex -37.254228 3.000000 -98.739333
endloop
endfacet
facet normal 1.113499 7.983604 3.520200
outer loop
vertex -28.479465 3.000000 -71.362070
vertex -27.897528 3.000000 -71.436441
vertex -22.337659 3.000000 -77.868485
endloop
endfacet
facet normal 1.446231 7.736150 3.652079
outer loop
vertex -22.337659 3.000000 -77.868485
vertex -27.897528 3.000000 -71.436441
vertex -27.324479 3.000000 -71.559764
endloop
endfacet
facet normal 1.805167 7.454008 3.753699
outer loop
vertex -22.337659 3.000000 -77.868485
vertex -27.324479 3.000000 -71.559764
vertex -26.764686 3.000000 -71.731098
endloop
endfacet
facet normal 2.186307 7.136757 3.817068
outer loop
vertex -26.764686 3.000000 -71.731098
vertex -26.222403 3.000000 -71.949143
vertex -22.337659 3.000000 -77.868485
endloop
endfacet
facet normal 2.583439 6.786195 3.834250
outer loop
vertex -22.337659 3.000000 -77.868485
vertex -26.222403 3.000000 -71.949143
vertex -25.701764 3.000000 -72.212238
endloop
endfacet
facet normal 2.988187 6.406904 3.798283
outer loop
vertex -22.337659 3.000000 -77.868485
vertex -25.701764 3.000000 -72.212238
vertex -25.206726 3.000000 -72.518382
endloop
endfacet
facet normal 3.390538 6.006437 3.704202
outer loop
vertex -25.206726 3.000000 -72.518382
vertex -24.741059 3.000000 -72.865241
vertex -22.337659 3.000000 -77.868485
endloop
endfacet
facet normal 3.779761 5.595069 3.549895
outer loop
vertex -22.337659 3.000000 -77.868485
vertex -24.741059 3.000000 -72.865241
vertex -24.308306 3.000000 -73.250180
endloop
endfacet
facet normal 4.145536 5.184993 3.336569
outer loop
vertex -22.337659 3.000000 -77.868485
vertex -24.308306 3.000000 -73.250180
vertex -23.911760 3.000000 -73.670263
endloop
endfacet
facet normal 4.479109 4.789122 3.068595
outer loop
vertex -23.911760 3.000000 -73.670263
vertex -23.554441 3.000000 -74.122303
vertex -22.337659 3.000000 -77.868485
endloop
endfacet
facet normal 4.774061 4.419812 2.752823
outer loop
vertex -22.337659 3.000000 -77.868485
vertex -23.554441 3.000000 -74.122303
vertex -23.239067 3.000000 -74.602850
endloop
endfacet
facet normal 5.026611 4.087776 2.397491
outer loop
vertex -22.337659 3.000000 -77.868485
vertex -23.239067 3.000000 -74.602850
vertex -22.968038 3.000000 -75.108252
endloop
endfacet
facet normal 5.235371 3.801495 2.011122
outer loop
vertex -22.968038 3.000000 -75.108252
vertex -22.743419 3.000000 -75.634657
vertex -22.337659 3.000000 -77.868485
endloop
endfacet
facet normal 5.400722 3.567120 1.601672
outer loop
vertex -22.337659 3.000000 -77.868485
vertex -22.743419 3.000000 -75.634657
vertex -22.566916 3.000000 -76.178069
endloop
endfacet
facet normal 5.524080 3.388715 1.175990
outer loop
vertex -22.337659 3.000000 -77.868485
vertex -22.566916 3.000000 -76.178069
vertex -22.439874 3.000000 -76.734342
endloop
endfacet
facet normal 5.607173 3.268724 0.739673
outer loop
vertex -22.439874 3.000000 -76.734342
vertex -22.363260 3.000000 -77.299246
vertex -22.337659 3.000000 -77.868485
endloop
endfacet
facet normal 0.650651 9.859376 -0.032494
outer loop
vertex -36.987023 3.000000 -99.104903
vertex -22.337659 3.000000 -77.868485
vertex -36.763662 3.000000 -99.497212
endloop
endfacet
facet normal 0.899923 9.806225 0.386690
outer loop
vertex -36.763662 3.000000 -99.497212
vertex -22.337659 3.000000 -77.868485
vertex -22.337659 3.000000 -102.028318
endloop
endfacet
facet normal -0.616729 9.744377 0.112638
outer loop
vertex -36.763662 3.000000 -99.497212
vertex -22.337659 3.000000 -102.028318
vertex -36.586953 3.000000 -99.911336
endloop
endfacet
facet normal -1.386026 9.560381 -0.046088
outer loop
vertex -36.586953 3.000000 -99.911336
vertex -22.337659 3.000000 -102.028318
vertex -36.459123 3.000000 -100.342064
endloop
endfacet
facet normal -1.365568 9.588455 0.151324
outer loop
vertex -36.459123 3.000000 -100.342064
vertex -22.337659 3.000000 -102.028318
vertex -36.381776 3.000000 -100.783973
endloop
endfacet
facet normal -1.349358 9.603600 0.337197
outer loop
vertex -36.381776 3.000000 -100.783973
vertex -22.337659 3.000000 -102.028318
vertex -36.355884 3.000000 -101.231503
endloop
endfacet
facet normal -1.336799 9.607794 0.517996
outer loop
vertex -36.355884 3.000000 -101.231503
vertex -22.337659 3.000000 -102.028318
vertex -36.381776 3.000000 -101.679042
endloop
endfacet
facet normal -1.327471 9.601560 0.699565
outer loop
vertex -36.381776 3.000000 -101.679042
vertex -22.337659 3.000000 -102.028318
vertex -36.459123 3.000000 -102.120952
endloop
endfacet
facet normal -1.321092 9.584114 0.887837
outer loop
vertex -36.459123 3.000000 -102.120952
vertex -22.337659 3.000000 -102.028318
vertex -36.586953 3.000000 -102.551679
endloop
endfacet
facet normal -1.317454 9.553154 1.089515
outer loop
vertex -36.586953 3.000000 -102.551679
vertex -22.337659 3.000000 -102.028318
vertex -36.763662 3.000000 -102.965803
endloop
endfacet
facet normal -1.316378 9.504193 1.312929
outer loop
vertex -36.763662 3.000000 -102.965803
vertex -22.337659 3.000000 -102.028318
vertex -36.987023 3.000000 -103.358112
endloop
endfacet
facet normal -1.317550 9.429126 1.569302
outer loop
vertex -36.987023 3.000000 -103.358112
vertex -22.337659 3.000000 -102.028318
vertex -37.254228 3.000000 -103.723682
endloop
endfacet
facet normal -1.320210 9.313199 1.874622
outer loop
vertex -37.254228 3.000000 -103.723682
vertex -22.337659 3.000000 -102.028318
vertex -37.561921 3.000000 -104.057909
endloop
endfacet
facet normal -1.322286 9.128464 2.252471
outer loop
vertex -37.561921 3.000000 -104.057909
vertex -22.337659 3.000000 -102.028318
vertex -37.906226 3.000000 -104.356598
endloop
endfacet
facet normal -1.318029 8.819111 2.737257
outer loop
vertex -37.906226 3.000000 -104.356598
vertex -22.337659 3.000000 -102.028318
vertex -38.282819 3.000000 -104.615981
endloop
endfacet
facet normal -1.291402 8.269149 3.372041
outer loop
vertex -38.282819 3.000000 -104.615981
vertex -22.337659 3.000000 -102.028318
vertex -38.686957 3.000000 -104.832800
endloop
endfacet
facet normal -1.199763 7.247940 4.171164
outer loop
vertex -38.686957 3.000000 -104.832800
vertex -22.337659 3.000000 -102.028318
vertex -39.113571 3.000000 -105.004333
endloop
endfacet
facet normal -0.644412 9.856081 0.547526
outer loop
vertex 22.337659 3.000000 -77.868485
vertex 36.763662 3.000000 -99.497212
vertex 22.337659 3.000000 -102.028318
endloop
endfacet
facet normal 0.518074 9.690967 0.242932
outer loop
vertex 22.337659 3.000000 -102.028318
vertex 36.763662 3.000000 -99.497212
vertex 36.586953 3.000000 -99.911336
endloop
endfacet
facet normal 1.281067 9.506971 0.054658
outer loop
vertex 22.337659 3.000000 -102.028318
vertex 36.586953 3.000000 -99.911336
vertex 36.459123 3.000000 -100.342064
endloop
endfacet
facet normal -2.370513 5.650469 -3.462553
outer loop
vertex -66.672620 3.000000 -114.007632
vertex -71.527602 3.000000 -108.807780
vertex -66.145033 3.000000 -114.032795
endloop
endfacet
facet normal -1.980393 7.949276 -0.886593
outer loop
vertex -66.145033 3.000000 -114.032795
vertex -71.527602 3.000000 -108.807780
vertex -53.593512 3.000000 -91.303974
endloop
endfacet
facet normal 0.225426 9.693407 -0.880263
outer loop
vertex -66.145033 3.000000 -114.032795
vertex -53.593512 3.000000 -91.303974
vertex -44.487975 3.000000 -102.120952
endloop
endfacet
facet normal 1.490211 9.511543 0.282341
outer loop
vertex -44.487975 3.000000 -102.120952
vertex -53.593512 3.000000 -91.303974
vertex -44.565323 3.000000 -101.679042
endloop
endfacet
facet normal 2.597288 9.140918 0.254375
outer loop
vertex -44.565323 3.000000 -101.679042
vertex -53.593512 3.000000 -91.303974
vertex -44.591214 3.000000 -101.231503
endloop
endfacet
facet normal 2.361508 9.305876 -0.007313
outer loop
vertex -44.591214 3.000000 -101.231503
vertex -53.593512 3.000000 -91.303974
vertex -44.565323 3.000000 -100.783973
endloop
endfacet
facet normal 2.164874 9.412177 -0.225255
outer loop
vertex -44.565323 3.000000 -100.783973
vertex -53.593512 3.000000 -91.303974
vertex -44.487975 3.000000 -100.342064
endloop
endfacet
facet normal 1.996312 9.481639 -0.414535
outer loop
vertex -44.487975 3.000000 -100.342064
vertex -53.593512 3.000000 -91.303974
vertex -44.360143 3.000000 -99.911336
endloop
endfacet
facet normal 1.847571 9.526242 -0.585527
outer loop
vertex -44.360143 3.000000 -99.911336
vertex -53.593512 3.000000 -91.303974
vertex -44.183437 3.000000 -99.497212
endloop
endfacet
facet normal 1.712418 9.552667 -0.745775
outer loop
vertex -44.183437 3.000000 -99.497212
vertex -53.593512 3.000000 -91.303974
vertex -43.960075 3.000000 -99.104903
endloop
endfacet
facet normal 1.004393 9.769538 -0.404873
outer loop
vertex -43.960075 3.000000 -99.104903
vertex -53.593512 3.000000 -91.303974
vertex -43.692871 3.000000 -98.739333
endloop
endfacet
facet normal -0.144803 8.899849 1.913462
outer loop
vertex -43.692871 3.000000 -98.739333
vertex -53.593512 3.000000 -91.303974
vertex -41.556834 3.000000 -91.303974
endloop
endfacet
facet normal 0.976560 7.720558 0.349004
outer loop
vertex -43.692871 3.000000 -98.739333
vertex -41.556834 3.000000 -91.303974
vertex -43.385175 3.000000 -98.405106
endloop
endfacet
facet normal 1.971284 6.724186 -1.026540
outer loop
vertex -43.385175 3.000000 -98.405106
vertex -41.556834 3.000000 -91.303974
vertex -43.040870 3.000000 -98.106417
endloop
endfacet
facet normal 1.511535 7.055592 -1.084853
outer loop
vertex -43.040870 3.000000 -98.106417
vertex -41.556834 3.000000 -91.303974
vertex -42.664279 3.000000 -97.847034
endloop
endfacet
facet normal 1.096483 7.281409 -1.125107
outer loop
vertex -42.664279 3.000000 -97.847034
vertex -41.556834 3.000000 -91.303974
vertex -42.260136 3.000000 -97.630215
endloop
endfacet
facet normal 0.716665 7.430919 -1.156648
outer loop
vertex -42.260136 3.000000 -97.630215
vertex -41.556834 3.000000 -91.303974
vertex -41.833527 3.000000 -97.458672
endloop
endfacet
facet normal 0.361685 7.522586 -1.184911
outer loop
vertex -41.833527 3.000000 -97.458672
vertex -41.556834 3.000000 -91.303974
vertex -41.389814 3.000000 -97.334586
endloop
endfacet
facet normal 0.021611 7.567131 -1.213064
outer loop
vertex -41.389814 3.000000 -97.334586
vertex -41.556834 3.000000 -91.303974
vertex -40.934580 3.000000 -97.259503
endloop
endfacet
facet normal -0.313061 7.569578 -1.242929
outer loop
vertex -40.934580 3.000000 -97.259503
vertex -41.556834 3.000000 -91.303974
vertex -40.473548 3.000000 -97.234369
endloop
endfacet
facet normal -0.651654 7.530203 -1.275393
outer loop
vertex -40.473548 3.000000 -97.234369
vertex -41.556834 3.000000 -91.303974
vertex -40.012516 3.000000 -97.259503
endloop
endfacet
facet normal -1.003738 7.444580 -1.310466
outer loop
vertex -40.012516 3.000000 -97.259503
vertex -41.556834 3.000000 -91.303974
vertex -39.557282 3.000000 -97.334586
endloop
endfacet
facet normal -1.379615 7.302722 -1.346986
outer loop
vertex -39.557282 3.000000 -97.334586
vertex -41.556834 3.000000 -91.303974
vertex -39.113571 3.000000 -97.458672
endloop
endfacet
facet normal -1.790303 7.087262 -1.381767
outer loop
vertex -39.113571 3.000000 -97.458672
vertex -41.556834 3.000000 -91.303974
vertex -38.686957 3.000000 -97.630215
endloop
endfacet
facet normal -2.796618 3.523835 -4.835821
outer loop
vertex -66.672620 3.000000 -114.007632
vertex -67.195120 3.000000 -113.932399
vertex -71.527602 3.000000 -108.807780
endloop
endfacet
facet normal -3.263375 3.321486 -4.793177
outer loop
vertex -71.527602 3.000000 -108.807780
vertex -67.195120 3.000000 -113.932399
vertex -67.707513 3.000000 -113.807805
endloop
endfacet
facet normal -3.726256 3.118989 -4.697536
outer loop
vertex -71.527602 3.000000 -108.807780
vertex -67.707513 3.000000 -113.807805
vertex -68.204855 3.000000 -113.635065
endloop
endfacet
facet normal -4.179061 2.919151 -4.549210
outer loop
vertex -68.204855 3.000000 -113.635065
vertex -68.682362 3.000000 -113.415835
vertex -71.527602 3.000000 -108.807780
endloop
endfacet
facet normal -4.615748 2.724819 -4.349532
outer loop
vertex -71.527602 3.000000 -108.807780
vertex -68.682362 3.000000 -113.415835
vertex -69.135430 3.000000 -113.152226
endloop
endfacet
facet normal -5.030514 2.538823 -4.100827
outer loop
vertex -71.527602 3.000000 -108.807780
vertex -69.135430 3.000000 -113.152226
vertex -69.559701 3.000000 -112.846770
endloop
endfacet
facet normal -5.418054 2.363840 -3.806279
outer loop
vertex -69.559701 3.000000 -112.846770
vertex -69.951088 3.000000 -112.502428
vertex -71.527602 3.000000 -108.807780
endloop
endfacet
facet normal -5.773729 2.202315 -3.469711
outer loop
vertex -71.527602 3.000000 -108.807780
vertex -69.951088 3.000000 -112.502428
vertex -70.305819 3.000000 -112.122497
endloop
endfacet
facet normal -6.093529 2.056446 -3.095510
outer loop
vertex -71.527602 3.000000 -108.807780
vertex -70.305819 3.000000 -112.122497
vertex -70.620475 3.000000 -111.710645
endloop
endfacet
facet normal -6.374097 1.928135 -2.688445
outer loop
vertex -70.620475 3.000000 -111.710645
vertex -70.892037 3.000000 -111.270839
vertex -71.527602 3.000000 -108.807780
endloop
endfacet
facet normal -6.612805 1.818950 -2.253413
outer loop
vertex -71.527602 3.000000 -108.807780
vertex -70.892037 3.000000 -111.270839
vertex -71.117878 3.000000 -110.807303
endloop
endfacet
facet normal -6.807586 1.730169 -1.795448
outer loop
vertex -71.527602 3.000000 -108.807780
vertex -71.117878 3.000000 -110.807303
vertex -71.295832 3.000000 -110.324524
endloop
endfacet
facet normal -6.956910 1.662768 -1.319549
outer loop
vertex -71.295832 3.000000 -110.324524
vertex -71.424177 3.000000 -109.827134
vertex -71.527602 3.000000 -108.807780
endloop
endfacet
facet normal -7.059708 1.617452 -0.830660
outer loop
vertex -71.527602 3.000000 -108.807780
vertex -71.424177 3.000000 -109.827134
vertex -71.501684 3.000000 -109.319919
endloop
endfacet
facet normal -3.833196 7.370212 -0.055659
outer loop
vertex -71.527602 3.000000 107.965063
vertex -66.952422 3.000000 -45.585085
vertex -71.527602 3.000000 -108.807780
endloop
endfacet
facet normal -2.099838 8.196787 0.414548
outer loop
vertex -71.527602 3.000000 -108.807780
vertex -66.952422 3.000000 -45.585085
vertex -66.952422 3.000000 -49.503847
endloop
endfacet
facet normal -2.122592 8.197746 0.470879
outer loop
vertex -71.527602 3.000000 -108.807780
vertex -66.952422 3.000000 -49.503847
vertex -59.995347 3.000000 -61.648161
endloop
endfacet
facet normal 0.395000 9.909522 0.534231
outer loop
vertex -59.995347 3.000000 -61.648161
vertex -66.952422 3.000000 -49.503847
vertex -60.096266 3.000000 -61.290534
endloop
endfacet
facet normal 0.641172 9.892692 0.544902
outer loop
vertex -60.096266 3.000000 -61.290534
vertex -66.952422 3.000000 -49.503847
vertex -60.147177 3.000000 -60.923036
endloop
endfacet
facet normal 0.498449 9.914598 0.463642
outer loop
vertex -60.147177 3.000000 -60.923036
vertex -66.952422 3.000000 -49.503847
vertex -60.147177 3.000000 -60.552233
endloop
endfacet
facet normal 0.413920 9.923755 0.413995
outer loop
vertex -60.147177 3.000000 -60.552233
vertex -66.952422 3.000000 -49.503847
vertex -60.096266 3.000000 -60.184735
endloop
endfacet
facet normal 0.356128 9.928405 0.378639
outer loop
vertex -60.096266 3.000000 -60.184735
vertex -66.952422 3.000000 -49.503847
vertex -59.995347 3.000000 -59.827108
endloop
endfacet
facet normal 0.312655 9.931019 0.350712
outer loop
vertex -59.995347 3.000000 -59.827108
vertex -66.952422 3.000000 -49.503847
vertex -59.846227 3.000000 -59.485725
endloop
endfacet
facet normal 0.277511 9.932550 0.326851
outer loop
vertex -59.846227 3.000000 -59.485725
vertex -66.952422 3.000000 -49.503847
vertex -59.651555 3.000000 -59.166686
endloop
endfacet
facet normal 0.247363 9.933418 0.305115
outer loop
vertex -59.651555 3.000000 -59.166686
vertex -66.952422 3.000000 -49.503847
vertex -59.414821 3.000000 -58.875670
endloop
endfacet
facet normal 0.220107 9.933821 0.284180
outer loop
vertex -59.414821 3.000000 -58.875670
vertex -66.952422 3.000000 -49.503847
vertex -59.140240 3.000000 -58.617897
endloop
endfacet
facet normal 0.194220 9.933839 0.262979
outer loop
vertex -59.140240 3.000000 -58.617897
vertex -66.952422 3.000000 -49.503847
vertex -58.832714 3.000000 -58.397944
endloop
endfacet
facet normal 0.168404 9.933475 0.240453
outer loop
vertex -58.832714 3.000000 -58.397944
vertex -66.952422 3.000000 -49.503847
vertex -58.497731 3.000000 -58.219738
endloop
endfacet
facet normal 0.141321 9.932657 0.215341
outer loop
vertex -58.497731 3.000000 -58.219738
vertex -66.952422 3.000000 -49.503847
vertex -58.141270 3.000000 -58.086469
endloop
endfacet
facet normal 0.091065 9.937098 0.328895
outer loop
vertex -58.141270 3.000000 -58.086469
vertex -66.952422 3.000000 -49.503847
vertex -57.769692 3.000000 -58.000508
endloop
endfacet
facet normal -0.188590 9.850201 1.003224
outer loop
vertex -57.769692 3.000000 -58.000508
vertex -66.952422 3.000000 -49.503847
vertex -49.489351 3.000000 -49.503847
endloop
endfacet
facet normal -0.239401 9.899558 0.350291
outer loop
vertex -57.769692 3.000000 -58.000508
vertex -49.489351 3.000000 -49.503847
vertex -57.389623 3.000000 -57.963395
endloop
endfacet
facet normal -0.259835 9.892727 0.195346
outer loop
vertex -57.389623 3.000000 -57.963395
vertex -49.489351 3.000000 -49.503847
vertex -57.007851 3.000000 -57.975782
endloop
endfacet
facet normal -0.298996 9.895412 0.231647
outer loop
vertex -57.007851 3.000000 -57.975782
vertex -49.489351 3.000000 -49.503847
vertex -56.631185 3.000000 -58.037461
endloop
endfacet
facet normal -0.332592 9.896975 0.261044
outer loop
vertex -56.631185 3.000000 -58.037461
vertex -49.489351 3.000000 -49.503847
vertex -56.266352 3.000000 -58.147321
endloop
endfacet
facet normal -0.363253 9.897822 0.286205
outer loop
vertex -56.266352 3.000000 -58.147321
vertex -49.489351 3.000000 -49.503847
vertex -55.919855 3.000000 -58.303407
endloop
endfacet
facet normal -0.392819 9.898142 0.308845
outer loop
vertex -55.919855 3.000000 -58.303407
vertex -49.489351 3.000000 -49.503847
vertex -55.597884 3.000000 -58.502930
endloop
endfacet
facet normal -0.422823 9.897999 0.330218
outer loop
vertex -55.597884 3.000000 -58.502930
vertex -49.489351 3.000000 -49.503847
vertex -55.306179 3.000000 -58.742331
endloop
endfacet
facet normal -0.454840 9.897364 0.351409
outer loop
vertex -55.306179 3.000000 -58.742331
vertex -49.489351 3.000000 -49.503847
vertex -55.049949 3.000000 -59.017331
endloop
endfacet
facet normal -0.490798 9.896104 0.373550
outer loop
vertex -55.049949 3.000000 -59.017331
vertex -49.489351 3.000000 -49.503847
vertex -54.833764 3.000000 -59.323046
endloop
endfacet
facet normal -0.533482 9.893912 0.398087
outer loop
vertex -54.833764 3.000000 -59.323046
vertex -49.489351 3.000000 -49.503847
vertex -54.661488 3.000000 -59.653994
endloop
endfacet
facet normal -0.410836 9.900285 0.472756
outer loop
vertex -54.661488 3.000000 -59.653994
vertex -49.489351 3.000000 -49.503847
vertex -54.536186 3.000000 -60.004282
endloop
endfacet
facet normal 1.287222 9.184779 0.537576
outer loop
vertex -54.536186 3.000000 -60.004282
vertex -49.489351 3.000000 -49.503847
vertex -45.751830 3.000000 -59.580929
endloop
endfacet
facet normal -6.586488 2.477339 0.665486
outer loop
vertex -71.501684 3.000000 108.477212
vertex -71.424177 3.000000 108.984418
vertex -71.527602 3.000000 107.965063
endloop
endfacet
facet normal -6.499287 2.522654 1.157573
outer loop
vertex -71.527602 3.000000 107.965063
vertex -71.424177 3.000000 108.984418
vertex -71.295832 3.000000 109.481807
endloop
endfacet
facet normal -6.365167 2.590056 1.638254
outer loop
vertex -71.527602 3.000000 107.965063
vertex -71.295832 3.000000 109.481807
vertex -71.117878 3.000000 109.964596
endloop
endfacet
facet normal -6.185043 2.678840 2.102554
outer loop
vertex -71.117878 3.000000 109.964596
vertex -70.892037 3.000000 110.428122
vertex -71.527602 3.000000 107.965063
endloop
endfacet
facet normal -5.960287 2.788024 2.545408
outer loop
vertex -71.527602 3.000000 107.965063
vertex -70.892037 3.000000 110.428122
vertex -70.620475 3.000000 110.867928
endloop
endfacet
facet normal -5.692810 2.916333 2.961713
outer loop
vertex -71.527602 3.000000 107.965063
vertex -70.620475 3.000000 110.867928
vertex -70.305819 3.000000 111.279780
endloop
endfacet
facet normal -5.385097 3.062196 3.346475
outer loop
vertex -70.305819 3.000000 111.279780
vertex -69.951088 3.000000 111.659711
vertex -71.527602 3.000000 107.965063
endloop
endfacet
facet normal -5.040305 3.223722 3.694865
outer loop
vertex -71.527602 3.000000 107.965063
vertex -69.951088 3.000000 111.659711
vertex -69.559701 3.000000 112.004064
endloop
endfacet
facet normal -4.662316 3.398710 4.002345
outer loop
vertex -71.527602 3.000000 107.965063
vertex -69.559701 3.000000 112.004064
vertex -69.135430 3.000000 112.309509
endloop
endfacet
facet normal -4.255694 3.584707 4.264896
outer loop
vertex -69.135430 3.000000 112.309509
vertex -68.682362 3.000000 112.573128
vertex -71.527602 3.000000 107.965063
endloop
endfacet
facet normal -3.825580 3.779039 4.479199
outer loop
vertex -71.527602 3.000000 107.965063
vertex -68.682362 3.000000 112.573128
vertex -68.204855 3.000000 112.792348
endloop
endfacet
facet normal -3.377721 3.978879 4.642725
outer loop
vertex -71.527602 3.000000 107.965063
vertex -68.204855 3.000000 112.792348
vertex -67.707513 3.000000 112.965098
endloop
endfacet
facet normal -2.918137 4.181373 4.753924
outer loop
vertex -67.707513 3.000000 112.965098
vertex -67.195120 3.000000 113.089682
vertex -71.527602 3.000000 107.965063
endloop
endfacet
facet normal -2.452984 4.383724 4.812288
outer loop
vertex -71.527602 3.000000 107.965063
vertex -67.195120 3.000000 113.089682
vertex -66.672620 3.000000 113.164925
endloop
endfacet
facet normal -1.950495 6.086237 3.992276
outer loop
vertex -71.527602 3.000000 107.965063
vertex -66.672620 3.000000 113.164925
vertex -66.145033 3.000000 113.190079
endloop
endfacet
facet normal 0.015700 8.804711 2.874306
outer loop
vertex 66.145033 3.000000 113.190079
vertex 41.556834 3.000000 99.278482
vertex -66.145033 3.000000 113.190079
endloop
endfacet
facet normal -0.025167 9.283578 1.465857
outer loop
vertex -66.145033 3.000000 113.190079
vertex 41.556834 3.000000 99.278482
vertex -41.556834 3.000000 99.278482
endloop
endfacet
facet normal 0.132760 9.256666 1.219206
outer loop
vertex -66.145033 3.000000 113.190079
vertex -41.556834 3.000000 99.278482
vertex -53.593512 3.000000 99.278482
endloop
endfacet
facet normal 2.349353 5.510367 3.742940
outer loop
vertex 66.672620 3.000000 113.164925
vertex 71.527602 3.000000 107.965063
vertex 66.145033 3.000000 113.190079
endloop
endfacet
facet normal 1.795989 7.629972 0.543358
outer loop
vertex 66.145033 3.000000 113.190079
vertex 71.527602 3.000000 107.965063
vertex 53.593512 3.000000 99.278482
endloop
endfacet
facet normal -0.344637 9.322595 0.518505
outer loop
vertex 66.145033 3.000000 113.190079
vertex 53.593512 3.000000 99.278482
vertex 41.556834 3.000000 99.278482
endloop
endfacet
facet normal 2.775420 3.575349 4.835817
outer loop
vertex 66.672620 3.000000 113.164925
vertex 67.195120 3.000000 113.089682
vertex 71.527602 3.000000 107.965063
endloop
endfacet
facet normal 3.242178 3.373001 4.793176
outer loop
vertex 71.527602 3.000000 107.965063
vertex 67.195120 3.000000 113.089682
vertex 67.707513 3.000000 112.965098
endloop
endfacet
facet normal 3.705057 3.170503 4.697532
outer loop
vertex 71.527602 3.000000 107.965063
vertex 67.707513 3.000000 112.965098
vertex 68.204855 3.000000 112.792348
endloop
endfacet
facet normal 4.157864 2.970666 4.549209
outer loop
vertex 68.204855 3.000000 112.792348
vertex 68.682362 3.000000 112.573128
vertex 71.527602 3.000000 107.965063
endloop
endfacet
facet normal 4.594548 2.776333 4.349529
outer loop
vertex 71.527602 3.000000 107.965063
vertex 68.682362 3.000000 112.573128
vertex 69.135430 3.000000 112.309509
endloop
endfacet
facet normal 5.009318 2.590336 4.100825
outer loop
vertex 71.527602 3.000000 107.965063
vertex 69.135430 3.000000 112.309509
vertex 69.559701 3.000000 112.004064
endloop
endfacet
facet normal 5.396862 2.415350 3.806268
outer loop
vertex 69.559701 3.000000 112.004064
vertex 69.951088 3.000000 111.659711
vertex 71.527602 3.000000 107.965063
endloop
endfacet
facet normal 5.752548 2.253821 3.469692
outer loop
vertex 71.527602 3.000000 107.965063
vertex 69.951088 3.000000 111.659711
vertex 70.305819 3.000000 111.279780
endloop
endfacet
facet normal 6.072331 2.107958 3.095507
outer loop
vertex 71.527602 3.000000 107.965063
vertex 70.305819 3.000000 111.279780
vertex 70.620475 3.000000 110.867928
endloop
endfacet
facet normal 6.352896 1.979650 2.688450
outer loop
vertex 70.620475 3.000000 110.867928
vertex 70.892037 3.000000 110.428122
vertex 71.527602 3.000000 107.965063
endloop
endfacet
facet normal 6.591601 1.870466 2.253424
outer loop
vertex 71.527602 3.000000 107.965063
vertex 70.892037 3.000000 110.428122
vertex 71.117878 3.000000 109.964596
endloop
endfacet
facet normal 6.786388 1.781682 1.795442
outer loop
vertex 71.527602 3.000000 107.965063
vertex 71.117878 3.000000 109.964596
vertex 71.295832 3.000000 109.481807
endloop
endfacet
facet normal 6.935715 1.714279 1.319541
outer loop
vertex 71.295832 3.000000 109.481807
vertex 71.424177 3.000000 108.984418
vertex 71.527602 3.000000 107.965063
endloop
endfacet
facet normal 7.038509 1.668965 0.830663
outer loop
vertex 71.527602 3.000000 107.965063
vertex 71.424177 3.000000 108.984418
vertex 71.501684 3.000000 108.477212
endloop
endfacet
facet normal 3.859486 7.357822 0.057309
outer loop
vertex 71.527602 3.000000 -108.807780
vertex 66.952422 3.000000 42.913621
vertex 71.527602 3.000000 107.965063
endloop
endfacet
facet normal 2.073353 8.249531 -0.407144
outer loop
vertex 71.527602 3.000000 107.965063
vertex 66.952422 3.000000 42.913621
vertex 66.952422 3.000000 47.093630
endloop
endfacet
facet normal 2.098550 8.250573 -0.464972
outer loop
vertex 71.527602 3.000000 107.965063
vertex 66.952422 3.000000 47.093630
vertex 60.051966 3.000000 59.060765
endloop
endfacet
facet normal -0.344261 9.920778 -0.498228
outer loop
vertex 60.051966 3.000000 59.060765
vertex 66.952422 3.000000 47.093630
vertex 60.128051 3.000000 58.697392
endloop
endfacet
facet normal -0.561802 9.907630 -0.492607
outer loop
vertex 60.128051 3.000000 58.697392
vertex 66.952422 3.000000 47.093630
vertex 60.153563 3.000000 58.327417
endloop
endfacet
facet normal -0.454429 9.921334 -0.430597
outer loop
vertex 60.153563 3.000000 58.327417
vertex 66.952422 3.000000 47.093630
vertex 60.128051 3.000000 57.957442
endloop
endfacet
facet normal -0.385514 9.927747 -0.389333
outer loop
vertex 60.128051 3.000000 57.957442
vertex 66.952422 3.000000 47.093630
vertex 60.051966 3.000000 57.594064
endloop
endfacet
facet normal -0.335894 9.931204 -0.358255
outer loop
vertex 60.051966 3.000000 57.594064
vertex 66.952422 3.000000 47.093630
vertex 59.926664 3.000000 57.243777
endloop
endfacet
facet normal -0.297120 9.933202 -0.332666
outer loop
vertex 59.926664 3.000000 57.243777
vertex 66.952422 3.000000 47.093630
vertex 59.754383 3.000000 56.912828
endloop
endfacet
facet normal -0.264793 9.934367 -0.310060
outer loop
vertex 59.754383 3.000000 56.912828
vertex 66.952422 3.000000 47.093630
vertex 59.538198 3.000000 56.607113
endloop
endfacet
facet normal -0.236307 9.934986 -0.288866
outer loop
vertex 59.538198 3.000000 56.607113
vertex 66.952422 3.000000 47.093630
vertex 59.281968 3.000000 56.332114
endloop
endfacet
facet normal -0.209906 9.935191 -0.267928
outer loop
vertex 59.281968 3.000000 56.332114
vertex 66.952422 3.000000 47.093630
vertex 58.990263 3.000000 56.092712
endloop
endfacet
facet normal -0.184213 9.935022 -0.246204
outer loop
vertex 58.990263 3.000000 56.092712
vertex 66.952422 3.000000 47.093630
vertex 58.668292 3.000000 55.893189
endloop
endfacet
facet normal -0.157943 9.934446 -0.222563
outer loop
vertex 58.668292 3.000000 55.893189
vertex 66.952422 3.000000 47.093630
vertex 58.321795 3.000000 55.737103
endloop
endfacet
facet normal -0.129639 9.933342 -0.195549
outer loop
vertex 58.321795 3.000000 55.737103
vertex 66.952422 3.000000 47.093630
vertex 57.956957 3.000000 55.627244
endloop
endfacet
facet normal -0.085752 9.938014 -0.315460
outer loop
vertex 57.956957 3.000000 55.627244
vertex 66.952422 3.000000 47.093630
vertex 57.580297 3.000000 55.565565
endloop
endfacet
facet normal 0.218362 9.837068 -1.030758
outer loop
vertex 57.580297 3.000000 55.565565
vertex 66.952422 3.000000 47.093630
vertex 49.489346 3.000000 47.093630
endloop
endfacet
facet normal 0.283271 9.886071 -0.394399
outer loop
vertex 57.580297 3.000000 55.565565
vertex 49.489346 3.000000 47.093630
vertex 57.198524 3.000000 55.553177
endloop
endfacet
facet normal 0.312456 9.879801 -0.247943
outer loop
vertex 57.198524 3.000000 55.553177
vertex 49.489346 3.000000 47.093630
vertex 56.818455 3.000000 55.590290
endloop
endfacet
facet normal 0.348427 9.881853 -0.280368
outer loop
vertex 56.818455 3.000000 55.590290
vertex 49.489346 3.000000 47.093630
vertex 56.446877 3.000000 55.676251
endloop
endfacet
facet normal 0.380292 9.883024 -0.307390
outer loop
vertex 56.446877 3.000000 55.676251
vertex 49.489346 3.000000 47.093630
vertex 56.090411 3.000000 55.809520
endloop
endfacet
facet normal 0.410204 9.883594 -0.331114
outer loop
vertex 56.090411 3.000000 55.809520
vertex 49.489346 3.000000 47.093630
vertex 55.755433 3.000000 55.987726
endloop
endfacet
facet normal 0.439801 9.883680 -0.352978
outer loop
vertex 55.755433 3.000000 55.987726
vertex 49.489346 3.000000 47.093630
vertex 55.447907 3.000000 56.207679
endloop
endfacet
facet normal 0.470603 9.883301 -0.374128
outer loop
vertex 55.447907 3.000000 56.207679
vertex 49.489346 3.000000 47.093630
vertex 55.173326 3.000000 56.465453
endloop
endfacet
facet normal 0.504310 9.882378 -0.395640
outer loop
vertex 55.173326 3.000000 56.465453
vertex 49.489346 3.000000 47.093630
vertex 54.936592 3.000000 56.756468
endloop
endfacet
facet normal 6.636434 2.413519 -0.665488
outer loop
vertex 71.501684 3.000000 -109.319919
vertex 71.424177 3.000000 -109.827134
vertex 71.527602 3.000000 -108.807780
endloop
endfacet
facet normal 6.549232 2.458835 -1.157577
outer loop
vertex 71.527602 3.000000 -108.807780
vertex 71.424177 3.000000 -109.827134
vertex 71.295832 3.000000 -110.324524
endloop
endfacet
facet normal 6.415109 2.526237 -1.638270
outer loop
vertex 71.527602 3.000000 -108.807780
vertex 71.295832 3.000000 -110.324524
vertex 71.117878 3.000000 -110.807303
endloop
endfacet
facet normal 6.234993 2.615018 -2.102552
outer loop
vertex 71.117878 3.000000 -110.807303
vertex 70.892037 3.000000 -111.270839
vertex 71.527602 3.000000 -108.807780
endloop
endfacet
facet normal 6.010239 2.724202 -2.545401
outer loop
vertex 71.527602 3.000000 -108.807780
vertex 70.892037 3.000000 -111.270839
vertex 70.620475 3.000000 -111.710645
endloop
endfacet
facet normal 5.742755 2.852514 -2.961719
outer loop
vertex 71.527602 3.000000 -108.807780
vertex 70.620475 3.000000 -111.710645
vertex 70.305819 3.000000 -112.122497
endloop
endfacet
facet normal 5.435034 2.998382 -3.346489
outer loop
vertex 70.305819 3.000000 -112.122497
vertex 69.951088 3.000000 -112.502428
vertex 71.527602 3.000000 -108.807780
endloop
endfacet
facet normal 5.090233 3.159908 -3.694886
outer loop
vertex 71.527602 3.000000 -108.807780
vertex 69.951088 3.000000 -112.502428
vertex 69.559701 3.000000 -112.846770
endloop
endfacet
facet normal 4.712263 3.334889 -4.002351
outer loop
vertex 71.527602 3.000000 -108.807780
vertex 69.559701 3.000000 -112.846770
vertex 69.135430 3.000000 -113.152226
endloop
endfacet
facet normal 4.305638 3.520886 -4.264902
outer loop
vertex 69.135430 3.000000 -113.152226
vertex 68.682362 3.000000 -113.415835
vertex 71.527602 3.000000 -108.807780
endloop
endfacet
facet normal 3.875526 3.715219 -4.479206
outer loop
vertex 71.527602 3.000000 -108.807780
vertex 68.682362 3.000000 -113.415835
vertex 68.204855 3.000000 -113.635065
endloop
endfacet
facet normal 3.427666 3.915057 -4.642730
outer loop
vertex 71.527602 3.000000 -108.807780
vertex 68.204855 3.000000 -113.635065
vertex 67.707513 3.000000 -113.807805
endloop
endfacet
facet normal 2.968083 4.117552 -4.753931
outer loop
vertex 67.707513 3.000000 -113.807805
vertex 67.195120 3.000000 -113.932399
vertex 71.527602 3.000000 -108.807780
endloop
endfacet
facet normal 2.502929 4.319902 -4.812294
outer loop
vertex 71.527602 3.000000 -108.807780
vertex 67.195120 3.000000 -113.932399
vertex 66.672620 3.000000 -114.007632
endloop
endfacet
facet normal 2.000522 5.317277 -4.503236
outer loop
vertex 71.527602 3.000000 -108.807780
vertex 66.672620 3.000000 -114.007632
vertex 66.145033 3.000000 -114.032795
endloop
endfacet
facet normal 3.266669 8.328547 -0.322803
outer loop
vertex -60.713027 3.000000 -31.048932
vertex -60.738919 3.000000 -31.496469
vertex -66.952422 3.000000 -45.585085
endloop
endfacet
facet normal 2.772259 8.864201 0.037962
outer loop
vertex -66.952422 3.000000 -45.585085
vertex -60.738919 3.000000 -31.496469
vertex -60.713027 3.000000 -31.944006
endloop
endfacet
facet normal 2.383793 9.168816 0.301703
outer loop
vertex -66.952422 3.000000 -45.585085
vertex -60.713027 3.000000 -31.944006
vertex -60.635680 3.000000 -32.385915
endloop
endfacet
facet normal 2.076258 9.352193 0.504004
outer loop
vertex -60.635680 3.000000 -32.385915
vertex -60.507847 3.000000 -32.816640
vertex -66.952422 3.000000 -45.585085
endloop
endfacet
facet normal 1.825908 9.467864 0.667571
outer loop
vertex -66.952422 3.000000 -45.585085
vertex -60.507847 3.000000 -32.816640
vertex -60.331141 3.000000 -33.230762
endloop
endfacet
facet normal 1.615318 9.542944 0.806539
outer loop
vertex -66.952422 3.000000 -45.585085
vertex -60.331141 3.000000 -33.230762
vertex -60.107780 3.000000 -33.623073
endloop
endfacet
facet normal 1.432218 9.591861 0.930028
outer loop
vertex -60.107780 3.000000 -33.623073
vertex -59.840575 3.000000 -33.988643
vertex -66.952422 3.000000 -45.585085
endloop
endfacet
facet normal 1.267795 9.622574 1.044310
outer loop
vertex -66.952422 3.000000 -45.585085
vertex -59.840575 3.000000 -33.988643
vertex -59.532880 3.000000 -34.322871
endloop
endfacet
facet normal 1.115418 9.639479 1.154046
outer loop
vertex -66.952422 3.000000 -45.585085
vertex -59.532880 3.000000 -34.322871
vertex -59.188575 3.000000 -34.621557
endloop
endfacet
facet normal 0.969723 9.644791 1.263079
outer loop
vertex -59.188575 3.000000 -34.621557
vertex -58.811981 3.000000 -34.880943
vertex -66.952422 3.000000 -45.585085
endloop
endfacet
facet normal 0.825961 9.639178 1.374946
outer loop
vertex -66.952422 3.000000 -45.585085
vertex -58.811981 3.000000 -34.880943
vertex -58.407843 3.000000 -35.097766
endloop
endfacet
facet normal 0.679466 9.621935 1.493296
outer loop
vertex -66.952422 3.000000 -45.585085
vertex -58.407843 3.000000 -35.097766
vertex -57.981232 3.000000 -35.269300
endloop
endfacet
facet normal 0.525092 9.590797 1.622308
outer loop
vertex -57.981232 3.000000 -35.269300
vertex -57.537522 3.000000 -35.393390
vertex -66.952422 3.000000 -45.585085
endloop
endfacet
facet normal 0.242304 9.784374 0.873594
outer loop
vertex -66.952422 3.000000 -45.585085
vertex -57.537522 3.000000 -35.393390
vertex -57.082287 3.000000 -35.468474
endloop
endfacet
facet normal -0.002760 9.972996 -0.310445
outer loop
vertex -66.952422 3.000000 -45.585085
vertex -57.082287 3.000000 -35.468474
vertex -49.489351 3.000000 -45.585085
endloop
endfacet
facet normal -0.008807 9.684164 0.785658
outer loop
vertex -49.489351 3.000000 -45.585085
vertex -57.082287 3.000000 -35.468474
vertex -56.621253 3.000000 -35.493605
endloop
endfacet
facet normal -0.105224 9.426904 1.709537
outer loop
vertex -49.489351 3.000000 -45.585085
vertex -56.621253 3.000000 -35.493605
vertex -56.160218 3.000000 -35.468474
endloop
endfacet
facet normal -0.311875 9.478679 1.596043
outer loop
vertex -56.160218 3.000000 -35.468474
vertex -55.704989 3.000000 -35.393390
vertex -49.489351 3.000000 -45.585085
endloop
endfacet
facet normal -0.503346 9.510012 1.494551
outer loop
vertex -49.489351 3.000000 -45.585085
vertex -55.704989 3.000000 -35.393390
vertex -55.261273 3.000000 -35.269300
endloop
endfacet
facet normal -0.686888 9.525196 1.401349
outer loop
vertex -49.489351 3.000000 -45.585085
vertex -55.261273 3.000000 -35.269300
vertex -54.834667 3.000000 -35.097766
endloop
endfacet
facet normal -0.868699 9.526176 1.313322
outer loop
vertex -54.834667 3.000000 -35.097766
vertex -54.430519 3.000000 -34.880943
vertex -49.489351 3.000000 -45.585085
endloop
endfacet
facet normal -1.054645 9.513075 1.227630
outer loop
vertex -49.489351 3.000000 -45.585085
vertex -54.430519 3.000000 -34.880943
vertex -54.053931 3.000000 -34.621557
endloop
endfacet
facet normal -1.250900 9.484228 1.141400
outer loop
vertex -49.489351 3.000000 -45.585085
vertex -54.053931 3.000000 -34.621557
vertex -53.709625 3.000000 -34.322871
endloop
endfacet
facet normal -1.464663 9.435728 1.051366
outer loop
vertex -53.709625 3.000000 -34.322871
vertex -53.401935 3.000000 -33.988643
vertex -49.489351 3.000000 -45.585085
endloop
endfacet
facet normal -1.705035 9.360296 0.953334
outer loop
vertex -49.489351 3.000000 -45.585085
vertex -53.401935 3.000000 -33.988643
vertex -53.134725 3.000000 -33.623073
endloop
endfacet
facet normal -1.984133 9.244909 0.841373
outer loop
vertex -49.489351 3.000000 -45.585085
vertex -53.134725 3.000000 -33.623073
vertex -52.911364 3.000000 -33.230762
endloop
endfacet
facet normal -2.318478 9.065960 0.706402
outer loop
vertex -52.911364 3.000000 -33.230762
vertex -52.734658 3.000000 -32.816640
vertex -49.489351 3.000000 -45.585085
endloop
endfacet
facet normal -2.729930 8.779179 0.533710
outer loop
vertex -49.489351 3.000000 -45.585085
vertex -52.734658 3.000000 -32.816640
vertex -52.606825 3.000000 -32.385915
endloop
endfacet
facet normal -3.242253 8.299346 0.299009
outer loop
vertex -49.489351 3.000000 -45.585085
vertex -52.606825 3.000000 -32.385915
vertex -52.529478 3.000000 -31.944006
endloop
endfacet
facet normal -3.858074 7.467595 -0.034367
outer loop
vertex -52.529478 3.000000 -31.944006
vertex -52.503591 3.000000 -31.496469
vertex -49.489351 3.000000 -45.585085
endloop
endfacet
facet normal -2.140150 8.456218 -0.273852
outer loop
vertex -49.489351 3.000000 -45.585085
vertex -52.503591 3.000000 -31.496469
vertex -52.529478 3.000000 -31.048932
endloop
endfacet
facet normal -0.695279 9.930139 0.019957
outer loop
vertex -52.734658 3.000000 -30.176300
vertex -52.734658 3.000000 32.496058
vertex -52.606825 3.000000 -30.607022
endloop
endfacet
facet normal -0.394988 9.961497 0.135091
outer loop
vertex -52.606825 3.000000 -30.607022
vertex -52.734658 3.000000 32.496058
vertex -52.606825 3.000000 32.926783
endloop
endfacet
facet normal 1.199762 9.548853 0.000759
outer loop
vertex -52.606825 3.000000 -30.607022
vertex -52.606825 3.000000 32.926783
vertex -45.751830 3.000000 54.063166
endloop
endfacet
facet normal -0.571019 8.494105 0.248602
outer loop
vertex -45.751830 3.000000 54.063166
vertex -52.606825 3.000000 32.926783
vertex -52.529478 3.000000 33.368692
endloop
endfacet
facet normal -1.951984 7.907450 0.269925
outer loop
vertex -45.751830 3.000000 54.063166
vertex -52.529478 3.000000 33.368692
vertex -52.503591 3.000000 33.816230
endloop
endfacet
facet normal -0.928316 9.908057 0.157211
outer loop
vertex -52.734658 3.000000 32.496058
vertex -52.734658 3.000000 -30.176300
vertex -52.911364 3.000000 32.081937
endloop
endfacet
facet normal -0.820027 9.926905 -0.091384
outer loop
vertex -52.911364 3.000000 32.081937
vertex -52.734658 3.000000 -30.176300
vertex -52.911364 3.000000 -29.762176
endloop
endfacet
facet normal -0.693194 9.943482 0.150158
outer loop
vertex -52.911364 3.000000 32.081937
vertex -52.911364 3.000000 -29.762176
vertex -53.134725 3.000000 31.689625
endloop
endfacet
facet normal -0.628923 9.952220 -0.100717
outer loop
vertex -53.134725 3.000000 31.689625
vertex -52.911364 3.000000 -29.762176
vertex -53.134725 3.000000 -29.369865
endloop
endfacet
facet normal -0.541459 9.960579 0.146070
outer loop
vertex -53.134725 3.000000 31.689625
vertex -53.134725 3.000000 -29.369865
vertex -53.401935 3.000000 31.324055
endloop
endfacet
facet normal -0.499073 9.965320 -0.107426
outer loop
vertex -53.401935 3.000000 31.324055
vertex -53.134725 3.000000 -29.369865
vertex -53.401935 3.000000 -29.004295
endloop
endfacet
facet normal -0.432432 9.970114 0.143476
outer loop
vertex -53.401935 3.000000 31.324055
vertex -53.401935 3.000000 -29.004295
vertex -53.709625 3.000000 30.989828
endloop
endfacet
facet normal -0.402371 9.972953 -0.112675
outer loop
vertex -53.709625 3.000000 30.989828
vertex -53.401935 3.000000 -29.004295
vertex -53.709625 3.000000 -28.670067
endloop
endfacet
facet normal -0.347923 9.975937 0.141693
outer loop
vertex -53.709625 3.000000 30.989828
vertex -53.709625 3.000000 -28.670067
vertex -54.053931 3.000000 30.691142
endloop
endfacet
facet normal -0.325379 9.977751 -0.117001
outer loop
vertex -54.053931 3.000000 30.691142
vertex -53.709625 3.000000 -28.670067
vertex -54.053931 3.000000 -28.371381
endloop
endfacet
facet normal -0.278556 9.979708 0.140348
outer loop
vertex -54.053931 3.000000 30.691142
vertex -54.053931 3.000000 -28.371381
vertex -54.430519 3.000000 30.431756
endloop
endfacet
facet normal -0.260838 9.980913 -0.120672
outer loop
vertex -54.430519 3.000000 30.431756
vertex -54.053931 3.000000 -28.371381
vertex -54.430519 3.000000 -28.111995
endloop
endfacet
facet normal -0.218979 9.982236 0.139219
outer loop
vertex -54.430519 3.000000 30.431756
vertex -54.430519 3.000000 -28.111995
vertex -54.834667 3.000000 30.214932
endloop
endfacet
facet normal -0.204456 9.983052 -0.123848
outer loop
vertex -54.834667 3.000000 30.214932
vertex -54.430519 3.000000 -28.111995
vertex -54.834667 3.000000 -27.895174
endloop
endfacet
facet normal -0.165898 9.983952 0.138156
outer loop
vertex -54.834667 3.000000 30.214932
vertex -54.834667 3.000000 -27.895174
vertex -55.261273 3.000000 30.043399
endloop
endfacet
facet normal -0.153507 9.984502 -0.126609
outer loop
vertex -55.261273 3.000000 30.043399
vertex -54.834667 3.000000 -27.895174
vertex -55.261273 3.000000 -27.723638
endloop
endfacet
facet normal -0.117130 9.985100 0.137066
outer loop
vertex -55.261273 3.000000 30.043399
vertex -55.261273 3.000000 -27.723638
vertex -55.704989 3.000000 29.919308
endloop
endfacet
facet normal -0.106130 9.985454 -0.129019
outer loop
vertex -55.704989 3.000000 29.919308
vertex -55.261273 3.000000 -27.723638
vertex -55.704989 3.000000 -27.599547
endloop
endfacet
facet normal -0.071136 9.985821 0.135865
outer loop
vertex -55.704989 3.000000 29.919308
vertex -55.704989 3.000000 -27.599547
vertex -56.160218 3.000000 29.844225
endloop
endfacet
facet normal -0.060978 9.986020 -0.131113
outer loop
vertex -56.160218 3.000000 29.844225
vertex -55.704989 3.000000 -27.599547
vertex -56.160218 3.000000 -27.524464
endloop
endfacet
facet normal -0.026750 9.986195 0.134504
outer loop
vertex -56.160218 3.000000 29.844225
vertex -56.160218 3.000000 -27.524464
vertex -56.621253 3.000000 29.819093
endloop
endfacet
facet normal -0.016991 9.986259 -0.132930
outer loop
vertex -56.621253 3.000000 29.819093
vertex -56.160218 3.000000 -27.524464
vertex -56.621253 3.000000 -27.499332
endloop
endfacet
facet normal 0.016991 9.986259 0.132931
outer loop
vertex -56.621253 3.000000 29.819093
vertex -56.621253 3.000000 -27.499332
vertex -57.082287 3.000000 29.844225
endloop
endfacet
facet normal 0.026750 9.986195 -0.134503
outer loop
vertex -57.082287 3.000000 29.844225
vertex -56.621253 3.000000 -27.499332
vertex -57.082287 3.000000 -27.524464
endloop
endfacet
facet normal 0.060978 9.986020 0.131113
outer loop
vertex -57.082287 3.000000 29.844225
vertex -57.082287 3.000000 -27.524464
vertex -57.537522 3.000000 29.919308
endloop
endfacet
facet normal 0.071136 9.985821 -0.135867
outer loop
vertex -57.537522 3.000000 29.919308
vertex -57.082287 3.000000 -27.524464
vertex -57.537522 3.000000 -27.599547
endloop
endfacet
facet normal 0.106130 9.985454 0.129018
outer loop
vertex -57.537522 3.000000 29.919308
vertex -57.537522 3.000000 -27.599547
vertex -57.981232 3.000000 30.043399
endloop
endfacet
facet normal 0.117130 9.985100 -0.137065
outer loop
vertex -57.981232 3.000000 30.043399
vertex -57.537522 3.000000 -27.599547
vertex -57.981232 3.000000 -27.723638
endloop
endfacet
facet normal 0.153507 9.984502 0.126609
outer loop
vertex -57.981232 3.000000 30.043399
vertex -57.981232 3.000000 -27.723638
vertex -58.407843 3.000000 30.214932
endloop
endfacet
facet normal 0.165899 9.983952 -0.138158
outer loop
vertex -58.407843 3.000000 30.214932
vertex -57.981232 3.000000 -27.723638
vertex -58.407843 3.000000 -27.895174
endloop
endfacet
facet normal 0.204458 9.983052 0.123846
outer loop
vertex -58.407843 3.000000 30.214932
vertex -58.407843 3.000000 -27.895174
vertex -58.811981 3.000000 30.431756
endloop
endfacet
facet normal 0.218981 9.982236 -0.139217
outer loop
vertex -58.811981 3.000000 30.431756
vertex -58.407843 3.000000 -27.895174
vertex -58.811981 3.000000 -28.111995
endloop
endfacet
facet normal 0.260838 9.980913 0.120674
outer loop
vertex -58.811981 3.000000 30.431756
vertex -58.811981 3.000000 -28.111995
vertex -59.188575 3.000000 30.691142
endloop
endfacet
facet normal 0.278554 9.979708 -0.140347
outer loop
vertex -59.188575 3.000000 30.691142
vertex -58.811981 3.000000 -28.111995
vertex -59.188575 3.000000 -28.371381
endloop
endfacet
facet normal 0.325377 9.977751 0.117000
outer loop
vertex -59.188575 3.000000 30.691142
vertex -59.188575 3.000000 -28.371381
vertex -59.532880 3.000000 30.989828
endloop
endfacet
facet normal 0.347921 9.975938 -0.141692
outer loop
vertex -59.532880 3.000000 30.989828
vertex -59.188575 3.000000 -28.371381
vertex -59.532880 3.000000 -28.670067
endloop
endfacet
facet normal 0.402368 9.972954 0.112675
outer loop
vertex -59.532880 3.000000 30.989828
vertex -59.532880 3.000000 -28.670067
vertex -59.840575 3.000000 31.324055
endloop
endfacet
facet normal 0.432431 9.970114 -0.143478
outer loop
vertex -59.840575 3.000000 31.324055
vertex -59.532880 3.000000 -28.670067
vertex -59.840575 3.000000 -29.004295
endloop
endfacet
facet normal 0.499075 9.965320 0.107423
outer loop
vertex -59.840575 3.000000 31.324055
vertex -59.840575 3.000000 -29.004295
vertex -60.107780 3.000000 31.689625
endloop
endfacet
facet normal 0.541464 9.960579 -0.146070
outer loop
vertex -60.107780 3.000000 31.689625
vertex -59.840575 3.000000 -29.004295
vertex -60.107780 3.000000 -29.369865
endloop
endfacet
facet normal 0.628926 9.952220 0.100718
outer loop
vertex -60.107780 3.000000 31.689625
vertex -60.107780 3.000000 -29.369865
vertex -60.331141 3.000000 32.081937
endloop
endfacet
facet normal 0.693195 9.943482 -0.150157
outer loop
vertex -60.331141 3.000000 32.081937
vertex -60.107780 3.000000 -29.369865
vertex -60.331141 3.000000 -29.762176
endloop
endfacet
facet normal 0.519576 9.958260 -0.010458
outer loop
vertex -60.331141 3.000000 32.081937
vertex -60.331141 3.000000 -29.762176
vertex -60.507847 3.000000 32.496058
endloop
endfacet
facet normal 0.300393 9.977466 -0.133875
outer loop
vertex -60.507847 3.000000 32.496058
vertex -60.331141 3.000000 -29.762176
vertex -60.507847 3.000000 -30.176300
endloop
endfacet
facet normal 0.070460 9.998723 -0.056917
outer loop
vertex -60.507847 3.000000 32.496058
vertex -60.507847 3.000000 -30.176300
vertex -66.952422 3.000000 -45.585085
endloop
endfacet
facet normal 2.121756 8.352647 -0.594284
outer loop
vertex -66.952422 3.000000 -45.585085
vertex -60.507847 3.000000 -30.176300
vertex -60.635680 3.000000 -30.607022
endloop
endfacet
facet normal 3.857684 7.345517 -0.824023
outer loop
vertex -66.952422 3.000000 -45.585085
vertex -60.635680 3.000000 -30.607022
vertex -60.713027 3.000000 -31.048932
endloop
endfacet
facet normal 2.277644 9.061219 0.385167
outer loop
vertex -33.800186 3.000000 80.981269
vertex -33.826078 3.000000 80.533734
vertex -41.556834 3.000000 91.571581
endloop
endfacet
facet normal 1.167540 9.437019 0.541072
outer loop
vertex -41.556834 3.000000 91.571581
vertex -33.826078 3.000000 80.533734
vertex -33.800186 3.000000 80.086194
endloop
endfacet
facet normal -0.114630 9.995379 0.087368
outer loop
vertex -26.489091 3.000000 78.041560
vertex -26.221887 3.000000 78.407130
vertex 26.489091 3.000000 78.041560
endloop
endfacet
facet normal 0.117892 9.977368 0.214206
outer loop
vertex 26.489091 3.000000 78.041560
vertex -26.221887 3.000000 78.407130
vertex 26.221887 3.000000 78.407130
endloop
endfacet
facet normal 0.261858 9.970036 0.280518
outer loop
vertex 26.221887 3.000000 78.407130
vertex -26.221887 3.000000 78.407130
vertex 25.998525 3.000000 78.799439
endloop
endfacet
facet normal -0.103632 9.980954 0.218877
outer loop
vertex 25.998525 3.000000 78.799439
vertex -26.221887 3.000000 78.407130
vertex -25.998525 3.000000 78.799439
endloop
endfacet
facet normal 0.154313 9.978739 0.196677
outer loop
vertex 25.998525 3.000000 78.799439
vertex -25.998525 3.000000 78.799439
vertex 25.821817 3.000000 79.213563
endloop
endfacet
facet normal -0.141538 9.979447 0.182079
outer loop
vertex 25.821817 3.000000 79.213563
vertex -25.998525 3.000000 78.799439
vertex -25.821817 3.000000 79.213563
endloop
endfacet
facet normal 0.153232 9.980226 0.138981
outer loop
vertex 25.821817 3.000000 79.213563
vertex -25.821817 3.000000 79.213563
vertex 25.693987 3.000000 79.644285
endloop
endfacet
facet normal -0.144329 9.980682 0.125977
outer loop
vertex 25.693987 3.000000 79.644285
vertex -25.821817 3.000000 79.213563
vertex -25.693987 3.000000 79.644285
endloop
endfacet
facet normal 0.151993 9.981160 0.084459
outer loop
vertex 25.693987 3.000000 79.644285
vertex -25.693987 3.000000 79.644285
vertex 25.616640 3.000000 80.086194
endloop
endfacet
facet normal -0.146733 9.981415 0.072416
outer loop
vertex 25.616640 3.000000 80.086194
vertex -25.693987 3.000000 79.644285
vertex -25.616640 3.000000 80.086194
endloop
endfacet
facet normal 0.113232 9.984298 0.032491
outer loop
vertex 25.616640 3.000000 80.086194
vertex -25.616640 3.000000 80.086194
vertex 25.590748 3.000000 80.533734
endloop
endfacet
facet normal -0.260388 9.976823 0.022334
outer loop
vertex 25.590748 3.000000 80.533734
vertex -25.616640 3.000000 80.086194
vertex -25.590748 3.000000 80.533734
endloop
endfacet
facet normal -0.261017 9.976823 -0.012279
outer loop
vertex 25.590748 3.000000 80.533734
vertex -25.590748 3.000000 80.533734
vertex -25.616640 3.000000 80.981269
endloop
endfacet
facet normal 0.111971 9.984298 -0.036835
outer loop
vertex 25.590748 3.000000 80.533734
vertex -25.616640 3.000000 80.981269
vertex 25.616640 3.000000 80.981269
endloop
endfacet
facet normal -0.149262 9.981415 -0.066708
outer loop
vertex 25.616640 3.000000 80.981269
vertex -25.616640 3.000000 80.981269
vertex -25.693987 3.000000 81.423178
endloop
endfacet
facet normal 0.148818 9.981160 -0.090259
outer loop
vertex 25.616640 3.000000 80.981269
vertex -25.693987 3.000000 81.423178
vertex 25.693987 3.000000 81.423178
endloop
endfacet
facet normal -0.148804 9.980682 -0.120323
outer loop
vertex 25.693987 3.000000 81.423178
vertex -25.693987 3.000000 81.423178
vertex -25.821817 3.000000 81.853906
endloop
endfacet
facet normal 0.148076 9.980226 -0.144791
outer loop
vertex 25.693987 3.000000 81.423178
vertex -25.821817 3.000000 81.853906
vertex 25.821817 3.000000 81.853906
endloop
endfacet
facet normal -0.148054 9.979447 -0.176495
outer loop
vertex 25.821817 3.000000 81.853906
vertex -25.821817 3.000000 81.853906
vertex -25.998525 3.000000 82.268025
endloop
endfacet
facet normal 0.147059 9.978740 -0.202489
outer loop
vertex 25.821817 3.000000 81.853906
vertex -25.998525 3.000000 82.268025
vertex 25.998525 3.000000 82.268025
endloop
endfacet
facet normal -0.147026 9.977569 -0.236772
outer loop
vertex 25.998525 3.000000 82.268025
vertex -25.998525 3.000000 82.268025
vertex -26.221887 3.000000 82.660339
endloop
endfacet
facet normal 0.145788 9.976518 -0.265121
outer loop
vertex 25.998525 3.000000 82.268025
vertex -26.221887 3.000000 82.660339
vertex 26.221887 3.000000 82.660339
endloop
endfacet
facet normal -0.145741 9.974799 -0.303295
outer loop
vertex 26.221887 3.000000 82.660339
vertex -26.221887 3.000000 82.660339
vertex -26.489091 3.000000 83.025909
endloop
endfacet
facet normal 0.144287 9.973248 -0.335216
outer loop
vertex 26.221887 3.000000 82.660339
vertex -26.489091 3.000000 83.025909
vertex 26.489091 3.000000 83.025909
endloop
endfacet
facet normal -0.110152 9.975219 -0.345432
outer loop
vertex 26.489091 3.000000 83.025909
vertex -26.489091 3.000000 83.025909
vertex -26.796784 3.000000 83.360136
endloop
endfacet
facet normal 0.243669 9.959539 -0.454473
outer loop
vertex 26.489091 3.000000 83.025909
vertex -26.796784 3.000000 83.360136
vertex 26.796784 3.000000 83.360136
endloop
endfacet
facet normal 0.102781 9.969014 -0.335624
outer loop
vertex 26.796784 3.000000 83.360136
vertex -26.796784 3.000000 83.360136
vertex 27.141090 3.000000 83.658825
endloop
endfacet
facet normal -0.113801 9.993718 -0.121538
outer loop
vertex 27.141090 3.000000 83.658825
vertex -26.796784 3.000000 83.360136
vertex -27.141090 3.000000 83.658825
endloop
endfacet
facet normal -0.045325 9.997543 -0.100881
outer loop
vertex 27.141090 3.000000 83.658825
vertex -27.141090 3.000000 83.658825
vertex -41.556834 3.000000 99.278482
endloop
endfacet
facet normal -0.884852 9.288528 -1.413361
outer loop
vertex -41.556834 3.000000 99.278482
vertex -27.141090 3.000000 83.658825
vertex -27.517683 3.000000 83.918208
endloop
endfacet
facet normal -1.430440 8.850567 -2.532713
outer loop
vertex -41.556834 3.000000 99.278482
vertex -27.517683 3.000000 83.918208
vertex -27.921821 3.000000 84.135027
endloop
endfacet
facet normal -0.950963 9.259795 -2.207968
outer loop
vertex -27.921821 3.000000 84.135027
vertex -28.348435 3.000000 84.306560
vertex -41.556834 3.000000 99.278482
endloop
endfacet
facet normal -0.611882 9.475580 -1.968364
outer loop
vertex -41.556834 3.000000 99.278482
vertex -28.348435 3.000000 84.306560
vertex -28.792145 3.000000 84.430656
endloop
endfacet
facet normal -0.358206 9.600027 -1.786525
outer loop
vertex -41.556834 3.000000 99.278482
vertex -28.792145 3.000000 84.430656
vertex -29.247379 3.000000 84.505739
endloop
endfacet
facet normal -0.157669 9.676678 -1.643084
outer loop
vertex -29.247379 3.000000 84.505739
vertex -29.708412 3.000000 84.530873
vertex -41.556834 3.000000 99.278482
endloop
endfacet
facet normal 0.008833 9.725916 -1.525557
outer loop
vertex -41.556834 3.000000 99.278482
vertex -29.708412 3.000000 84.530873
vertex -30.169444 3.000000 84.505739
endloop
endfacet
facet normal 0.153217 9.758096 -1.425812
outer loop
vertex -41.556834 3.000000 99.278482
vertex -30.169444 3.000000 84.505739
vertex -30.624678 3.000000 84.430656
endloop
endfacet
facet normal 0.283391 9.778788 -1.338359
outer loop
vertex -30.624678 3.000000 84.430656
vertex -31.068391 3.000000 84.306560
vertex -41.556834 3.000000 99.278482
endloop
endfacet
facet normal 0.405001 9.791069 -1.259290
outer loop
vertex -41.556834 3.000000 99.278482
vertex -31.068391 3.000000 84.306560
vertex -31.495000 3.000000 84.135027
endloop
endfacet
facet normal 0.272053 9.892783 -0.757488
outer loop
vertex -41.556834 3.000000 99.278482
vertex -31.495000 3.000000 84.135027
vertex -31.899143 3.000000 83.918208
endloop
endfacet
facet normal -0.111021 9.906859 0.372880
outer loop
vertex -41.556834 3.000000 99.278482
vertex -31.899143 3.000000 83.918208
vertex -41.556834 3.000000 91.571581
endloop
endfacet
facet normal 0.467533 9.689958 -0.261743
outer loop
vertex -41.556834 3.000000 91.571581
vertex -31.899143 3.000000 83.918208
vertex -32.275734 3.000000 83.658825
endloop
endfacet
facet normal 1.014211 9.478872 -0.807826
outer loop
vertex -41.556834 3.000000 91.571581
vertex -32.275734 3.000000 83.658825
vertex -32.620042 3.000000 83.360136
endloop
endfacet
facet normal 1.153052 9.481317 -0.663270
outer loop
vertex -32.620042 3.000000 83.360136
vertex -32.927732 3.000000 83.025909
vertex -41.556834 3.000000 91.571581
endloop
endfacet
facet normal 1.295954 9.470285 -0.519965
outer loop
vertex -41.556834 3.000000 91.571581
vertex -32.927732 3.000000 83.025909
vertex -33.194939 3.000000 82.660339
endloop
endfacet
facet normal 1.447646 9.444373 -0.373165
outer loop
vertex -41.556834 3.000000 91.571581
vertex -33.194939 3.000000 82.660339
vertex -33.418303 3.000000 82.268025
endloop
endfacet
facet normal 1.613603 9.400106 -0.217465
outer loop
vertex -33.418303 3.000000 82.268025
vertex -33.595006 3.000000 81.853906
vertex -41.556834 3.000000 91.571581
endloop
endfacet
facet normal 1.800695 9.330924 -0.046081
outer loop
vertex -41.556834 3.000000 91.571581
vertex -33.595006 3.000000 81.853906
vertex -33.722839 3.000000 81.423178
endloop
endfacet
facet normal 2.017983 9.225065 0.150281
outer loop
vertex -41.556834 3.000000 91.571581
vertex -33.722839 3.000000 81.423178
vertex -33.800186 3.000000 80.981269
endloop
endfacet
facet normal -1.109788 9.503695 0.199144
outer loop
vertex 33.800186 3.000000 80.086194
vertex 33.826078 3.000000 80.533734
vertex 41.556834 3.000000 91.571581
endloop
endfacet
facet normal -2.198138 9.128428 0.082534
outer loop
vertex 41.556834 3.000000 91.571581
vertex 33.826078 3.000000 80.533734
vertex 33.800186 3.000000 80.981269
endloop
endfacet
facet normal -1.947187 9.292279 -0.162200
outer loop
vertex 41.556834 3.000000 91.571581
vertex 33.800186 3.000000 80.981269
vertex 33.722839 3.000000 81.423178
endloop
endfacet
facet normal -1.737191 9.398134 -0.366804
outer loop
vertex 33.722839 3.000000 81.423178
vertex 33.595006 3.000000 81.853906
vertex 41.556834 3.000000 91.571581
endloop
endfacet
facet normal -1.556457 9.467317 -0.545278
outer loop
vertex 41.556834 3.000000 91.571581
vertex 33.595006 3.000000 81.853906
vertex 33.418303 3.000000 82.268025
endloop
endfacet
facet normal -1.396268 9.511585 -0.707265
outer loop
vertex 41.556834 3.000000 91.571581
vertex 33.418303 3.000000 82.268025
vertex 33.194939 3.000000 82.660339
endloop
endfacet
facet normal -1.250020 9.537494 -0.859816
outer loop
vertex 33.194939 3.000000 82.660339
vertex 32.927732 3.000000 83.025909
vertex 41.556834 3.000000 91.571581
endloop
endfacet
facet normal -1.112422 9.548528 -1.008528
outer loop
vertex 41.556834 3.000000 91.571581
vertex 32.927732 3.000000 83.025909
vertex 32.620042 3.000000 83.360136
endloop
endfacet
facet normal -0.978931 9.546083 -1.158336
outer loop
vertex 41.556834 3.000000 91.571581
vertex 32.620042 3.000000 83.360136
vertex 32.275734 3.000000 83.658825
endloop
endfacet
facet normal -0.412800 9.757167 -0.633713
outer loop
vertex 32.275734 3.000000 83.658825
vertex 31.899143 3.000000 83.918208
vertex 41.556834 3.000000 91.571581
endloop
endfacet
facet normal 0.166751 9.976261 0.042664
outer loop
vertex 41.556834 3.000000 91.571581
vertex 31.899143 3.000000 83.918208
vertex 41.556834 3.000000 99.278482
endloop
endfacet
facet normal -0.321039 9.894974 -0.681966
outer loop
vertex 41.556834 3.000000 99.278482
vertex 31.899143 3.000000 83.918208
vertex 31.495000 3.000000 84.135027
endloop
endfacet
facet normal -0.472120 9.793260 -1.178290
outer loop
vertex 41.556834 3.000000 99.278482
vertex 31.495000 3.000000 84.135027
vertex 31.068391 3.000000 84.306560
endloop
endfacet
facet normal -0.353473 9.780978 -1.261993
outer loop
vertex 31.068391 3.000000 84.306560
vertex 30.624678 3.000000 84.430656
vertex 41.556834 3.000000 99.278482
endloop
endfacet
facet normal -0.226570 9.760286 -1.354403
outer loop
vertex 41.556834 3.000000 99.278482
vertex 30.624678 3.000000 84.430656
vertex 30.169444 3.000000 84.505739
endloop
endfacet
facet normal -0.085909 9.728107 -1.459644
outer loop
vertex 41.556834 3.000000 99.278482
vertex 30.169444 3.000000 84.505739
vertex 29.708412 3.000000 84.530873
endloop
endfacet
facet normal 0.076206 9.678868 -1.583508
outer loop
vertex 29.708412 3.000000 84.530873
vertex 29.247379 3.000000 84.505739
vertex 41.556834 3.000000 99.278482
endloop
endfacet
facet normal 0.271389 9.602218 -1.734581
outer loop
vertex 41.556834 3.000000 99.278482
vertex 29.247379 3.000000 84.505739
vertex 28.792145 3.000000 84.430656
endloop
endfacet
facet normal 0.518286 9.477772 -1.926069
outer loop
vertex 41.556834 3.000000 99.278482
vertex 28.792145 3.000000 84.430656
vertex 28.348435 3.000000 84.306560
endloop
endfacet
facet normal 0.848431 9.261982 -2.178584
outer loop
vertex 28.348435 3.000000 84.306560
vertex 27.921821 3.000000 84.135027
vertex 41.556834 3.000000 99.278482
endloop
endfacet
facet normal 1.315765 8.852757 -2.521588
outer loop
vertex 41.556834 3.000000 99.278482
vertex 27.921821 3.000000 84.135027
vertex 27.517683 3.000000 83.918208
endloop
endfacet
facet normal 0.806864 9.290755 -1.376125
outer loop
vertex 41.556834 3.000000 99.278482
vertex 27.517683 3.000000 83.918208
vertex 27.141090 3.000000 83.658825
endloop
endfacet
facet normal 0.466741 9.651667 -0.885695
outer loop
vertex -44.487975 3.000000 -102.120952
vertex -44.360143 3.000000 -102.551679
vertex -66.145033 3.000000 -114.032795
endloop
endfacet
facet normal 0.853929 9.594661 -0.695453
outer loop
vertex -66.145033 3.000000 -114.032795
vertex -44.360143 3.000000 -102.551679
vertex -44.183437 3.000000 -102.965803
endloop
endfacet
facet normal 0.808229 9.595428 -0.600220
outer loop
vertex -66.145033 3.000000 -114.032795
vertex -44.183437 3.000000 -102.965803
vertex -43.960075 3.000000 -103.358112
endloop
endfacet
facet normal 0.763483 9.592827 -0.503528
outer loop
vertex -43.960075 3.000000 -103.358112
vertex -43.692871 3.000000 -103.723682
vertex -66.145033 3.000000 -114.032795
endloop
endfacet
facet normal 0.718312 9.586542 -0.402317
outer loop
vertex -66.145033 3.000000 -114.032795
vertex -43.692871 3.000000 -103.723682
vertex -43.385175 3.000000 -104.057909
endloop
endfacet
facet normal 0.671206 9.575762 -0.293017
outer loop
vertex -66.145033 3.000000 -114.032795
vertex -43.385175 3.000000 -104.057909
vertex -43.040870 3.000000 -104.356598
endloop
endfacet
facet normal 0.620296 9.558949 -0.171018
outer loop
vertex -43.040870 3.000000 -104.356598
vertex -42.664279 3.000000 -104.615981
vertex -66.145033 3.000000 -114.032795
endloop
endfacet
facet normal 0.563028 9.533322 -0.029890
outer loop
vertex -66.145033 3.000000 -114.032795
vertex -42.664279 3.000000 -104.615981
vertex -42.260136 3.000000 -104.832800
endloop
endfacet
facet normal 0.495583 9.493756 0.140008
outer loop
vertex -66.145033 3.000000 -114.032795
vertex -42.260136 3.000000 -104.832800
vertex -41.833527 3.000000 -105.004333
endloop
endfacet
facet normal 0.411687 9.430210 0.354214
outer loop
vertex -41.833527 3.000000 -105.004333
vertex -41.389814 3.000000 -105.128429
vertex -66.145033 3.000000 -114.032795
endloop
endfacet
facet normal 0.300103 9.321182 0.639448
outer loop
vertex -66.145033 3.000000 -114.032795
vertex -41.389814 3.000000 -105.128429
vertex -40.934580 3.000000 -105.203512
endloop
endfacet
facet normal 0.138813 9.114729 1.044495
outer loop
vertex -66.145033 3.000000 -114.032795
vertex -40.934580 3.000000 -105.203512
vertex -40.473548 3.000000 -105.228647
endloop
endfacet
facet normal -0.118943 8.665086 1.659100
outer loop
vertex -40.473548 3.000000 -105.228647
vertex -40.012516 3.000000 -105.203512
vertex -66.145033 3.000000 -114.032795
endloop
endfacet
facet normal -0.168548 9.026040 0.637013
outer loop
vertex -66.145033 3.000000 -114.032795
vertex -40.012516 3.000000 -105.203512
vertex -39.557282 3.000000 -105.128429
endloop
endfacet
facet normal 0.325585 8.766797 0.277603
outer loop
vertex 52.529478 3.000000 -31.944006
vertex 52.606825 3.000000 -32.385915
vertex 45.751830 3.000000 -59.580929
endloop
endfacet
facet normal -0.052296 8.944098 0.402888
outer loop
vertex 45.751830 3.000000 -59.580929
vertex 52.606825 3.000000 -32.385915
vertex 52.734658 3.000000 -32.816640
endloop
endfacet
facet normal -0.316798 9.037455 0.489226
outer loop
vertex 45.751830 3.000000 -59.580929
vertex 52.734658 3.000000 -32.816640
vertex 52.911364 3.000000 -33.230762
endloop
endfacet
facet normal -0.515063 9.091847 0.554211
outer loop
vertex 52.911364 3.000000 -33.230762
vertex 53.134725 3.000000 -33.623073
vertex 45.751830 3.000000 -59.580929
endloop
endfacet
facet normal -0.672275 9.125726 0.606624
outer loop
vertex 45.751830 3.000000 -59.580929
vertex 53.134725 3.000000 -33.623073
vertex 53.401935 3.000000 -33.988643
endloop
endfacet
facet normal -0.802923 9.147685 0.651323
outer loop
vertex 45.751830 3.000000 -59.580929
vertex 53.401935 3.000000 -33.988643
vertex 53.709625 3.000000 -34.322871
endloop
endfacet
facet normal -1.175148 9.216495 0.369035
outer loop
vertex 53.709625 3.000000 -34.322871
vertex 54.053931 3.000000 -34.621557
vertex 45.751830 3.000000 -59.580929
endloop
endfacet
facet normal 0.255478 9.954247 0.309169
outer loop
vertex 55.173326 3.000000 -58.875670
vertex 54.430519 3.000000 -34.880943
vertex 55.447907 3.000000 -58.617897
endloop
endfacet
facet normal 0.425045 9.914066 0.665004
outer loop
vertex 55.447907 3.000000 -58.617897
vertex 54.430519 3.000000 -34.880943
vertex 54.834667 3.000000 -35.097766
endloop
endfacet
facet normal 0.225547 9.958672 0.275727
outer loop
vertex 55.447907 3.000000 -58.617897
vertex 54.834667 3.000000 -35.097766
vertex 55.755433 3.000000 -58.397944
endloop
endfacet
facet normal 0.323763 9.922375 0.668549
outer loop
vertex 55.755433 3.000000 -58.397944
vertex 54.834667 3.000000 -35.097766
vertex 55.261273 3.000000 -35.269300
endloop
endfacet
facet normal 0.167973 9.962071 0.275753
outer loop
vertex 55.755433 3.000000 -58.397944
vertex 55.261273 3.000000 -35.269300
vertex 56.090411 3.000000 -58.219738
endloop
endfacet
facet normal 0.230830 9.927824 0.671737
outer loop
vertex 56.090411 3.000000 -58.219738
vertex 55.261273 3.000000 -35.269300
vertex 55.704989 3.000000 -35.393390
endloop
endfacet
facet normal 0.114303 9.964263 0.275847
outer loop
vertex 56.090411 3.000000 -58.219738
vertex 55.704989 3.000000 -35.393390
vertex 56.446877 3.000000 -58.086469
endloop
endfacet
facet normal 0.143026 9.931214 0.673984
outer loop
vertex 56.446877 3.000000 -58.086469
vertex 55.704989 3.000000 -35.393390
vertex 56.160218 3.000000 -35.468474
endloop
endfacet
facet normal 0.062959 9.965550 0.275760
outer loop
vertex 56.446877 3.000000 -58.086469
vertex 56.160218 3.000000 -35.468474
vertex 56.818455 3.000000 -58.000508
endloop
endfacet
facet normal 0.058121 9.932991 0.674880
outer loop
vertex 56.818455 3.000000 -58.000508
vertex 56.160218 3.000000 -35.468474
vertex 56.621253 3.000000 -35.493605
endloop
endfacet
facet normal 0.012811 9.966090 0.275333
outer loop
vertex 56.818455 3.000000 -58.000508
vertex 56.621253 3.000000 -35.493605
vertex 57.198524 3.000000 -57.963395
endloop
endfacet
facet normal -0.025577 9.933376 0.674174
outer loop
vertex 57.198524 3.000000 -57.963395
vertex 56.621253 3.000000 -35.493605
vertex 57.082287 3.000000 -35.468474
endloop
endfacet
facet normal -0.037044 9.965950 0.274477
outer loop
vertex 57.198524 3.000000 -57.963395
vertex 57.082287 3.000000 -35.468474
vertex 57.580297 3.000000 -57.975782
endloop
endfacet
facet normal -0.109541 9.932417 0.671773
outer loop
vertex 57.580297 3.000000 -57.975782
vertex 57.082287 3.000000 -35.468474
vertex 57.537522 3.000000 -35.393390
endloop
endfacet
facet normal -0.087462 9.965116 0.273183
outer loop
vertex 57.580297 3.000000 -57.975782
vertex 57.537522 3.000000 -35.393390
vertex 57.956957 3.000000 -58.037461
endloop
endfacet
facet normal -0.195284 9.930009 0.667736
outer loop
vertex 57.956957 3.000000 -58.037461
vertex 57.537522 3.000000 -35.393390
vertex 57.981232 3.000000 -35.269300
endloop
endfacet
facet normal -0.139386 9.963493 0.271506
outer loop
vertex 57.956957 3.000000 -58.037461
vertex 57.981232 3.000000 -35.269300
vertex 58.321795 3.000000 -58.147321
endloop
endfacet
facet normal -0.284635 9.925859 0.662278
outer loop
vertex 58.321795 3.000000 -58.147321
vertex 57.981232 3.000000 -35.269300
vertex 58.407843 3.000000 -35.097766
endloop
endfacet
facet normal -0.194052 9.960878 0.269584
outer loop
vertex 58.321795 3.000000 -58.147321
vertex 58.407843 3.000000 -35.097766
vertex 58.668292 3.000000 -58.303407
endloop
endfacet
facet normal -0.380098 9.919413 0.655758
outer loop
vertex 58.668292 3.000000 -58.303407
vertex 58.407843 3.000000 -35.097766
vertex 58.811981 3.000000 -34.880943
endloop
endfacet
facet normal -0.253222 9.956905 0.267612
outer loop
vertex 58.668292 3.000000 -58.303407
vertex 58.811981 3.000000 -34.880943
vertex 58.990263 3.000000 -58.502930
endloop
endfacet
facet normal -0.485356 9.909687 0.648673
outer loop
vertex 58.990263 3.000000 -58.502930
vertex 58.811981 3.000000 -34.880943
vertex 59.188575 3.000000 -34.621557
endloop
endfacet
facet normal -0.319576 9.950930 0.265883
outer loop
vertex 58.990263 3.000000 -58.502930
vertex 59.188575 3.000000 -34.621557
vertex 59.281968 3.000000 -58.742331
endloop
endfacet
facet normal -0.606168 9.894907 0.641689
outer loop
vertex 59.281968 3.000000 -58.742331
vertex 59.188575 3.000000 -34.621557
vertex 59.532880 3.000000 -34.322871
endloop
endfacet
facet normal -0.397448 9.941773 0.264800
outer loop
vertex 59.281968 3.000000 -58.742331
vertex 59.532880 3.000000 -34.322871
vertex 59.538198 3.000000 -59.017331
endloop
endfacet
facet normal -0.752089 9.871681 0.635686
outer loop
vertex 59.538198 3.000000 -59.017331
vertex 59.532880 3.000000 -34.322871
vertex 59.840575 3.000000 -33.988643
endloop
endfacet
facet normal -0.494293 9.927121 0.264963
outer loop
vertex 59.538198 3.000000 -59.017331
vertex 59.840575 3.000000 -33.988643
vertex 59.754383 3.000000 -59.323046
endloop
endfacet
facet normal -0.940139 9.832924 0.631883
outer loop
vertex 59.754383 3.000000 -59.323046
vertex 59.840575 3.000000 -33.988643
vertex 60.107780 3.000000 -33.623073
endloop
endfacet
facet normal -0.605260 9.902736 0.275063
outer loop
vertex 59.754383 3.000000 -59.323046
vertex 60.107780 3.000000 -33.623073
vertex 59.926664 3.000000 -59.653994
endloop
endfacet
facet normal -1.378907 9.659434 0.740776
outer loop
vertex 59.926664 3.000000 -59.653994
vertex 60.107780 3.000000 -33.623073
vertex 60.331141 3.000000 -33.230762
endloop
endfacet
facet normal -0.933643 9.753857 0.426944
outer loop
vertex 59.926664 3.000000 -59.653994
vertex 60.331141 3.000000 -33.230762
vertex 60.507847 3.000000 -32.816640
endloop
endfacet
facet normal -0.770531 9.844634 0.002102
outer loop
vertex 60.635680 3.000000 -32.385915
vertex 66.952422 3.000000 -71.971417
vertex 60.507847 3.000000 -32.816640
endloop
endfacet
facet normal -0.074925 9.989470 -0.178416
outer loop
vertex 60.507847 3.000000 -32.816640
vertex 66.952422 3.000000 -71.971417
vertex 60.051966 3.000000 -60.004282
endloop
endfacet
facet normal -0.107805 9.998339 -0.006774
outer loop
vertex 60.507847 3.000000 -32.816640
vertex 60.051966 3.000000 -60.004282
vertex 59.926664 3.000000 -59.653994
endloop
endfacet
facet normal -1.693087 9.575015 0.115847
outer loop
vertex 60.635680 3.000000 -32.385915
vertex 60.713027 3.000000 -31.944006
vertex 66.952422 3.000000 -71.971417
endloop
endfacet
facet normal -2.474621 9.056664 -0.034680
outer loop
vertex 66.952422 3.000000 -71.971417
vertex 60.713027 3.000000 -31.944006
vertex 60.738919 3.000000 -31.496469
endloop
endfacet
facet normal -1.519971 9.326888 -0.167444
outer loop
vertex 66.952422 3.000000 -71.971417
vertex 60.738919 3.000000 -31.496469
vertex 60.713027 3.000000 -31.048932
endloop
endfacet
facet normal -0.064808 9.989040 -0.138777
outer loop
vertex 66.952422 3.000000 -71.971417
vertex 60.713027 3.000000 -31.048932
vertex 66.952422 3.000000 42.913621
endloop
endfacet
facet normal -0.521141 9.933048 -0.047189
outer loop
vertex 66.952422 3.000000 42.913621
vertex 60.713027 3.000000 -31.048932
vertex 60.635680 3.000000 -30.607022
endloop
endfacet
facet normal -0.856139 9.896214 -0.164158
outer loop
vertex 66.952422 3.000000 42.913621
vertex 60.635680 3.000000 -30.607022
vertex 60.507847 3.000000 -30.176300
endloop
endfacet
facet normal -0.397185 9.961927 -0.070844
outer loop
vertex 60.507847 3.000000 -30.176300
vertex 60.331141 3.000000 -29.762176
vertex 66.952422 3.000000 42.913621
endloop
endfacet
facet normal -0.069756 9.998656 0.058755
outer loop
vertex 66.952422 3.000000 42.913621
vertex 60.331141 3.000000 -29.762176
vertex 60.331141 3.000000 32.081937
endloop
endfacet
facet normal -2.086838 8.264444 0.847466
outer loop
vertex 66.952422 3.000000 42.913621
vertex 60.331141 3.000000 32.081937
vertex 60.507847 3.000000 32.496058
endloop
endfacet
facet normal -0.238258 9.984772 0.133641
outer loop
vertex 60.331141 3.000000 32.081937
vertex 60.331141 3.000000 -29.762176
vertex 60.107780 3.000000 31.689625
endloop
endfacet
facet normal -0.407208 9.971452 0.004055
outer loop
vertex 60.107780 3.000000 31.689625
vertex 60.331141 3.000000 -29.762176
vertex 60.107780 3.000000 -29.369865
endloop
endfacet
facet normal -0.541464 9.960579 0.146070
outer loop
vertex 60.107780 3.000000 31.689625
vertex 60.107780 3.000000 -29.369865
vertex 59.840575 3.000000 31.324055
endloop
endfacet
facet normal -0.499075 9.965320 -0.107423
outer loop
vertex 59.840575 3.000000 31.324055
vertex 60.107780 3.000000 -29.369865
vertex 59.840575 3.000000 -29.004295
endloop
endfacet
facet normal -0.432431 9.970114 0.143478
outer loop
vertex 59.840575 3.000000 31.324055
vertex 59.840575 3.000000 -29.004295
vertex 59.532880 3.000000 30.989828
endloop
endfacet
facet normal -0.402368 9.972954 -0.112675
outer loop
vertex 59.532880 3.000000 30.989828
vertex 59.840575 3.000000 -29.004295
vertex 59.532880 3.000000 -28.670067
endloop
endfacet
facet normal -0.347921 9.975938 0.141692
outer loop
vertex 59.532880 3.000000 30.989828
vertex 59.532880 3.000000 -28.670067
vertex 59.188575 3.000000 30.691142
endloop
endfacet
facet normal -0.325377 9.977751 -0.117000
outer loop
vertex 59.188575 3.000000 30.691142
vertex 59.532880 3.000000 -28.670067
vertex 59.188575 3.000000 -28.371381
endloop
endfacet
facet normal -0.278555 9.979708 0.140347
outer loop
vertex 59.188575 3.000000 30.691142
vertex 59.188575 3.000000 -28.371381
vertex 58.811981 3.000000 30.431756
endloop
endfacet
facet normal -0.260838 9.980913 -0.120674
outer loop
vertex 58.811981 3.000000 30.431756
vertex 59.188575 3.000000 -28.371381
vertex 58.811981 3.000000 -28.111995
endloop
endfacet
facet normal -0.218981 9.982236 0.139217
outer loop
vertex 58.811981 3.000000 30.431756
vertex 58.811981 3.000000 -28.111995
vertex 58.407843 3.000000 30.214932
endloop
endfacet
facet normal -0.204457 9.983052 -0.123846
outer loop
vertex 58.407843 3.000000 30.214932
vertex 58.811981 3.000000 -28.111995
vertex 58.407843 3.000000 -27.895174
endloop
endfacet
facet normal -0.165899 9.983952 0.138158
outer loop
vertex 58.407843 3.000000 30.214932
vertex 58.407843 3.000000 -27.895174
vertex 57.981232 3.000000 30.043399
endloop
endfacet
facet normal -0.153507 9.984502 -0.126609
outer loop
vertex 57.981232 3.000000 30.043399
vertex 58.407843 3.000000 -27.895174
vertex 57.981232 3.000000 -27.723638
endloop
endfacet
facet normal -0.117130 9.985100 0.137065
outer loop
vertex 57.981232 3.000000 30.043399
vertex 57.981232 3.000000 -27.723638
vertex 57.537522 3.000000 29.919308
endloop
endfacet
facet normal -0.106131 9.985454 -0.129018
outer loop
vertex 57.537522 3.000000 29.919308
vertex 57.981232 3.000000 -27.723638
vertex 57.537522 3.000000 -27.599547
endloop
endfacet
facet normal -0.071136 9.985821 0.135867
outer loop
vertex 57.537522 3.000000 29.919308
vertex 57.537522 3.000000 -27.599547
vertex 57.082287 3.000000 29.844225
endloop
endfacet
facet normal -0.060978 9.986020 -0.131113
outer loop
vertex 57.082287 3.000000 29.844225
vertex 57.537522 3.000000 -27.599547
vertex 57.082287 3.000000 -27.524464
endloop
endfacet
facet normal -0.026750 9.986195 0.134503
outer loop
vertex 57.082287 3.000000 29.844225
vertex 57.082287 3.000000 -27.524464
vertex 56.621253 3.000000 29.819093
endloop
endfacet
facet normal -0.016991 9.986259 -0.132931
outer loop
vertex 56.621253 3.000000 29.819093
vertex 57.082287 3.000000 -27.524464
vertex 56.621253 3.000000 -27.499332
endloop
endfacet
facet normal 0.016991 9.986259 0.132930
outer loop
vertex 56.621253 3.000000 29.819093
vertex 56.621253 3.000000 -27.499332
vertex 56.160218 3.000000 29.844225
endloop
endfacet
facet normal 0.026750 9.986195 -0.134504
outer loop
vertex 56.160218 3.000000 29.844225
vertex 56.621253 3.000000 -27.499332
vertex 56.160218 3.000000 -27.524464
endloop
endfacet
facet normal 0.060978 9.986020 0.131113
outer loop
vertex 56.160218 3.000000 29.844225
vertex 56.160218 3.000000 -27.524464
vertex 55.704989 3.000000 29.919308
endloop
endfacet
facet normal 0.071136 9.985821 -0.135865
outer loop
vertex 55.704989 3.000000 29.919308
vertex 56.160218 3.000000 -27.524464
vertex 55.704989 3.000000 -27.599547
endloop
endfacet
facet normal 0.106130 9.985454 0.129019
outer loop
vertex 55.704989 3.000000 29.919308
vertex 55.704989 3.000000 -27.599547
vertex 55.261273 3.000000 30.043399
endloop
endfacet
facet normal 0.117130 9.985100 -0.137066
outer loop
vertex 55.261273 3.000000 30.043399
vertex 55.704989 3.000000 -27.599547
vertex 55.261273 3.000000 -27.723638
endloop
endfacet
facet normal 0.153507 9.984502 0.126609
outer loop
vertex 55.261273 3.000000 30.043399
vertex 55.261273 3.000000 -27.723638
vertex 54.834667 3.000000 30.214932
endloop
endfacet
facet normal 0.165899 9.983952 -0.138156
outer loop
vertex 54.834667 3.000000 30.214932
vertex 55.261273 3.000000 -27.723638
vertex 54.834667 3.000000 -27.895174
endloop
endfacet
facet normal 0.204456 9.983052 0.123848
outer loop
vertex 54.834667 3.000000 30.214932
vertex 54.834667 3.000000 -27.895174
vertex 54.430519 3.000000 30.431756
endloop
endfacet
facet normal 0.218979 9.982236 -0.139219
outer loop
vertex 54.430519 3.000000 30.431756
vertex 54.834667 3.000000 -27.895174
vertex 54.430519 3.000000 -28.111995
endloop
endfacet
facet normal 0.260838 9.980913 0.120672
outer loop
vertex 54.430519 3.000000 30.431756
vertex 54.430519 3.000000 -28.111995
vertex 54.053931 3.000000 30.691142
endloop
endfacet
facet normal 0.278555 9.979708 -0.140348
outer loop
vertex 54.053931 3.000000 30.691142
vertex 54.430519 3.000000 -28.111995
vertex 54.053931 3.000000 -28.371381
endloop
endfacet
facet normal 0.325379 9.977751 0.117001
outer loop
vertex 54.053931 3.000000 30.691142
vertex 54.053931 3.000000 -28.371381
vertex 53.709625 3.000000 30.989828
endloop
endfacet
facet normal 0.347923 9.975937 -0.141693
outer loop
vertex 53.709625 3.000000 30.989828
vertex 54.053931 3.000000 -28.371381
vertex 53.709625 3.000000 -28.670067
endloop
endfacet
facet normal 0.402371 9.972953 0.112675
outer loop
vertex 53.709625 3.000000 30.989828
vertex 53.709625 3.000000 -28.670067
vertex 53.401935 3.000000 31.324055
endloop
endfacet
facet normal 0.432432 9.970114 -0.143476
outer loop
vertex 53.401935 3.000000 31.324055
vertex 53.709625 3.000000 -28.670067
vertex 53.401935 3.000000 -29.004295
endloop
endfacet
facet normal 0.499073 9.965320 0.107426
outer loop
vertex 53.401935 3.000000 31.324055
vertex 53.401935 3.000000 -29.004295
vertex 53.134725 3.000000 31.689625
endloop
endfacet
facet normal 0.541459 9.960579 -0.146070
outer loop
vertex 53.134725 3.000000 31.689625
vertex 53.401935 3.000000 -29.004295
vertex 53.134725 3.000000 -29.369865
endloop
endfacet
facet normal 0.628922 9.952220 0.100717
outer loop
vertex 53.134725 3.000000 31.689625
vertex 53.134725 3.000000 -29.369865
vertex 52.911364 3.000000 32.081937
endloop
endfacet
facet normal 0.693194 9.943482 -0.150158
outer loop
vertex 52.911364 3.000000 32.081937
vertex 53.134725 3.000000 -29.369865
vertex 52.911364 3.000000 -29.762176
endloop
endfacet
facet normal 0.820027 9.926905 0.091384
outer loop
vertex 52.911364 3.000000 32.081937
vertex 52.911364 3.000000 -29.762176
vertex 52.734658 3.000000 32.496058
endloop
endfacet
facet normal 0.928318 9.908057 -0.157211
outer loop
vertex 52.734658 3.000000 32.496058
vertex 52.911364 3.000000 -29.762176
vertex 52.734658 3.000000 -30.176300
endloop
endfacet
facet normal 0.720340 9.929650 -0.014571
outer loop
vertex 52.734658 3.000000 32.496058
vertex 52.734658 3.000000 -30.176300
vertex 52.606825 3.000000 32.926783
endloop
endfacet
facet normal 0.419519 9.961016 -0.129570
outer loop
vertex 52.606825 3.000000 32.926783
vertex 52.734658 3.000000 -30.176300
vertex 52.606825 3.000000 -30.607022
endloop
endfacet
facet normal 0.133722 9.921956 0.546677
outer loop
vertex 52.606825 3.000000 32.926783
vertex 52.606825 3.000000 -30.607022
vertex 49.489346 3.000000 42.913621
endloop
endfacet
facet normal -0.803038 9.700082 0.536393
outer loop
vertex 49.489346 3.000000 42.913621
vertex 52.606825 3.000000 -30.607022
vertex 45.751830 3.000000 54.063166
endloop
endfacet
facet normal -0.550429 9.593883 -0.031469
outer loop
vertex 49.489346 3.000000 42.913621
vertex 45.751830 3.000000 54.063166
vertex 49.489346 3.000000 47.093630
endloop
endfacet
facet normal -0.854878 9.777316 -0.007573
outer loop
vertex 52.606825 3.000000 -30.607022
vertex 52.529478 3.000000 -31.048932
vertex 45.751830 3.000000 54.063166
endloop
endfacet
facet normal 2.516531 9.030605 0.032939
outer loop
vertex -60.713027 3.000000 34.263767
vertex -60.738919 3.000000 33.816230
vertex -66.952422 3.000000 69.561199
endloop
endfacet
facet normal 1.518931 9.326489 0.171519
outer loop
vertex -66.952422 3.000000 69.561199
vertex -60.738919 3.000000 33.816230
vertex -60.713027 3.000000 33.368692
endloop
endfacet
facet normal 0.504990 9.938963 0.050336
outer loop
vertex -60.635680 3.000000 32.926783
vertex -60.507847 3.000000 32.496058
vertex -66.952422 3.000000 -45.585085
endloop
endfacet
facet normal -1.288306 8.592606 -0.082253
outer loop
vertex -52.503591 3.000000 33.816230
vertex -52.529478 3.000000 34.263767
vertex -45.751830 3.000000 54.063166
endloop
endfacet
facet normal -0.819220 8.922039 -0.310123
outer loop
vertex -45.751830 3.000000 54.063166
vertex -52.529478 3.000000 34.263767
vertex -52.606825 3.000000 34.705676
endloop
endfacet
facet normal -0.480091 9.098374 -0.468814
outer loop
vertex -45.751830 3.000000 54.063166
vertex -52.606825 3.000000 34.705676
vertex -52.734658 3.000000 35.136399
endloop
endfacet
facet normal -0.222879 9.201434 -0.587975
outer loop
vertex -52.734658 3.000000 35.136399
vertex -52.911364 3.000000 35.550523
vertex -45.751830 3.000000 54.063166
endloop
endfacet
facet normal -0.018235 9.265542 -0.683479
outer loop
vertex -45.751830 3.000000 54.063166
vertex -52.911364 3.000000 35.550523
vertex -53.134725 3.000000 35.942834
endloop
endfacet
facet normal 0.151762 9.306961 -0.764357
outer loop
vertex -45.751830 3.000000 54.063166
vertex -53.134725 3.000000 35.942834
vertex -53.401935 3.000000 36.308404
endloop
endfacet
facet normal 0.298543 9.334042 -0.836150
outer loop
vertex -53.401935 3.000000 36.308404
vertex -53.709625 3.000000 36.642631
vertex -45.751830 3.000000 54.063166
endloop
endfacet
facet normal 0.772462 9.446194 -0.476583
outer loop
vertex -45.751830 3.000000 54.063166
vertex -53.709625 3.000000 36.642631
vertex -54.053931 3.000000 36.941318
endloop
endfacet
facet normal -0.310915 9.930378 -0.378658
outer loop
vertex -55.306179 3.000000 56.332114
vertex -54.430519 3.000000 37.200703
vertex -55.597884 3.000000 56.092712
endloop
endfacet
facet normal -0.521464 9.868365 -0.820280
outer loop
vertex -55.597884 3.000000 56.092712
vertex -54.430519 3.000000 37.200703
vertex -54.834667 3.000000 37.417524
endloop
endfacet
facet normal -0.265476 9.936664 -0.353074
outer loop
vertex -55.597884 3.000000 56.092712
vertex -54.834667 3.000000 37.417524
vertex -55.919855 3.000000 55.893189
endloop
endfacet
facet normal -0.452531 9.827046 -1.012376
outer loop
vertex -55.919855 3.000000 55.893189
vertex -54.834667 3.000000 37.417524
vertex -55.261273 3.000000 37.589060
endloop
endfacet
facet normal -0.346333 9.833788 -1.024182
outer loop
vertex -55.919855 3.000000 55.893189
vertex -55.261273 3.000000 37.589060
vertex -55.704989 3.000000 37.713151
endloop
endfacet
facet normal -0.144116 9.943546 -0.362153
outer loop
vertex -55.919855 3.000000 55.893189
vertex -55.704989 3.000000 37.713151
vertex -56.266352 3.000000 55.737103
endloop
endfacet
facet normal -0.183653 9.890551 -0.849202
outer loop
vertex -56.266352 3.000000 55.737103
vertex -55.704989 3.000000 37.713151
vertex -56.160218 3.000000 37.788234
endloop
endfacet
facet normal -0.086356 9.945105 -0.347969
outer loop
vertex -56.266352 3.000000 55.737103
vertex -56.160218 3.000000 37.788234
vertex -56.631185 3.000000 55.627244
endloop
endfacet
facet normal -0.076715 9.893261 -0.850528
outer loop
vertex -56.631185 3.000000 55.627244
vertex -56.160218 3.000000 37.788234
vertex -56.621253 3.000000 37.813366
endloop
endfacet
facet normal -0.023042 9.945964 -0.346867
outer loop
vertex -56.631185 3.000000 55.627244
vertex -56.621253 3.000000 37.813366
vertex -57.007851 3.000000 55.565565
endloop
endfacet
facet normal 0.028772 9.893971 -0.848977
outer loop
vertex -57.007851 3.000000 55.565565
vertex -56.621253 3.000000 37.813366
vertex -57.082287 3.000000 37.788234
endloop
endfacet
facet normal 0.039827 9.945859 -0.344862
outer loop
vertex -57.007851 3.000000 55.565565
vertex -57.082287 3.000000 37.788234
vertex -57.389623 3.000000 55.553177
endloop
endfacet
facet normal 0.134318 9.892798 -0.844302
outer loop
vertex -57.389623 3.000000 55.553177
vertex -57.082287 3.000000 37.788234
vertex -57.537522 3.000000 37.713151
endloop
endfacet
facet normal 0.103099 9.944789 -0.341886
outer loop
vertex -57.389623 3.000000 55.553177
vertex -57.537522 3.000000 37.713151
vertex -57.769692 3.000000 55.590290
endloop
endfacet
facet normal 0.241418 9.889623 -0.836512
outer loop
vertex -57.769692 3.000000 55.590290
vertex -57.537522 3.000000 37.713151
vertex -57.981232 3.000000 37.589060
endloop
endfacet
facet normal 0.167698 9.942636 -0.337984
outer loop
vertex -57.769692 3.000000 55.590290
vertex -57.981232 3.000000 37.589060
vertex -58.141270 3.000000 55.676251
endloop
endfacet
facet normal 0.351892 9.884073 -0.825850
outer loop
vertex -58.141270 3.000000 55.676251
vertex -57.981232 3.000000 37.589060
vertex -58.407843 3.000000 37.417524
endloop
endfacet
facet normal 0.234854 9.939137 -0.333293
outer loop
vertex -58.141270 3.000000 55.676251
vertex -58.407843 3.000000 37.417524
vertex -58.497731 3.000000 55.809520
endloop
endfacet
facet normal 0.468299 9.875420 -0.812758
outer loop
vertex -58.497731 3.000000 55.809520
vertex -58.407843 3.000000 37.417524
vertex -58.811981 3.000000 37.200703
endloop
endfacet
facet normal 0.306373 9.933812 -0.328038
outer loop
vertex -58.497731 3.000000 55.809520
vertex -58.811981 3.000000 37.200703
vertex -58.832714 3.000000 55.987726
endloop
endfacet
facet normal 0.594504 9.862373 -0.797860
outer loop
vertex -58.832714 3.000000 55.987726
vertex -58.811981 3.000000 37.200703
vertex -59.188575 3.000000 36.941318
endloop
endfacet
facet normal 0.385058 9.925820 -0.322534
outer loop
vertex -58.832714 3.000000 55.987726
vertex -59.188575 3.000000 36.941318
vertex -59.140240 3.000000 56.207679
endloop
endfacet
facet normal 0.736586 9.842642 -0.781907
outer loop
vertex -59.140240 3.000000 56.207679
vertex -59.188575 3.000000 36.941318
vertex -59.532880 3.000000 36.642631
endloop
endfacet
facet normal 0.475420 9.913655 -0.317156
outer loop
vertex -59.140240 3.000000 56.207679
vertex -59.532880 3.000000 36.642631
vertex -59.414821 3.000000 56.465453
endloop
endfacet
facet normal 0.904543 9.811950 -0.765753
outer loop
vertex -59.414821 3.000000 56.465453
vertex -59.532880 3.000000 36.642631
vertex -59.840575 3.000000 36.308404
endloop
endfacet
facet normal 0.585105 9.894432 -0.312384
outer loop
vertex -59.414821 3.000000 56.465453
vertex -59.840575 3.000000 36.308404
vertex -59.651555 3.000000 56.756468
endloop
endfacet
facet normal 1.115777 9.761637 -0.750304
outer loop
vertex -59.651555 3.000000 56.756468
vertex -59.840575 3.000000 36.308404
vertex -60.107780 3.000000 35.942834
endloop
endfacet
facet normal 0.727993 9.862121 -0.308805
outer loop
vertex -59.651555 3.000000 56.756468
vertex -60.107780 3.000000 35.942834
vertex -59.846227 3.000000 57.075507
endloop
endfacet
facet normal 1.403086 9.671964 -0.736427
outer loop
vertex -59.846227 3.000000 57.075507
vertex -60.107780 3.000000 35.942834
vertex -60.331141 3.000000 35.550523
endloop
endfacet
facet normal 0.932045 9.802320 -0.307244
outer loop
vertex -59.846227 3.000000 57.075507
vertex -60.331141 3.000000 35.550523
vertex -59.995347 3.000000 57.416890
endloop
endfacet
facet normal 0.905570 9.803614 -0.368923
outer loop
vertex -59.995347 3.000000 57.416890
vertex -60.331141 3.000000 35.550523
vertex -60.507847 3.000000 35.136399
endloop
endfacet
facet normal 0.173024 9.995352 0.016739
outer loop
vertex -59.995347 3.000000 57.416890
vertex -60.507847 3.000000 35.136399
vertex -60.096266 3.000000 57.774517
endloop
endfacet
facet normal 0.084595 9.988769 0.178713
outer loop
vertex -60.096266 3.000000 57.774517
vertex -60.507847 3.000000 35.136399
vertex -66.952422 3.000000 69.561199
endloop
endfacet
facet normal 0.277317 9.972895 0.211387
outer loop
vertex -60.096266 3.000000 57.774517
vertex -66.952422 3.000000 69.561199
vertex -60.147177 3.000000 58.142016
endloop
endfacet
facet normal 0.467968 9.962233 0.191986
outer loop
vertex -60.147177 3.000000 58.142016
vertex -66.952422 3.000000 69.561199
vertex -60.147177 3.000000 58.512818
endloop
endfacet
facet normal 0.383440 9.971390 0.142339
outer loop
vertex -60.147177 3.000000 58.512818
vertex -66.952422 3.000000 69.561199
vertex -60.096266 3.000000 58.880316
endloop
endfacet
facet normal 0.325648 9.976039 0.106983
outer loop
vertex -60.096266 3.000000 58.880316
vertex -66.952422 3.000000 69.561199
vertex -59.995347 3.000000 59.237944
endloop
endfacet
facet normal 0.282174 9.978654 0.079056
outer loop
vertex -59.995347 3.000000 59.237944
vertex -66.952422 3.000000 69.561199
vertex -59.846227 3.000000 59.579327
endloop
endfacet
facet normal 0.247029 9.980185 0.055195
outer loop
vertex -59.846227 3.000000 59.579327
vertex -66.952422 3.000000 69.561199
vertex -59.651555 3.000000 59.898366
endloop
endfacet
facet normal 0.216883 9.981053 0.033458
outer loop
vertex -59.651555 3.000000 59.898366
vertex -66.952422 3.000000 69.561199
vertex -59.414821 3.000000 60.189371
endloop
endfacet
facet normal 0.189629 9.981456 0.012526
outer loop
vertex -59.414821 3.000000 60.189371
vertex -66.952422 3.000000 69.561199
vertex -59.140240 3.000000 60.447155
endloop
endfacet
facet normal 0.163740 9.981473 -0.008676
outer loop
vertex -59.140240 3.000000 60.447155
vertex -66.952422 3.000000 69.561199
vertex -58.832714 3.000000 60.667113
endloop
endfacet
facet normal 0.137922 9.981110 -0.031204
outer loop
vertex -58.832714 3.000000 60.667113
vertex -66.952422 3.000000 69.561199
vertex -58.497731 3.000000 60.845308
endloop
endfacet
facet normal 0.110840 9.980292 -0.056316
outer loop
vertex -58.497731 3.000000 60.845308
vertex -66.952422 3.000000 69.561199
vertex -58.141270 3.000000 60.978578
endloop
endfacet
facet normal 0.060585 9.984733 0.057239
outer loop
vertex -58.141270 3.000000 60.978578
vertex -66.952422 3.000000 69.561199
vertex -57.769692 3.000000 61.064539
endloop
endfacet
facet normal -0.159146 9.937968 0.598049
outer loop
vertex -57.769692 3.000000 61.064539
vertex -66.952422 3.000000 69.561199
vertex -49.489351 3.000000 69.561199
endloop
endfacet
facet normal -0.179478 9.939690 0.216772
outer loop
vertex -57.769692 3.000000 61.064539
vertex -49.489351 3.000000 69.561199
vertex -57.389623 3.000000 61.101657
endloop
endfacet
facet normal -0.199910 9.932858 0.061827
outer loop
vertex -57.389623 3.000000 61.101657
vertex -49.489351 3.000000 69.561199
vertex -57.007851 3.000000 61.089264
endloop
endfacet
facet normal -0.239071 9.935544 0.098128
outer loop
vertex -57.007851 3.000000 61.089264
vertex -49.489351 3.000000 69.561199
vertex -56.631185 3.000000 61.027590
endloop
endfacet
facet normal -0.272667 9.937106 0.127524
outer loop
vertex -56.631185 3.000000 61.027590
vertex -49.489351 3.000000 69.561199
vertex -56.266352 3.000000 60.917731
endloop
endfacet
facet normal -0.303329 9.937954 0.152686
outer loop
vertex -56.266352 3.000000 60.917731
vertex -49.489351 3.000000 69.561199
vertex -55.919855 3.000000 60.761644
endloop
endfacet
facet normal -0.332894 9.938274 0.175326
outer loop
vertex -55.919855 3.000000 60.761644
vertex -49.489351 3.000000 69.561199
vertex -55.597884 3.000000 60.562121
endloop
endfacet
facet normal -0.362901 9.938131 0.196700
outer loop
vertex -55.597884 3.000000 60.562121
vertex -49.489351 3.000000 69.561199
vertex -55.306179 3.000000 60.322720
endloop
endfacet
facet normal -0.394916 9.937496 0.217890
outer loop
vertex -55.306179 3.000000 60.322720
vertex -49.489351 3.000000 69.561199
vertex -55.049949 3.000000 60.047710
endloop
endfacet
facet normal -0.430873 9.936236 0.240031
outer loop
vertex -55.049949 3.000000 60.047710
vertex -49.489351 3.000000 69.561199
vertex -54.833764 3.000000 59.742005
endloop
endfacet
facet normal -0.473558 9.934044 0.264567
outer loop
vertex -54.833764 3.000000 59.742005
vertex -49.489351 3.000000 69.561199
vertex -54.661488 3.000000 59.411052
endloop
endfacet
facet normal 0.827657 9.822584 -0.014073
outer loop
vertex -60.507847 3.000000 35.136399
vertex -60.635680 3.000000 34.705676
vertex -66.952422 3.000000 69.561199
endloop
endfacet
facet normal 1.783664 9.527602 -0.130023
outer loop
vertex -66.952422 3.000000 69.561199
vertex -60.635680 3.000000 34.705676
vertex -60.713027 3.000000 34.263767
endloop
endfacet
facet normal 3.999272 7.252425 0.250262
outer loop
vertex 52.529478 3.000000 34.263767
vertex 52.503591 3.000000 33.816230
vertex 49.489346 3.000000 42.913621
endloop
endfacet
facet normal 4.421386 6.344855 0.722252
outer loop
vertex 49.489346 3.000000 42.913621
vertex 52.503591 3.000000 33.816230
vertex 52.529478 3.000000 33.368692
endloop
endfacet
facet normal 2.390929 7.862582 0.772388
outer loop
vertex 49.489346 3.000000 42.913621
vertex 52.529478 3.000000 33.368692
vertex 52.606825 3.000000 32.926783
endloop
endfacet
facet normal -3.912258 7.065109 1.308134
outer loop
vertex 60.507847 3.000000 32.496058
vertex 60.635680 3.000000 32.926783
vertex 66.952422 3.000000 42.913621
endloop
endfacet
facet normal -3.528022 7.930764 0.753480
outer loop
vertex 66.952422 3.000000 42.913621
vertex 60.635680 3.000000 32.926783
vertex 60.713027 3.000000 33.368692
endloop
endfacet
facet normal -3.163508 8.467064 0.310135
outer loop
vertex 66.952422 3.000000 42.913621
vertex 60.713027 3.000000 33.368692
vertex 60.738919 3.000000 33.816230
endloop
endfacet
facet normal -2.846940 8.803505 -0.043280
outer loop
vertex 60.738919 3.000000 33.816230
vertex 60.713027 3.000000 34.263767
vertex 66.952422 3.000000 42.913621
endloop
endfacet
facet normal -2.577109 9.019893 -0.332519
outer loop
vertex 66.952422 3.000000 42.913621
vertex 60.713027 3.000000 34.263767
vertex 60.635680 3.000000 34.705676
endloop
endfacet
facet normal -2.345197 9.161700 -0.577959
outer loop
vertex 66.952422 3.000000 42.913621
vertex 60.635680 3.000000 34.705676
vertex 60.507847 3.000000 35.136399
endloop
endfacet
facet normal -2.141980 9.254668 -0.794361
outer loop
vertex 60.507847 3.000000 35.136399
vertex 60.331141 3.000000 35.550523
vertex 66.952422 3.000000 42.913621
endloop
endfacet
facet normal -1.959534 9.313494 -0.992451
outer loop
vertex 66.952422 3.000000 42.913621
vertex 60.331141 3.000000 35.550523
vertex 60.107780 3.000000 35.942834
endloop
endfacet
facet normal -1.791294 9.346474 -1.180383
outer loop
vertex 66.952422 3.000000 42.913621
vertex 60.107780 3.000000 35.942834
vertex 59.840575 3.000000 36.308404
endloop
endfacet
facet normal -1.631675 9.357892 -1.364830
outer loop
vertex 59.840575 3.000000 36.308404
vertex 59.532880 3.000000 36.642631
vertex 66.952422 3.000000 42.913621
endloop
endfacet
facet normal -1.475604 9.349172 -1.551772
outer loop
vertex 66.952422 3.000000 42.913621
vertex 59.532880 3.000000 36.642631
vertex 59.188575 3.000000 36.941318
endloop
endfacet
facet normal -1.318031 9.319229 -1.747166
outer loop
vertex 66.952422 3.000000 42.913621
vertex 59.188575 3.000000 36.941318
vertex 58.811981 3.000000 37.200703
endloop
endfacet
facet normal -1.153396 9.264205 -1.957502
outer loop
vertex 58.811981 3.000000 37.200703
vertex 58.407843 3.000000 37.417524
vertex 66.952422 3.000000 42.913621
endloop
endfacet
facet normal -0.974969 9.176439 -2.190377
outer loop
vertex 66.952422 3.000000 42.913621
vertex 58.407843 3.000000 37.417524
vertex 57.981232 3.000000 37.589060
endloop
endfacet
facet normal -0.773873 9.042285 -2.455067
outer loop
vertex 66.952422 3.000000 42.913621
vertex 57.981232 3.000000 37.589060
vertex 57.537522 3.000000 37.713151
endloop
endfacet
facet normal -0.361065 9.476998 -1.380559
outer loop
vertex 57.537522 3.000000 37.713151
vertex 57.082287 3.000000 37.788234
vertex 66.952422 3.000000 42.913621
endloop
endfacet
facet normal 0.023310 9.918473 0.488587
outer loop
vertex 66.952422 3.000000 42.913621
vertex 57.082287 3.000000 37.788234
vertex 49.489346 3.000000 42.913621
endloop
endfacet
facet normal 0.020021 9.083907 -1.258223
outer loop
vertex 49.489346 3.000000 42.913621
vertex 57.082287 3.000000 37.788234
vertex 56.621253 3.000000 37.813366
endloop
endfacet
facet normal 0.175799 8.388869 -2.703337
outer loop
vertex 49.489346 3.000000 42.913621
vertex 56.621253 3.000000 37.813366
vertex 56.160218 3.000000 37.788234
endloop
endfacet
facet normal 0.497424 8.618227 -2.450259
outer loop
vertex 56.160218 3.000000 37.788234
vertex 55.704989 3.000000 37.713151
vertex 49.489346 3.000000 42.913621
endloop
endfacet
facet normal 0.780268 8.770928 -2.223135
outer loop
vertex 49.489346 3.000000 42.913621
vertex 55.704989 3.000000 37.713151
vertex 55.261273 3.000000 37.589060
endloop
endfacet
facet normal 1.037209 8.869559 -2.017015
outer loop
vertex 49.489346 3.000000 42.913621
vertex 55.261273 3.000000 37.589060
vertex 54.834667 3.000000 37.417524
endloop
endfacet
facet normal 1.278502 8.927447 -1.826394
outer loop
vertex 54.834667 3.000000 37.417524
vertex 54.430519 3.000000 37.200703
vertex 49.489346 3.000000 42.913621
endloop
endfacet
facet normal 1.512608 8.951863 -1.645883
outer loop
vertex 49.489346 3.000000 42.913621
vertex 54.430519 3.000000 37.200703
vertex 54.053931 3.000000 36.941318
endloop
endfacet
facet normal 1.746941 8.945746 -1.470235
outer loop
vertex 49.489346 3.000000 42.913621
vertex 54.053931 3.000000 36.941318
vertex 53.709625 3.000000 36.642631
endloop
endfacet
facet normal 1.988544 8.908365 -1.294065
outer loop
vertex 53.709625 3.000000 36.642631
vertex 53.401935 3.000000 36.308404
vertex 49.489346 3.000000 42.913621
endloop
endfacet
facet normal 2.244663 8.835161 -1.111343
outer loop
vertex 49.489346 3.000000 42.913621
vertex 53.401935 3.000000 36.308404
vertex 53.134725 3.000000 35.942834
endloop
endfacet
facet normal 2.523095 8.716690 -0.914803
outer loop
vertex 49.489346 3.000000 42.913621
vertex 53.134725 3.000000 35.942834
vertex 52.911364 3.000000 35.550523
endloop
endfacet
facet normal 2.832239 8.536384 -0.695065
outer loop
vertex 52.911364 3.000000 35.550523
vertex 52.734658 3.000000 35.136399
vertex 49.489346 3.000000 42.913621
endloop
endfacet
facet normal 3.180283 8.266513 -0.439529
outer loop
vertex 49.489346 3.000000 42.913621
vertex 52.734658 3.000000 35.136399
vertex 52.606825 3.000000 34.705676
endloop
endfacet
facet normal 3.571958 7.861849 -0.131279
outer loop
vertex 49.489346 3.000000 42.913621
vertex 52.606825 3.000000 34.705676
vertex 52.529478 3.000000 34.263767
endloop
endfacet
facet normal 1.258348 9.550191 0.439088
outer loop
vertex 36.381776 3.000000 -100.783973
vertex 36.355884 3.000000 -101.231503
vertex 22.337659 3.000000 -102.028318
endloop
endfacet
facet normal 1.252363 9.554386 0.620244
outer loop
vertex 22.337659 3.000000 -102.028318
vertex 36.355884 3.000000 -101.231503
vertex 36.381776 3.000000 -101.679042
endloop
endfacet
facet normal 1.249642 9.548151 0.802048
outer loop
vertex 22.337659 3.000000 -102.028318
vertex 36.381776 3.000000 -101.679042
vertex 36.459123 3.000000 -102.120952
endloop
endfacet
facet normal 1.250107 9.530705 0.990432
outer loop
vertex 36.459123 3.000000 -102.120952
vertex 36.586953 3.000000 -102.551679
vertex 22.337659 3.000000 -102.028318
endloop
endfacet
facet normal 1.253804 9.499743 1.192109
outer loop
vertex 22.337659 3.000000 -102.028318
vertex 36.586953 3.000000 -102.551679
vertex 36.763662 3.000000 -102.965803
endloop
endfacet
facet normal 1.260841 9.450783 1.415411
outer loop
vertex 22.337659 3.000000 -102.028318
vertex 36.763662 3.000000 -102.965803
vertex 36.987023 3.000000 -103.358112
endloop
endfacet
facet normal 1.271325 9.375718 1.671556
outer loop
vertex 36.987023 3.000000 -103.358112
vertex 37.254228 3.000000 -103.723682
vertex 22.337659 3.000000 -102.028318
endloop
endfacet
facet normal 1.285074 9.259790 1.976561
outer loop
vertex 22.337659 3.000000 -102.028318
vertex 37.254228 3.000000 -103.723682
vertex 37.561921 3.000000 -104.057909
endloop
endfacet
facet normal 1.300880 9.075054 2.354064
outer loop
vertex 22.337659 3.000000 -102.028318
vertex 37.561921 3.000000 -104.057909
vertex 37.906226 3.000000 -104.356598
endloop
endfacet
facet normal 1.314245 8.765696 2.838676
outer loop
vertex 37.906226 3.000000 -104.356598
vertex 38.282819 3.000000 -104.615981
vertex 22.337659 3.000000 -102.028318
endloop
endfacet
facet normal 1.310692 8.215744 3.474039
outer loop
vertex 22.337659 3.000000 -102.028318
vertex 38.282819 3.000000 -104.615981
vertex 38.686957 3.000000 -104.832800
endloop
endfacet
facet normal 1.248133 7.194535 4.276138
outer loop
vertex 22.337659 3.000000 -102.028318
vertex 38.686957 3.000000 -104.832800
vertex 39.113571 3.000000 -105.004333
endloop
endfacet
facet normal 0.447164 8.210541 2.644859
outer loop
vertex 39.113571 3.000000 -105.004333
vertex 39.557282 3.000000 -105.128429
vertex 22.337659 3.000000 -102.028318
endloop
endfacet
facet normal -0.308229 9.962642 -0.035127
outer loop
vertex 36.987023 3.000000 -99.104903
vertex 36.763662 3.000000 -99.497212
vertex 22.337659 3.000000 -77.868485
endloop
endfacet
facet normal 1.267800 9.535043 0.252722
outer loop
vertex 36.459123 3.000000 -100.342064
vertex 36.381776 3.000000 -100.783973
vertex 22.337659 3.000000 -102.028318
endloop
endfacet
facet normal 1.263475 9.159598 0.229239
outer loop
vertex -49.489351 3.000000 -49.503847
vertex -49.489351 3.000000 -45.585085
vertex -45.751830 3.000000 -59.580929
endloop
endfacet
facet normal 1.604695 9.027221 0.019291
outer loop
vertex 66.952422 3.000000 -71.971417
vertex 71.527602 3.000000 -108.807780
vertex 66.952422 3.000000 -76.151430
endloop
endfacet
facet normal 1.569854 9.020026 0.464737
outer loop
vertex 66.952422 3.000000 -76.151430
vertex 71.527602 3.000000 -108.807780
vertex 53.593512 3.000000 -91.303974
endloop
endfacet
facet normal -0.664197 9.574356 -0.620973
outer loop
vertex 66.952422 3.000000 -76.151430
vertex 53.593512 3.000000 -91.303974
vertex 53.593512 3.000000 -83.597079
endloop
endfacet
facet normal 0.186366 9.928190 -0.626439
outer loop
vertex 49.489351 3.000000 -71.971417
vertex 57.580297 3.000000 -63.499482
vertex 66.952422 3.000000 -71.971417
endloop
endfacet
facet normal -0.053439 9.984733 -0.045473
outer loop
vertex 66.952422 3.000000 -71.971417
vertex 57.580297 3.000000 -63.499482
vertex 57.956957 3.000000 -63.437808
endloop
endfacet
facet normal -0.097325 9.980061 0.074437
outer loop
vertex 66.952422 3.000000 -71.971417
vertex 57.956957 3.000000 -63.437808
vertex 58.321795 3.000000 -63.327948
endloop
endfacet
facet normal -0.258469 9.409088 -0.501042
outer loop
vertex 41.556834 3.000000 -83.597079
vertex 49.489351 3.000000 -76.151430
vertex 53.593512 3.000000 -83.597079
endloop
endfacet
facet normal -0.508489 9.414007 -0.056519
outer loop
vertex 53.593512 3.000000 -83.597079
vertex 49.489351 3.000000 -76.151430
vertex 66.952422 3.000000 -76.151430
endloop
endfacet
facet normal -2.133306 8.255051 0.021169
outer loop
vertex -59.995347 3.000000 -61.648161
vertex -59.846227 3.000000 -61.989544
vertex -71.527602 3.000000 -108.807780
endloop
endfacet
facet normal -2.133818 8.255051 0.021575
outer loop
vertex -71.527602 3.000000 -108.807780
vertex -59.846227 3.000000 -61.989544
vertex -59.651555 3.000000 -62.308584
endloop
endfacet
facet normal -2.115546 8.252378 -0.093360
outer loop
vertex -71.527602 3.000000 -108.807780
vertex -59.651555 3.000000 -62.308584
vertex -53.593512 3.000000 -83.597079
endloop
endfacet
facet normal 0.173184 9.990865 0.005914
outer loop
vertex -53.593512 3.000000 -83.597079
vertex -59.651555 3.000000 -62.308584
vertex -59.414821 3.000000 -62.599589
endloop
endfacet
facet normal 0.249466 9.987102 0.095591
outer loop
vertex -53.593512 3.000000 -83.597079
vertex -59.414821 3.000000 -62.599589
vertex -59.140240 3.000000 -62.857372
endloop
endfacet
facet normal 0.193958 9.990257 0.082110
outer loop
vertex -59.140240 3.000000 -62.857372
vertex -58.832714 3.000000 -63.077330
vertex -53.593512 3.000000 -83.597079
endloop
endfacet
facet normal 0.155019 9.991894 0.073112
outer loop
vertex -53.593512 3.000000 -83.597079
vertex -58.832714 3.000000 -63.077330
vertex -58.497731 3.000000 -63.255526
endloop
endfacet
facet normal 0.125056 9.992831 0.066608
outer loop
vertex -53.593512 3.000000 -83.597079
vertex -58.497731 3.000000 -63.255526
vertex -58.141270 3.000000 -63.388795
endloop
endfacet
facet normal 0.100326 9.993391 0.061632
outer loop
vertex -58.141270 3.000000 -63.388795
vertex -57.769692 3.000000 -63.474756
vertex -53.593512 3.000000 -83.597079
endloop
endfacet
facet normal 0.078704 9.993723 0.057657
outer loop
vertex -53.593512 3.000000 -83.597079
vertex -57.769692 3.000000 -63.474756
vertex -57.389623 3.000000 -63.511875
endloop
endfacet
facet normal 0.058826 9.993897 0.054369
outer loop
vertex -53.593512 3.000000 -83.597079
vertex -57.389623 3.000000 -63.511875
vertex -57.007851 3.000000 -63.499482
endloop
endfacet
facet normal 0.039692 9.993945 0.051568
outer loop
vertex -57.007851 3.000000 -63.499482
vertex -56.631185 3.000000 -63.437808
vertex -53.593512 3.000000 -83.597079
endloop
endfacet
facet normal 0.020440 9.993877 0.049118
outer loop
vertex -53.593512 3.000000 -83.597079
vertex -56.631185 3.000000 -63.437808
vertex -56.266352 3.000000 -63.327948
endloop
endfacet
facet normal 0.000190 9.993679 0.046921
outer loop
vertex -53.593512 3.000000 -83.597079
vertex -56.266352 3.000000 -63.327948
vertex -55.919855 3.000000 -63.171862
endloop
endfacet
facet normal -0.022119 9.993316 0.044901
outer loop
vertex -55.919855 3.000000 -63.171862
vertex -55.597884 3.000000 -62.972339
vertex -53.593512 3.000000 -83.597079
endloop
endfacet
facet normal -0.047979 9.992705 0.042989
outer loop
vertex -53.593512 3.000000 -83.597079
vertex -55.597884 3.000000 -62.972339
vertex -55.306179 3.000000 -62.732938
endloop
endfacet
facet normal -0.004474 9.994525 -0.022998
outer loop
vertex -53.593512 3.000000 -83.597079
vertex -55.306179 3.000000 -62.732938
vertex -55.049949 3.000000 -62.457928
endloop
endfacet
facet normal 2.108020 8.306484 -0.019229
outer loop
vertex 60.051966 3.000000 59.060765
vertex 59.926664 3.000000 59.411052
vertex 71.527602 3.000000 107.965063
endloop
endfacet
facet normal 2.073348 8.305999 -0.040035
outer loop
vertex 71.527602 3.000000 107.965063
vertex 59.926664 3.000000 59.411052
vertex 59.754383 3.000000 59.742005
endloop
endfacet
facet normal 2.118191 8.306668 -0.022127
outer loop
vertex 71.527602 3.000000 107.965063
vertex 59.754383 3.000000 59.742005
vertex 59.538198 3.000000 60.047710
endloop
endfacet
facet normal 2.111974 8.297790 0.185162
outer loop
vertex 71.527602 3.000000 107.965063
vertex 59.538198 3.000000 60.047710
vertex 53.593512 3.000000 91.571581
endloop
endfacet
facet normal -0.099981 9.988975 0.128286
outer loop
vertex 53.593512 3.000000 91.571581
vertex 59.538198 3.000000 60.047710
vertex 59.281968 3.000000 60.322720
endloop
endfacet
facet normal -0.139382 9.987770 0.074972
outer loop
vertex 53.593512 3.000000 91.571581
vertex 59.281968 3.000000 60.322720
vertex 58.990263 3.000000 60.562121
endloop
endfacet
facet normal -0.113336 9.988483 0.078897
outer loop
vertex 58.990263 3.000000 60.562121
vertex 58.668292 3.000000 60.761644
vertex 53.593512 3.000000 91.571581
endloop
endfacet
facet normal -0.093171 9.988895 0.081749
outer loop
vertex 53.593512 3.000000 91.571581
vertex 58.668292 3.000000 60.761644
vertex 58.321795 3.000000 60.917731
endloop
endfacet
facet normal -0.076483 9.989145 0.083935
outer loop
vertex 53.593512 3.000000 91.571581
vertex 58.321795 3.000000 60.917731
vertex 57.956957 3.000000 61.027590
endloop
endfacet
facet normal -0.061895 9.989295 0.085681
outer loop
vertex 57.956957 3.000000 61.027590
vertex 57.580297 3.000000 61.089264
vertex 53.593512 3.000000 91.571581
endloop
endfacet
facet normal -0.048520 9.989377 0.087120
outer loop
vertex 53.593512 3.000000 91.571581
vertex 57.580297 3.000000 61.089264
vertex 57.198524 3.000000 61.101657
endloop
endfacet
facet normal -0.035708 9.989404 0.088339
outer loop
vertex 53.593512 3.000000 91.571581
vertex 57.198524 3.000000 61.101657
vertex 56.818455 3.000000 61.064539
endloop
endfacet
facet normal -0.022911 9.989382 0.089395
outer loop
vertex 56.818455 3.000000 61.064539
vertex 56.446877 3.000000 60.978578
vertex 53.593512 3.000000 91.571581
endloop
endfacet
facet normal -0.009588 9.989307 0.090328
outer loop
vertex 53.593512 3.000000 91.571581
vertex 56.446877 3.000000 60.978578
vertex 56.090411 3.000000 60.845308
endloop
endfacet
facet normal 0.004901 9.989166 0.091169
outer loop
vertex 53.593512 3.000000 91.571581
vertex 56.090411 3.000000 60.845308
vertex 55.755433 3.000000 60.667113
endloop
endfacet
facet normal 0.021415 9.988929 0.091940
outer loop
vertex 55.755433 3.000000 60.667113
vertex 55.447907 3.000000 60.447155
vertex 53.593512 3.000000 91.571581
endloop
endfacet
facet normal -0.004342 9.989707 0.137107
outer loop
vertex 53.593512 3.000000 91.571581
vertex 55.447907 3.000000 60.447155
vertex 55.173326 3.000000 60.189371
endloop
endfacet
facet normal -0.422116 9.968053 -0.160612
outer loop
vertex 60.128051 3.000000 -61.107610
vertex 60.153563 3.000000 -60.737635
vertex 66.952422 3.000000 -71.971417
endloop
endfacet
facet normal -0.529489 9.954349 -0.222621
outer loop
vertex 66.952422 3.000000 -71.971417
vertex 60.153563 3.000000 -60.737635
vertex 60.128051 3.000000 -60.367659
endloop
endfacet
facet normal -0.315167 9.967489 -0.229071
outer loop
vertex 66.952422 3.000000 -71.971417
vertex 60.128051 3.000000 -60.367659
vertex 60.051966 3.000000 -60.004282
endloop
endfacet
facet normal 0.526491 9.922237 -0.310921
outer loop
vertex 54.592805 3.000000 -61.648161
vertex 54.741925 3.000000 -61.989544
vertex 49.489351 3.000000 -71.971417
endloop
endfacet
facet normal 0.478890 9.925109 -0.284429
outer loop
vertex 49.489351 3.000000 -71.971417
vertex 54.741925 3.000000 -61.989544
vertex 54.936592 3.000000 -62.308584
endloop
endfacet
facet normal 0.440000 9.926781 -0.261306
outer loop
vertex 49.489351 3.000000 -71.971417
vertex 54.936592 3.000000 -62.308584
vertex 55.173326 3.000000 -62.599589
endloop
endfacet
facet normal 0.406295 9.927704 -0.239795
outer loop
vertex 55.173326 3.000000 -62.599589
vertex 55.447907 3.000000 -62.857372
vertex 49.489351 3.000000 -71.971417
endloop
endfacet
facet normal 0.375495 9.928083 -0.218645
outer loop
vertex 49.489351 3.000000 -71.971417
vertex 55.447907 3.000000 -62.857372
vertex 55.755433 3.000000 -63.077330
endloop
endfacet
facet normal 0.345894 9.927997 -0.196778
outer loop
vertex 49.489351 3.000000 -71.971417
vertex 55.755433 3.000000 -63.077330
vertex 56.090411 3.000000 -63.255526
endloop
endfacet
facet normal 0.315981 9.927427 -0.173055
outer loop
vertex 56.090411 3.000000 -63.255526
vertex 56.446877 3.000000 -63.388795
vertex 49.489351 3.000000 -71.971417
endloop
endfacet
facet normal 0.284118 9.926256 -0.146035
outer loop
vertex 49.489351 3.000000 -71.971417
vertex 56.446877 3.000000 -63.388795
vertex 56.818455 3.000000 -63.474756
endloop
endfacet
facet normal 0.248148 9.924204 -0.113610
outer loop
vertex 49.489351 3.000000 -71.971417
vertex 56.818455 3.000000 -63.474756
vertex 57.198524 3.000000 -63.511875
endloop
endfacet
facet normal 0.218963 9.930474 -0.260065
outer loop
vertex 57.198524 3.000000 -63.511875
vertex 57.580297 3.000000 -63.499482
vertex 49.489351 3.000000 -71.971417
endloop
endfacet
facet normal -0.125631 9.981165 0.047422
outer loop
vertex 58.321795 3.000000 -63.327948
vertex 58.668292 3.000000 -63.171862
vertex 66.952422 3.000000 -71.971417
endloop
endfacet
facet normal -0.151901 9.981741 0.023782
outer loop
vertex 66.952422 3.000000 -71.971417
vertex 58.668292 3.000000 -63.171862
vertex 58.990263 3.000000 -62.972339
endloop
endfacet
facet normal -0.177594 9.981910 0.002057
outer loop
vertex 66.952422 3.000000 -71.971417
vertex 58.990263 3.000000 -62.972339
vertex 59.281968 3.000000 -62.732938
endloop
endfacet
facet normal -0.203996 9.981705 -0.018882
outer loop
vertex 59.281968 3.000000 -62.732938
vertex 59.538198 3.000000 -62.457928
vertex 66.952422 3.000000 -71.971417
endloop
endfacet
facet normal -0.232481 9.981086 -0.040074
outer loop
vertex 66.952422 3.000000 -71.971417
vertex 59.538198 3.000000 -62.457928
vertex 59.754383 3.000000 -62.152223
endloop
endfacet
facet normal -0.264807 9.979921 -0.062680
outer loop
vertex 66.952422 3.000000 -71.971417
vertex 59.754383 3.000000 -62.152223
vertex 59.926664 3.000000 -61.821270
endloop
endfacet
facet normal -0.303582 9.977923 -0.088269
outer loop
vertex 59.926664 3.000000 -61.821270
vertex 60.051966 3.000000 -61.470982
vertex 66.952422 3.000000 -71.971417
endloop
endfacet
facet normal -0.353202 9.974466 -0.119347
outer loop
vertex 66.952422 3.000000 -71.971417
vertex 60.051966 3.000000 -61.470982
vertex 60.128051 3.000000 -61.107610
endloop
endfacet
facet normal -1.507201 8.374608 1.307001
outer loop
vertex -66.145033 3.000000 113.190079
vertex -53.593512 3.000000 99.278482
vertex -71.527602 3.000000 107.965063
endloop
endfacet
facet normal -1.381481 9.081661 -0.173105
outer loop
vertex -71.527602 3.000000 107.965063
vertex -53.593512 3.000000 99.278482
vertex -53.593512 3.000000 91.571581
endloop
endfacet
facet normal 1.752636 8.101888 -0.591583
outer loop
vertex 53.593512 3.000000 91.571581
vertex 53.593512 3.000000 99.278482
vertex 71.527602 3.000000 107.965063
endloop
endfacet
facet normal -1.919858 8.235676 0.059635
outer loop
vertex -53.593512 3.000000 -83.597079
vertex -53.593512 3.000000 -91.303974
vertex -71.527602 3.000000 -108.807780
endloop
endfacet
facet normal 1.679813 9.040805 -0.137622
outer loop
vertex 66.952422 3.000000 -71.971417
vertex 66.952422 3.000000 42.913621
vertex 71.527602 3.000000 -108.807780
endloop
endfacet
facet normal 1.672778 7.615726 -1.838435
outer loop
vertex 53.593512 3.000000 -91.303974
vertex 71.527602 3.000000 -108.807780
vertex 66.145033 3.000000 -114.032795
endloop
endfacet
facet normal -0.021994 9.997359 -0.116049
outer loop
vertex 27.141090 3.000000 83.658825
vertex -41.556834 3.000000 99.278482
vertex 41.556834 3.000000 99.278482
endloop
endfacet
facet normal 0.202205 2.545979 -7.161022
outer loop
vertex 66.145033 -4.500000 -114.032795
vertex 66.145033 3.000000 -114.032795
vertex 66.672620 -4.500000 -114.007632
endloop
endfacet
facet normal 0.471327 3.276570 -7.032717
outer loop
vertex 66.672620 -4.500000 -114.007632
vertex 66.145033 3.000000 -114.032795
vertex 66.672620 3.000000 -114.007632
endloop
endfacet
facet normal 0.852054 3.065822 -7.101643
outer loop
vertex 66.672620 -4.500000 -114.007632
vertex 66.672620 3.000000 -114.007632
vertex 67.195120 -4.500000 -113.932399
endloop
endfacet
facet normal 1.153530 3.638518 -6.970014
outer loop
vertex 67.195120 -4.500000 -113.932399
vertex 66.672620 3.000000 -114.007632
vertex 67.195120 3.000000 -113.932399
endloop
endfacet
facet normal 1.549090 3.316995 -6.955598
outer loop
vertex 67.195120 -4.500000 -113.932399
vertex 67.195120 3.000000 -113.932399
vertex 67.707513 -4.500000 -113.807805
endloop
endfacet
facet normal 1.902723 2.428812 -7.153338
outer loop
vertex 67.707513 -4.500000 -113.807805
vertex 67.195120 3.000000 -113.932399
vertex 67.707513 3.000000 -113.807805
endloop
endfacet
facet normal 2.276718 2.408334 -7.041084
outer loop
vertex 67.707513 -4.500000 -113.807805
vertex 67.707513 3.000000 -113.807805
vertex 68.204855 -4.500000 -113.635065
endloop
endfacet
facet normal 2.573941 2.426567 -6.928327
outer loop
vertex 68.204855 -4.500000 -113.635065
vertex 67.707513 3.000000 -113.807805
vertex 68.204855 3.000000 -113.635065
endloop
endfacet
facet normal 2.753197 3.576896 -6.405820
outer loop
vertex 68.204855 -4.500000 -113.635065
vertex 68.204855 3.000000 -113.635065
vertex 68.682362 -4.500000 -113.415835
endloop
endfacet
facet normal 3.059017 3.295980 -6.312160
outer loop
vertex 68.682362 -4.500000 -113.415835
vertex 68.204855 3.000000 -113.635065
vertex 68.682362 3.000000 -113.415835
endloop
endfacet
facet normal 3.356053 3.734683 -6.037550
outer loop
vertex 68.682362 -4.500000 -113.415835
vertex 68.682362 3.000000 -113.415835
vertex 69.135430 -4.500000 -113.152226
endloop
endfacet
facet normal 3.834537 2.289082 -6.276941
outer loop
vertex 69.135430 -4.500000 -113.152226
vertex 68.682362 3.000000 -113.415835
vertex 69.135430 3.000000 -113.152226
endloop
endfacet
facet normal 3.853932 3.757008 -5.645021
outer loop
vertex 69.135430 -4.500000 -113.152226
vertex 69.135430 3.000000 -113.152226
vertex 69.559701 -4.500000 -112.846770
endloop
endfacet
facet normal 4.183753 3.033409 -5.562368
outer loop
vertex 69.559701 -4.500000 -112.846770
vertex 69.135430 3.000000 -113.152226
vertex 69.559701 3.000000 -112.846770
endloop
endfacet
facet normal 4.366300 3.863307 -5.166398
outer loop
vertex 69.559701 -4.500000 -112.846770
vertex 69.559701 3.000000 -112.846770
vertex 69.951088 -4.500000 -112.502428
endloop
endfacet
facet normal 4.934755 2.124968 -5.371261
outer loop
vertex 69.951088 -4.500000 -112.502428
vertex 69.559701 3.000000 -112.846770
vertex 69.951088 3.000000 -112.502428
endloop
endfacet
facet normal 4.779449 3.865040 -4.694978
outer loop
vertex 69.951088 -4.500000 -112.502428
vertex 69.951088 3.000000 -112.502428
vertex 70.305819 -4.500000 -112.122497
endloop
endfacet
facet normal 5.138448 2.783052 -4.599592
outer loop
vertex 70.305819 -4.500000 -112.122497
vertex 69.951088 3.000000 -112.502428
vertex 70.305819 3.000000 -112.122497
endloop
endfacet
facet normal 4.899878 4.634697 -3.926738
outer loop
vertex 70.305819 -4.500000 -112.122497
vertex 70.305819 3.000000 -112.122497
vertex 70.620475 -4.500000 -111.710645
endloop
endfacet
facet normal 5.544130 2.664339 -4.053746
outer loop
vertex 70.620475 -4.500000 -111.710645
vertex 70.305819 3.000000 -112.122497
vertex 70.620475 3.000000 -111.710645
endloop
endfacet
facet normal 5.534492 3.924003 -3.574293
outer loop
vertex 70.620475 -4.500000 -111.710645
vertex 70.620475 3.000000 -111.710645
vertex 70.892037 -4.500000 -111.270839
endloop
endfacet
facet normal 6.204123 1.866937 -3.646937
outer loop
vertex 70.892037 -4.500000 -111.270839
vertex 70.620475 3.000000 -111.710645
vertex 70.892037 3.000000 -111.270839
endloop
endfacet
facet normal 5.806382 3.911840 -3.017103
outer loop
vertex 70.892037 -4.500000 -111.270839
vertex 70.892037 3.000000 -111.270839
vertex 71.117878 -4.500000 -110.807303
endloop
endfacet
facet normal 6.184918 2.474232 -2.852829
outer loop
vertex 71.117878 -4.500000 -110.807303
vertex 70.892037 3.000000 -111.270839
vertex 71.117878 3.000000 -110.807303
endloop
endfacet
facet normal 6.052412 3.934182 -2.372822
outer loop
vertex 71.117878 -4.500000 -110.807303
vertex 71.117878 3.000000 -110.807303
vertex 71.295832 -4.500000 -110.324524
endloop
endfacet
facet normal 6.753608 1.740947 -2.322933
outer loop
vertex 71.295832 -4.500000 -110.324524
vertex 71.117878 3.000000 -110.807303
vertex 71.295832 3.000000 -110.324524
endloop
endfacet
facet normal 6.566060 3.272557 -1.856145
outer loop
vertex 71.295832 -4.500000 -110.324524
vertex 71.295832 3.000000 -110.324524
vertex 71.424177 -4.500000 -109.827134
endloop
endfacet
facet normal 6.934103 1.695573 -1.628052
outer loop
vertex 71.424177 -4.500000 -109.827134
vertex 71.295832 3.000000 -110.324524
vertex 71.424177 3.000000 -109.827134
endloop
endfacet
facet normal 6.354262 3.914947 -1.141009
outer loop
vertex 71.424177 -4.500000 -109.827134
vertex 71.424177 3.000000 -109.827134
vertex 71.501684 -4.500000 -109.319919
endloop
endfacet
facet normal 6.707714 2.298872 -0.878833
outer loop
vertex 71.501684 -4.500000 -109.319919
vertex 71.424177 3.000000 -109.827134
vertex 71.501684 3.000000 -109.319919
endloop
endfacet
facet normal 6.555351 3.564213 -0.422329
outer loop
vertex 71.501684 -4.500000 -109.319919
vertex 71.501684 3.000000 -109.319919
vertex 71.527602 -4.500000 -108.807780
endloop
endfacet
facet normal 6.484071 3.678860 -0.208984
outer loop
vertex 71.527602 -4.500000 -108.807780
vertex 71.501684 3.000000 -109.319919
vertex 71.527602 3.000000 -108.807780
endloop
endfacet
facet normal -5.963399 5.889057 -0.000262
outer loop
vertex -71.527602 -4.500000 -108.807780
vertex -71.527602 -4.500000 107.965063
vertex -71.527602 3.000000 -108.807780
endloop
endfacet
facet normal -5.742867 6.200946 0.000166
outer loop
vertex -71.527602 3.000000 -108.807780
vertex -71.527602 -4.500000 107.965063
vertex -71.527602 3.000000 107.965063
endloop
endfacet
facet normal 6.171599 5.313643 -0.000222
outer loop
vertex 71.527602 3.000000 -108.807780
vertex 71.527602 3.000000 107.965063
vertex 71.527602 -4.500000 -108.807780
endloop
endfacet
facet normal 5.693846 5.804230 0.000134
outer loop
vertex 71.527602 -4.500000 -108.807780
vertex 71.527602 3.000000 107.965063
vertex 71.527602 -4.500000 107.965063
endloop
endfacet
facet normal 0.377314 -4.692798 2.782011
outer loop
vertex 67.490675 -5.300000 -111.681534
vertex -67.490675 -5.300000 -111.681534
vertex 68.836317 -6.300000 -112.987788
endloop
endfacet
facet normal 2.389138 -7.191061 1.163109
outer loop
vertex 68.836317 -6.300000 -112.987788
vertex -67.490675 -5.300000 -111.681534
vertex -68.836317 -6.300000 -112.987788
endloop
endfacet
facet normal -2.362924 -7.213602 -1.061883
outer loop
vertex 68.836317 -6.300000 110.577571
vertex -68.836317 -6.300000 110.577571
vertex 67.490675 -5.300000 109.271317
endloop
endfacet
facet normal -0.438196 -4.703709 -2.707760
outer loop
vertex 67.490675 -5.300000 109.271317
vertex -68.836317 -6.300000 110.577571
vertex -67.490675 -5.300000 109.271317
endloop
endfacet
facet normal 4.300320 -4.689774 -0.742795
outer loop
vertex -67.490675 -5.300000 -111.681534
vertex -67.490675 -5.300000 109.271317
vertex -68.836317 -6.300000 -112.987788
endloop
endfacet
facet normal 2.118231 -7.451685 -1.748672
outer loop
vertex -68.836317 -6.300000 -112.987788
vertex -67.490675 -5.300000 109.271317
vertex -68.836317 -6.300000 110.577571
endloop
endfacet
facet normal -4.213223 -4.701404 0.769770
outer loop
vertex 67.490675 -5.300000 109.271317
vertex 67.490675 -5.300000 -111.681534
vertex 68.836317 -6.300000 110.577571
endloop
endfacet
facet normal -2.092016 -7.452404 1.849897
outer loop
vertex 68.836317 -6.300000 110.577571
vertex 67.490675 -5.300000 -111.681534
vertex 68.836317 -6.300000 -112.987788
endloop
endfacet
facet normal -5.740629 -3.693503 1.347564
outer loop
vertex 67.490675 -5.300000 -111.681534
vertex 67.490675 -5.300000 109.271317
vertex 67.490675 0.200000 -111.681534
endloop
endfacet
facet normal -5.159590 -5.164088 -1.775109
outer loop
vertex 67.490675 0.200000 -111.681534
vertex 67.490675 -5.300000 109.271317
vertex 67.490675 0.200000 109.271317
endloop
endfacet
facet normal -1.707457 -3.662096 -3.998780
outer loop
vertex 67.490675 -5.300000 109.271317
vertex -67.490675 -5.300000 109.271317
vertex 67.490675 0.200000 109.271317
endloop
endfacet
facet normal 2.396185 -5.247625 -3.677115
outer loop
vertex 67.490675 0.200000 109.271317
vertex -67.490675 -5.300000 109.271317
vertex -67.490675 0.200000 109.271317
endloop
endfacet
facet normal 0.206361 -9.988142 0.003217
outer loop
vertex 80.874902 -6.300000 117.848103
vertex -80.874902 -6.300000 117.848103
vertex 80.899999 -6.300000 117.134971
endloop
endfacet
facet normal -0.159247 -9.956192 0.001922
outer loop
vertex 80.899999 -6.300000 117.134971
vertex -80.874902 -6.300000 117.848103
vertex -80.899999 -6.300000 117.134971
endloop
endfacet
facet normal -0.317451 -9.946633 -0.055946
outer loop
vertex 80.899999 -6.300000 117.134971
vertex -80.899999 -6.300000 117.134971
vertex 68.836317 -6.300000 110.577571
endloop
endfacet
facet normal -0.417326 -9.950817 -0.185738
outer loop
vertex 68.836317 -6.300000 110.577571
vertex -80.899999 -6.300000 117.134971
vertex -68.836317 -6.300000 110.577571
endloop
endfacet
facet normal -0.389370 -9.954162 -0.129749
outer loop
vertex -68.836317 -6.300000 110.577571
vertex -80.899999 -6.300000 117.134971
vertex -80.899999 -6.300000 -109.264967
endloop
endfacet
facet normal 0.221459 -9.964923 -0.046805
outer loop
vertex -68.836317 -6.300000 110.577571
vertex -80.899999 -6.300000 -109.264967
vertex -68.836317 -6.300000 -112.987788
endloop
endfacet
facet normal -0.342339 -9.914813 0.056121
outer loop
vertex -68.836317 -6.300000 -112.987788
vertex -80.899999 -6.300000 -109.264967
vertex -80.874902 -6.300000 -109.978108
endloop
endfacet
facet normal -0.654257 -9.861017 -0.004127
outer loop
vertex -68.836317 -6.300000 -112.987788
vertex -80.874902 -6.300000 -109.978108
vertex -80.799732 -6.300000 -110.687912
endloop
endfacet
facet normal -0.022531 -9.999577 0.006667
outer loop
vertex -80.874902 -6.300000 117.848103
vertex 80.874902 -6.300000 117.848103
vertex -80.799732 -6.300000 118.557916
endloop
endfacet
facet normal 0.022871 -9.999574 0.007758
outer loop
vertex -80.799732 -6.300000 118.557916
vertex 80.874902 -6.300000 117.848103
vertex 80.799732 -6.300000 118.557916
endloop
endfacet
facet normal -0.022444 -9.999570 0.011541
outer loop
vertex -80.799732 -6.300000 118.557916
vertex 80.799732 -6.300000 118.557916
vertex -80.674835 -6.300000 119.261092
endloop
endfacet
facet normal 0.023015 -9.999564 0.012681
outer loop
vertex -80.674835 -6.300000 119.261092
vertex 80.799732 -6.300000 118.557916
vertex 80.674835 -6.300000 119.261092
endloop
endfacet
facet normal -0.022369 -9.999556 0.016542
outer loop
vertex -80.674835 -6.300000 119.261092
vertex 80.674835 -6.300000 119.261092
vertex -80.500799 -6.300000 119.954352
endloop
endfacet
facet normal 0.023176 -9.999549 0.017757
outer loop
vertex -80.500799 -6.300000 119.954352
vertex 80.674835 -6.300000 119.261092
vertex 80.500799 -6.300000 119.954352
endloop
endfacet
facet normal -0.022303 -9.999538 0.021731
outer loop
vertex -80.500799 -6.300000 119.954352
vertex 80.500799 -6.300000 119.954352
vertex -80.278433 -6.300000 120.634476
endloop
endfacet
facet normal 0.003626 -9.999685 0.016088
outer loop
vertex -80.278433 -6.300000 120.634476
vertex 80.500799 -6.300000 119.954352
vertex 80.278433 -6.300000 120.634476
endloop
endfacet
facet normal -0.025549 -9.999826 0.012634
outer loop
vertex -80.278433 -6.300000 120.634476
vertex 80.278433 -6.300000 120.634476
vertex -80.008769 -6.300000 121.298277
endloop
endfacet
facet normal -0.002963 -9.982901 0.262062
outer loop
vertex -80.008769 -6.300000 121.298277
vertex 80.278433 -6.300000 120.634476
vertex -70.134862 -6.300000 127.585003
endloop
endfacet
facet normal -0.056565 -9.763425 1.170074
outer loop
vertex -80.008769 -6.300000 121.298277
vertex -70.134862 -6.300000 127.585003
vertex -70.869503 -6.300000 127.560636
endloop
endfacet
facet normal 4.496304 -3.521368 2.138009
outer loop
vertex 80.008769 -6.300000 121.298277
vertex 79.693072 -6.300000 121.942664
vertex 80.278433 -6.300000 120.634476
endloop
endfacet
facet normal 4.333460 -3.819989 2.442478
outer loop
vertex 80.278433 -6.300000 120.634476
vertex 79.693072 -6.300000 121.942664
vertex 79.332807 -6.300000 122.564637
endloop
endfacet
facet normal 4.131160 -4.259427 2.720424
outer loop
vertex 80.278433 -6.300000 120.634476
vertex 79.332807 -6.300000 122.564637
vertex 78.929654 -6.300000 123.161297
endloop
endfacet
facet normal 3.878442 -4.821683 2.955083
outer loop
vertex 78.929654 -6.300000 123.161297
vertex 78.485503 -6.300000 123.729863
vertex 80.278433 -6.300000 120.634476
endloop
endfacet
facet normal 3.568599 -5.473516 3.126779
outer loop
vertex 80.278433 -6.300000 120.634476
vertex 78.485503 -6.300000 123.729863
vertex 78.002411 -6.300000 124.267675
endloop
endfacet
facet normal 3.204690 -6.166842 3.218803
outer loop
vertex 80.278433 -6.300000 120.634476
vertex 78.002411 -6.300000 124.267675
vertex 77.482642 -6.300000 124.772230
endloop
endfacet
facet normal 2.801845 -6.847323 3.224348
outer loop
vertex 77.482642 -6.300000 124.772230
vertex 76.928613 -6.300000 125.241176
vertex 80.278433 -6.300000 120.634476
endloop
endfacet
facet normal 2.383989 -7.467854 3.150047
outer loop
vertex 80.278433 -6.300000 120.634476
vertex 76.928613 -6.300000 125.241176
vertex 76.342908 -6.300000 125.672332
endloop
endfacet
facet normal 1.976481 -7.999287 3.013468
outer loop
vertex 80.278433 -6.300000 120.634476
vertex 76.342908 -6.300000 125.672332
vertex 75.728257 -6.300000 126.063684
endloop
endfacet
facet normal 1.599187 -8.432692 2.836661
outer loop
vertex 75.728257 -6.300000 126.063684
vertex 75.087529 -6.300000 126.413399
vertex 80.278433 -6.300000 120.634476
endloop
endfacet
facet normal 1.263455 -8.774266 2.639941
outer loop
vertex 80.278433 -6.300000 120.634476
vertex 75.087529 -6.300000 126.413399
vertex 74.423706 -6.300000 126.719861
endloop
endfacet
facet normal 0.972837 -9.037918 2.438612
outer loop
vertex 80.278433 -6.300000 120.634476
vertex 74.423706 -6.300000 126.719861
vertex 73.739885 -6.300000 126.981626
endloop
endfacet
facet normal 0.725691 -9.239338 2.242567
outer loop
vertex 73.739885 -6.300000 126.981626
vertex 73.039262 -6.300000 127.197478
vertex 80.278433 -6.300000 120.634476
endloop
endfacet
facet normal 0.517654 -9.392832 2.057272
outer loop
vertex 80.278433 -6.300000 120.634476
vertex 73.039262 -6.300000 127.197478
vertex 72.325093 -6.300000 127.366430
endloop
endfacet
facet normal 0.343369 -9.510144 1.885162
outer loop
vertex 80.278433 -6.300000 120.634476
vertex 72.325093 -6.300000 127.366430
vertex 71.600714 -6.300000 127.487666
endloop
endfacet
facet normal 0.197599 -9.600337 1.726868
outer loop
vertex 71.600714 -6.300000 127.487666
vertex 70.869503 -6.300000 127.560636
vertex 80.278433 -6.300000 120.634476
endloop
endfacet
facet normal 0.067437 -9.566785 1.801405
outer loop
vertex 80.278433 -6.300000 120.634476
vertex 70.869503 -6.300000 127.560636
vertex 70.134862 -6.300000 127.585003
endloop
endfacet
facet normal 0.003441 -9.729887 1.234418
outer loop
vertex 80.278433 -6.300000 120.634476
vertex 70.134862 -6.300000 127.585003
vertex -70.134862 -6.300000 127.585003
endloop
endfacet
facet normal -0.178558 -9.510136 1.910919
outer loop
vertex -70.869503 -6.300000 127.560636
vertex -71.600714 -6.300000 127.487666
vertex -80.008769 -6.300000 121.298277
endloop
endfacet
facet normal -0.336921 -9.392826 2.098637
outer loop
vertex -80.008769 -6.300000 121.298277
vertex -71.600714 -6.300000 127.487666
vertex -72.325093 -6.300000 127.366430
endloop
endfacet
facet normal -0.527766 -9.239313 2.302678
outer loop
vertex -80.008769 -6.300000 121.298277
vertex -72.325093 -6.300000 127.366430
vertex -73.039262 -6.300000 127.197478
endloop
endfacet
facet normal -0.756563 -9.037906 2.521053
outer loop
vertex -73.039262 -6.300000 127.197478
vertex -73.739885 -6.300000 126.981626
vertex -80.008769 -6.300000 121.298277
endloop
endfacet
facet normal -1.028180 -8.774272 2.748757
outer loop
vertex -80.008769 -6.300000 121.298277
vertex -73.739885 -6.300000 126.981626
vertex -74.423706 -6.300000 126.719861
endloop
endfacet
facet normal -1.345170 -8.432685 2.976126
outer loop
vertex -80.008769 -6.300000 121.298277
vertex -74.423706 -6.300000 126.719861
vertex -75.087529 -6.300000 126.413399
endloop
endfacet
facet normal -1.705282 -7.999293 3.187543
outer loop
vertex -75.087529 -6.300000 126.413399
vertex -75.728257 -6.300000 126.063684
vertex -80.008769 -6.300000 121.298277
endloop
endfacet
facet normal -2.099050 -7.467855 3.361734
outer loop
vertex -80.008769 -6.300000 121.298277
vertex -75.728257 -6.300000 126.063684
vertex -76.342908 -6.300000 125.672332
endloop
endfacet
facet normal -2.508633 -6.847300 3.474878
outer loop
vertex -80.008769 -6.300000 121.298277
vertex -76.342908 -6.300000 125.672332
vertex -76.928613 -6.300000 125.241176
endloop
endfacet
facet normal -2.910298 -6.166817 3.507094
outer loop
vertex -76.928613 -6.300000 125.241176
vertex -77.482642 -6.300000 124.772230
vertex -80.008769 -6.300000 121.298277
endloop
endfacet
facet normal -3.280809 -5.473513 3.449550
outer loop
vertex -80.008769 -6.300000 121.298277
vertex -77.482642 -6.300000 124.772230
vertex -78.002411 -6.300000 124.267675
endloop
endfacet
facet normal -3.604516 -4.821702 3.307597
outer loop
vertex -80.008769 -6.300000 121.298277
vertex -78.002411 -6.300000 124.267675
vertex -78.485503 -6.300000 123.729863
endloop
endfacet
facet normal -3.876922 -4.259414 3.097570
outer loop
vertex -78.485503 -6.300000 123.729863
vertex -78.929654 -6.300000 123.161297
vertex -80.008769 -6.300000 121.298277
endloop
endfacet
facet normal -4.102921 -3.819966 2.839731
outer loop
vertex -80.008769 -6.300000 121.298277
vertex -78.929654 -6.300000 123.161297
vertex -79.332807 -6.300000 122.564637
endloop
endfacet
facet normal -4.291960 -3.521362 2.551790
outer loop
vertex -80.008769 -6.300000 121.298277
vertex -79.332807 -6.300000 122.564637
vertex -79.693072 -6.300000 121.942664
endloop
endfacet
facet normal -0.667328 -9.855499 -0.072251
outer loop
vertex -80.799732 -6.300000 -110.687912
vertex -80.674835 -6.300000 -111.391087
vertex -68.836317 -6.300000 -112.987788
endloop
endfacet
facet normal -0.676771 -9.849521 -0.142886
outer loop
vertex -68.836317 -6.300000 -112.987788
vertex -80.674835 -6.300000 -111.391087
vertex -80.500799 -6.300000 -112.084357
endloop
endfacet
facet normal -0.682275 -9.843063 -0.215914
outer loop
vertex -68.836317 -6.300000 -112.987788
vertex -80.500799 -6.300000 -112.084357
vertex -80.278433 -6.300000 -112.764472
endloop
endfacet
facet normal -0.683517 -9.836104 -0.291176
outer loop
vertex -80.278433 -6.300000 -112.764472
vertex -80.008769 -6.300000 -113.428272
vertex -68.836317 -6.300000 -112.987788
endloop
endfacet
facet normal -0.680163 -9.828630 -0.368460
outer loop
vertex -68.836317 -6.300000 -112.987788
vertex -80.008769 -6.300000 -113.428272
vertex -79.693072 -6.300000 -114.072659
endloop
endfacet
facet normal -0.671869 -9.820626 -0.447513
outer loop
vertex -68.836317 -6.300000 -112.987788
vertex -79.693072 -6.300000 -114.072659
vertex -79.332807 -6.300000 -114.694643
endloop
endfacet
facet normal -0.658284 -9.812088 -0.528020
outer loop
vertex -79.332807 -6.300000 -114.694643
vertex -78.929654 -6.300000 -115.291293
vertex -68.836317 -6.300000 -112.987788
endloop
endfacet
facet normal -0.639065 -9.803021 -0.609590
outer loop
vertex -68.836317 -6.300000 -112.987788
vertex -78.929654 -6.300000 -115.291293
vertex -78.485503 -6.300000 -115.859859
endloop
endfacet
facet normal -0.613882 -9.793434 -0.691777
outer loop
vertex -68.836317 -6.300000 -112.987788
vertex -78.485503 -6.300000 -115.859859
vertex -78.002411 -6.300000 -116.397670
endloop
endfacet
facet normal -0.582422 -9.783352 -0.774052
outer loop
vertex -78.002411 -6.300000 -116.397670
vertex -77.482642 -6.300000 -116.902225
vertex -68.836317 -6.300000 -112.987788
endloop
endfacet
facet normal -0.544415 -9.772818 -0.855801
outer loop
vertex -68.836317 -6.300000 -112.987788
vertex -77.482642 -6.300000 -116.902225
vertex -76.928613 -6.300000 -117.371172
endloop
endfacet
facet normal -0.499639 -9.761885 -0.936334
outer loop
vertex -68.836317 -6.300000 -112.987788
vertex -76.928613 -6.300000 -117.371172
vertex -76.342908 -6.300000 -117.802328
endloop
endfacet
facet normal -0.447934 -9.750628 -1.014894
outer loop
vertex -76.342908 -6.300000 -117.802328
vertex -75.728257 -6.300000 -118.193690
vertex -68.836317 -6.300000 -112.987788
endloop
endfacet
facet normal -0.389212 -9.739144 -1.090639
outer loop
vertex -68.836317 -6.300000 -112.987788
vertex -75.728257 -6.300000 -118.193690
vertex -75.087529 -6.300000 -118.543394
endloop
endfacet
facet normal -0.323510 -9.727554 -1.162647
outer loop
vertex -68.836317 -6.300000 -112.987788
vertex -75.087529 -6.300000 -118.543394
vertex -74.423706 -6.300000 -118.849856
endloop
endfacet
facet normal -0.250971 -9.715993 -1.229967
outer loop
vertex -74.423706 -6.300000 -118.849856
vertex -73.739885 -6.300000 -119.111621
vertex -68.836317 -6.300000 -112.987788
endloop
endfacet
facet normal -0.171852 -9.704625 -1.291612
outer loop
vertex -68.836317 -6.300000 -112.987788
vertex -73.739885 -6.300000 -119.111621
vertex -73.039262 -6.300000 -119.327483
endloop
endfacet
facet normal -0.086569 -9.693628 -1.346582
outer loop
vertex -68.836317 -6.300000 -112.987788
vertex -73.039262 -6.300000 -119.327483
vertex -72.325093 -6.300000 -119.496426
endloop
endfacet
facet normal 0.004319 -9.683194 -1.393905
outer loop
vertex -72.325093 -6.300000 -119.496426
vertex -71.600714 -6.300000 -119.617671
vertex -68.836317 -6.300000 -112.987788
endloop
endfacet
facet normal 0.100104 -9.673526 -1.432651
outer loop
vertex -68.836317 -6.300000 -112.987788
vertex -71.600714 -6.300000 -119.617671
vertex -70.869503 -6.300000 -119.690642
endloop
endfacet
facet normal 0.208355 -9.555826 -1.685829
outer loop
vertex -68.836317 -6.300000 -112.987788
vertex -70.869503 -6.300000 -119.690642
vertex -70.134862 -6.300000 -119.714998
endloop
endfacet
facet normal 0.267806 -9.691411 -1.193636
outer loop
vertex -70.134862 -6.300000 -119.714998
vertex 70.134862 -6.300000 -119.714998
vertex -68.836317 -6.300000 -112.987788
endloop
endfacet
facet normal 0.100691 -9.941069 0.012819
outer loop
vertex -68.836317 -6.300000 -112.987788
vertex 70.134862 -6.300000 -119.714998
vertex 68.836317 -6.300000 -112.987788
endloop
endfacet
facet normal -0.124795 -9.807517 -0.837734
outer loop
vertex 68.836317 -6.300000 -112.987788
vertex 70.134862 -6.300000 -119.714998
vertex 70.869503 -6.300000 -119.690642
endloop
endfacet
facet normal -0.033010 -9.676550 -1.315157
outer loop
vertex 68.836317 -6.300000 -112.987788
vertex 70.869503 -6.300000 -119.690642
vertex 71.600714 -6.300000 -119.617671
endloop
endfacet
facet normal 0.063611 -9.686218 -1.278666
outer loop
vertex 71.600714 -6.300000 -119.617671
vertex 72.325093 -6.300000 -119.496426
vertex 68.836317 -6.300000 -112.987788
endloop
endfacet
facet normal 0.155522 -9.696651 -1.233490
outer loop
vertex 68.836317 -6.300000 -112.987788
vertex 72.325093 -6.300000 -119.496426
vertex 73.039262 -6.300000 -119.327483
endloop
endfacet
facet normal 0.241998 -9.707649 -1.180533
outer loop
vertex 68.836317 -6.300000 -112.987788
vertex 73.039262 -6.300000 -119.327483
vertex 73.739885 -6.300000 -119.111621
endloop
endfacet
facet normal 0.322457 -9.719018 -1.120760
outer loop
vertex 73.739885 -6.300000 -119.111621
vertex 74.423706 -6.300000 -118.849856
vertex 68.836317 -6.300000 -112.987788
endloop
endfacet
facet normal 0.396469 -9.730577 -1.055161
outer loop
vertex 68.836317 -6.300000 -112.987788
vertex 74.423706 -6.300000 -118.849856
vertex 75.087529 -6.300000 -118.543394
endloop
endfacet
facet normal 0.463739 -9.742169 -0.984712
outer loop
vertex 68.836317 -6.300000 -112.987788
vertex 75.087529 -6.300000 -118.543394
vertex 75.728257 -6.300000 -118.193690
endloop
endfacet
facet normal 0.524118 -9.753653 -0.910363
outer loop
vertex 75.728257 -6.300000 -118.193690
vertex 76.342908 -6.300000 -117.802328
vertex 68.836317 -6.300000 -112.987788
endloop
endfacet
facet normal 0.577556 -9.764908 -0.833038
outer loop
vertex 68.836317 -6.300000 -112.987788
vertex 76.342908 -6.300000 -117.802328
vertex 76.928613 -6.300000 -117.371172
endloop
endfacet
facet normal 0.624098 -9.775841 -0.753575
outer loop
vertex 68.836317 -6.300000 -112.987788
vertex 76.928613 -6.300000 -117.371172
vertex 77.482642 -6.300000 -116.902225
endloop
endfacet
facet normal 0.663901 -9.786377 -0.672738
outer loop
vertex 77.482642 -6.300000 -116.902225
vertex 78.002411 -6.300000 -116.397670
vertex 68.836317 -6.300000 -112.987788
endloop
endfacet
facet normal 0.697169 -9.796458 -0.591223
outer loop
vertex 68.836317 -6.300000 -112.987788
vertex 78.002411 -6.300000 -116.397670
vertex 78.485503 -6.300000 -115.859859
endloop
endfacet
facet normal 0.724165 -9.806044 -0.509648
outer loop
vertex 68.836317 -6.300000 -112.987788
vertex 78.485503 -6.300000 -115.859859
vertex 78.929654 -6.300000 -115.291293
endloop
endfacet
facet normal 0.745180 -9.815113 -0.428549
outer loop
vertex 78.929654 -6.300000 -115.291293
vertex 79.332807 -6.300000 -114.694643
vertex 68.836317 -6.300000 -112.987788
endloop
endfacet
facet normal 0.760541 -9.823650 -0.348384
outer loop
vertex 68.836317 -6.300000 -112.987788
vertex 79.332807 -6.300000 -114.694643
vertex 79.693072 -6.300000 -114.072659
endloop
endfacet
facet normal 0.770584 -9.831653 -0.269545
outer loop
vertex 68.836317 -6.300000 -112.987788
vertex 79.693072 -6.300000 -114.072659
vertex 80.008769 -6.300000 -113.428272
endloop
endfacet
facet normal 0.775643 -9.839128 -0.192360
outer loop
vertex 80.008769 -6.300000 -113.428272
vertex 80.278433 -6.300000 -112.764472
vertex 68.836317 -6.300000 -112.987788
endloop
endfacet
facet normal 0.776064 -9.846087 -0.117088
outer loop
vertex 68.836317 -6.300000 -112.987788
vertex 80.278433 -6.300000 -112.764472
vertex 80.500799 -6.300000 -112.084357
endloop
endfacet
facet normal 0.772176 -9.852545 -0.043949
outer loop
vertex 68.836317 -6.300000 -112.987788
vertex 80.500799 -6.300000 -112.084357
vertex 80.674835 -6.300000 -111.391087
endloop
endfacet
facet normal 0.764300 -9.858522 0.026889
outer loop
vertex 80.674835 -6.300000 -111.391087
vertex 80.799732 -6.300000 -110.687912
vertex 68.836317 -6.300000 -112.987788
endloop
endfacet
facet normal 0.752734 -9.864041 0.095301
outer loop
vertex 68.836317 -6.300000 -112.987788
vertex 80.799732 -6.300000 -110.687912
vertex 80.874902 -6.300000 -109.978108
endloop
endfacet
facet normal 0.593413 -9.898991 0.166421
outer loop
vertex 68.836317 -6.300000 -112.987788
vertex 80.874902 -6.300000 -109.978108
vertex 80.899999 -6.300000 -109.264967
endloop
endfacet
facet normal -0.044098 -9.946795 0.147980
outer loop
vertex 68.836317 -6.300000 -112.987788
vertex 80.899999 -6.300000 -109.264967
vertex 68.836317 -6.300000 110.577571
endloop
endfacet
facet normal 0.329471 -9.953522 -0.056017
outer loop
vertex 68.836317 -6.300000 110.577571
vertex 80.899999 -6.300000 -109.264967
vertex 80.899999 -6.300000 117.134971
endloop
endfacet
facet normal 4.125571 8.108105 -0.352569
outer loop
vertex -60.713027 3.000000 -31.048932
vertex -60.713027 0.700000 -31.048932
vertex -60.738919 3.000000 -31.496469
endloop
endfacet
facet normal 3.239454 8.901448 -0.097121
outer loop
vertex -60.738919 3.000000 -31.496469
vertex -60.713027 0.700000 -31.048932
vertex -60.738919 0.700000 -31.496469
endloop
endfacet
facet normal 3.620329 8.651207 0.110398
outer loop
vertex -60.738919 3.000000 -31.496469
vertex -60.738919 0.700000 -31.496469
vertex -60.713027 3.000000 -31.944006
endloop
endfacet
facet normal 3.008241 9.097996 0.257063
outer loop
vertex -60.713027 3.000000 -31.944006
vertex -60.738919 0.700000 -31.496469
vertex -60.713027 0.700000 -31.944006
endloop
endfacet
facet normal 3.229326 8.953370 0.475377
outer loop
vertex -60.713027 3.000000 -31.944006
vertex -60.713027 0.700000 -31.944006
vertex -60.635680 3.000000 -32.385915
endloop
endfacet
facet normal 2.840605 9.195882 0.577048
outer loop
vertex -60.635680 3.000000 -32.385915
vertex -60.713027 0.700000 -31.944006
vertex -60.635680 0.700000 -32.385915
endloop
endfacet
facet normal 2.927315 9.124022 0.783427
outer loop
vertex -60.635680 3.000000 -32.385915
vertex -60.635680 0.700000 -32.385915
vertex -60.507847 3.000000 -32.816640
endloop
endfacet
facet normal 2.722578 9.228494 0.888242
outer loop
vertex -60.507847 3.000000 -32.816640
vertex -60.635680 0.700000 -32.385915
vertex -60.507847 0.700000 -32.816640
endloop
endfacet
facet normal 2.690326 9.214717 1.063137
outer loop
vertex -60.507847 3.000000 -32.816640
vertex -60.507847 0.700000 -32.816640
vertex -60.331141 3.000000 -33.230762
endloop
endfacet
facet normal 2.643287 9.207545 1.212027
outer loop
vertex -60.331141 3.000000 -33.230762
vertex -60.507847 0.700000 -32.816640
vertex -60.331141 0.700000 -33.230762
endloop
endfacet
facet normal 2.500522 9.248466 1.335483
outer loop
vertex -60.331141 3.000000 -33.230762
vertex -60.331141 0.700000 -33.230762
vertex -60.107780 3.000000 -33.623073
endloop
endfacet
facet normal 2.594076 9.130962 1.568984
outer loop
vertex -60.107780 3.000000 -33.623073
vertex -60.331141 0.700000 -33.230762
vertex -60.107780 0.700000 -33.623073
endloop
endfacet
facet normal 2.344577 9.232409 1.617848
outer loop
vertex -60.107780 3.000000 -33.623073
vertex -60.107780 0.700000 -33.623073
vertex -59.840575 3.000000 -33.988643
endloop
endfacet
facet normal 2.566150 8.984280 1.980820
outer loop
vertex -59.840575 3.000000 -33.988643
vertex -60.107780 0.700000 -33.623073
vertex -59.840575 0.700000 -33.988643
endloop
endfacet
facet normal 2.211022 9.162219 1.926303
outer loop
vertex -59.840575 3.000000 -33.988643
vertex -59.840575 0.700000 -33.988643
vertex -59.532880 3.000000 -34.322871
endloop
endfacet
facet normal 2.547062 8.738315 2.470021
outer loop
vertex -59.532880 3.000000 -34.322871
vertex -59.840575 0.700000 -33.988643
vertex -59.532880 0.700000 -34.322871
endloop
endfacet
facet normal 2.087163 9.022543 2.275572
outer loop
vertex -59.532880 3.000000 -34.322871
vertex -59.532880 0.700000 -34.322871
vertex -59.188575 3.000000 -34.621557
endloop
endfacet
facet normal 2.515322 8.346190 3.054322
outer loop
vertex -59.188575 3.000000 -34.621557
vertex -59.532880 0.700000 -34.322871
vertex -59.188575 0.700000 -34.621557
endloop
endfacet
facet normal 1.955111 8.786925 2.675131
outer loop
vertex -59.188575 3.000000 -34.621557
vertex -59.188575 0.700000 -34.621557
vertex -58.811981 3.000000 -34.880943
endloop
endfacet
facet normal 2.434192 7.748117 3.731267
outer loop
vertex -58.811981 3.000000 -34.880943
vertex -59.188575 0.700000 -34.621557
vertex -58.811981 0.700000 -34.880943
endloop
endfacet
facet normal 1.788369 8.424243 3.118626
outer loop
vertex -58.811981 3.000000 -34.880943
vertex -58.811981 0.700000 -34.880943
vertex -58.407843 3.000000 -35.097766
endloop
endfacet
facet normal 2.252076 6.902211 4.453482
outer loop
vertex -58.407843 3.000000 -35.097766
vertex -58.811981 0.700000 -34.880943
vertex -58.407843 0.700000 -35.097766
endloop
endfacet
facet normal 1.554707 7.923702 3.570486
outer loop
vertex -58.407843 3.000000 -35.097766
vertex -58.407843 0.700000 -35.097766
vertex -57.981232 3.000000 -35.269300
endloop
endfacet
facet normal 1.923008 5.848758 5.120968
outer loop
vertex -57.981232 3.000000 -35.269300
vertex -58.407843 0.700000 -35.097766
vertex -57.981232 0.700000 -35.269300
endloop
endfacet
facet normal 1.232959 7.334113 3.972201
outer loop
vertex -57.981232 3.000000 -35.269300
vertex -57.981232 0.700000 -35.269300
vertex -57.537522 3.000000 -35.393390
endloop
endfacet
facet normal 1.441809 4.750747 5.630215
outer loop
vertex -57.537522 3.000000 -35.393390
vertex -57.981232 0.700000 -35.269300
vertex -57.537522 0.700000 -35.393390
endloop
endfacet
facet normal 0.716194 7.007564 3.392292
outer loop
vertex -57.537522 3.000000 -35.393390
vertex -57.537522 0.700000 -35.393390
vertex -57.082287 3.000000 -35.468474
endloop
endfacet
facet normal 0.736919 4.072253 5.056271
outer loop
vertex -57.082287 3.000000 -35.468474
vertex -57.537522 0.700000 -35.393390
vertex -57.082287 0.700000 -35.468474
endloop
endfacet
facet normal 0.256982 6.560231 3.633677
outer loop
vertex -57.082287 3.000000 -35.468474
vertex -57.082287 0.700000 -35.468474
vertex -56.621253 3.000000 -35.493605
endloop
endfacet
facet normal 0.203418 3.246311 6.128647
outer loop
vertex -56.621253 3.000000 -35.493605
vertex -57.082287 0.700000 -35.468474
vertex -56.621253 0.700000 -35.493605
endloop
endfacet
facet normal -0.116664 6.137372 4.572092
outer loop
vertex -56.621253 3.000000 -35.493605
vertex -56.621253 0.700000 -35.493605
vertex -56.160218 3.000000 -35.468474
endloop
endfacet
facet normal -0.458862 3.167925 6.060954
outer loop
vertex -56.160218 3.000000 -35.468474
vertex -56.621253 0.700000 -35.493605
vertex -56.160218 0.700000 -35.468474
endloop
endfacet
facet normal -0.600248 6.244657 4.436623
outer loop
vertex -56.160218 3.000000 -35.468474
vertex -56.160218 0.700000 -35.468474
vertex -55.704989 3.000000 -35.393390
endloop
endfacet
facet normal -1.104130 3.515790 5.919747
outer loop
vertex -55.704989 3.000000 -35.393390
vertex -56.160218 0.700000 -35.468474
vertex -55.704989 0.700000 -35.393390
endloop
endfacet
facet normal -1.061520 6.548274 4.269139
outer loop
vertex -55.704989 3.000000 -35.393390
vertex -55.704989 0.700000 -35.393390
vertex -55.261273 3.000000 -35.269300
endloop
endfacet
facet normal -1.710163 4.255890 5.664116
outer loop
vertex -55.261273 3.000000 -35.269300
vertex -55.704989 0.700000 -35.393390
vertex -55.261273 0.700000 -35.269300
endloop
endfacet
facet normal -1.488356 7.020011 4.034550
outer loop
vertex -55.261273 3.000000 -35.269300
vertex -55.261273 0.700000 -35.269300
vertex -54.834667 3.000000 -35.097766
endloop
endfacet
facet normal -2.227173 5.271553 5.236135
outer loop
vertex -54.834667 3.000000 -35.097766
vertex -55.261273 0.700000 -35.269300
vertex -54.834667 0.700000 -35.097766
endloop
endfacet
facet normal -1.853280 7.576179 3.704879
outer loop
vertex -54.834667 3.000000 -35.097766
vertex -54.834667 0.700000 -35.097766
vertex -54.430519 3.000000 -34.880943
endloop
endfacet
facet normal -2.599676 6.355874 4.629542
outer loop
vertex -54.430519 3.000000 -34.880943
vertex -54.834667 0.700000 -35.097766
vertex -54.430519 0.700000 -34.880943
endloop
endfacet
facet normal -2.137409 8.095153 3.297316
outer loop
vertex -54.430519 3.000000 -34.880943
vertex -54.430519 0.700000 -34.880943
vertex -54.053931 3.000000 -34.621557
endloop
endfacet
facet normal -2.813369 7.299687 3.922014
outer loop
vertex -54.053931 3.000000 -34.621557
vertex -54.430519 0.700000 -34.880943
vertex -54.053931 0.700000 -34.621557
endloop
endfacet
facet normal -2.354435 8.488204 2.868043
outer loop
vertex -54.053931 3.000000 -34.621557
vertex -54.053931 0.700000 -34.621557
vertex -53.709625 3.000000 -34.322871
endloop
endfacet
facet normal -2.908549 7.998407 3.222708
outer loop
vertex -53.709625 3.000000 -34.322871
vertex -54.053931 0.700000 -34.621557
vertex -53.709625 0.700000 -34.322871
endloop
endfacet
facet normal -2.541091 8.735214 2.465362
outer loop
vertex -53.709625 3.000000 -34.322871
vertex -53.709625 0.700000 -34.322871
vertex -53.401935 3.000000 -33.988643
endloop
endfacet
facet normal -2.946587 8.458778 2.602084
outer loop
vertex -53.401935 3.000000 -33.988643
vertex -53.709625 0.700000 -34.322871
vertex -53.401935 0.700000 -33.988643
endloop
endfacet
facet normal -2.734361 8.854455 2.105771
outer loop
vertex -53.401935 3.000000 -33.988643
vertex -53.401935 0.700000 -33.988643
vertex -53.134725 3.000000 -33.623073
endloop
endfacet
facet normal -2.977413 8.733546 2.077116
outer loop
vertex -53.134725 3.000000 -33.623073
vertex -53.401935 0.700000 -33.988643
vertex -53.134725 0.700000 -33.623073
endloop
endfacet
facet normal -2.963263 8.864782 1.782015
outer loop
vertex -53.134725 3.000000 -33.623073
vertex -53.134725 0.700000 -33.623073
vertex -52.911364 3.000000 -33.230762
endloop
endfacet
facet normal -3.032935 8.870490 1.633351
outer loop
vertex -52.911364 3.000000 -33.230762
vertex -53.134725 0.700000 -33.623073
vertex -52.911364 0.700000 -33.230762
endloop
endfacet
facet normal -3.252352 8.766830 1.475420
outer loop
vertex -52.911364 3.000000 -33.230762
vertex -52.911364 0.700000 -33.230762
vertex -52.734658 3.000000 -32.816640
endloop
endfacet
facet normal -3.133840 8.894284 1.245070
outer loop
vertex -52.734658 3.000000 -32.816640
vertex -52.911364 0.700000 -33.230762
vertex -52.734658 0.700000 -32.816640
endloop
endfacet
facet normal -3.626594 8.532029 1.160697
outer loop
vertex -52.734658 3.000000 -32.816640
vertex -52.734658 0.700000 -32.816640
vertex -52.606825 3.000000 -32.385915
endloop
endfacet
facet normal -3.296407 8.801141 0.883338
outer loop
vertex -52.606825 3.000000 -32.385915
vertex -52.734658 0.700000 -32.816640
vertex -52.606825 0.700000 -32.385915
endloop
endfacet
facet normal -4.110613 8.084672 0.804360
outer loop
vertex -52.606825 3.000000 -32.385915
vertex -52.606825 0.700000 -32.385915
vertex -52.529478 3.000000 -31.944006
endloop
endfacet
facet normal -3.532923 8.549871 0.516290
outer loop
vertex -52.529478 3.000000 -31.944006
vertex -52.606825 0.700000 -32.385915
vertex -52.529478 0.700000 -31.944006
endloop
endfacet
facet normal -4.707012 7.271409 0.362207
outer loop
vertex -52.529478 3.000000 -31.944006
vertex -52.529478 0.700000 -31.944006
vertex -52.503591 3.000000 -31.496469
endloop
endfacet
facet normal -3.834248 8.046291 0.108580
outer loop
vertex -52.503591 3.000000 -31.496469
vertex -52.529478 0.700000 -31.944006
vertex -52.503591 0.700000 -31.496469
endloop
endfacet
facet normal -2.978256 8.267480 0.020530
outer loop
vertex -52.503591 3.000000 -31.496469
vertex -52.503591 0.700000 -31.496469
vertex -52.529478 3.000000 -31.048932
endloop
endfacet
facet normal -1.771375 9.569426 -0.137594
outer loop
vertex -52.529478 3.000000 -31.048932
vertex -52.503591 0.700000 -31.496469
vertex -52.529478 0.700000 -31.048932
endloop
endfacet
facet normal -0.920200 9.783245 -0.125457
outer loop
vertex -52.529478 3.000000 -31.048932
vertex -52.529478 0.700000 -31.048932
vertex -52.606825 3.000000 -30.607022
endloop
endfacet
facet normal -1.768345 9.554327 -0.346590
outer loop
vertex -52.606825 3.000000 -30.607022
vertex -52.529478 0.700000 -31.048932
vertex -52.606825 0.700000 -30.607022
endloop
endfacet
facet normal -1.220602 9.739230 -0.337918
outer loop
vertex -52.606825 3.000000 -30.607022
vertex -52.606825 0.700000 -30.607022
vertex -52.734658 3.000000 -30.176300
endloop
endfacet
facet normal -2.088127 9.485256 -0.673188
outer loop
vertex -52.734658 3.000000 -30.176300
vertex -52.606825 0.700000 -30.607022
vertex -52.734658 0.700000 -30.176300
endloop
endfacet
facet normal -1.454515 9.695013 -0.563908
outer loop
vertex -52.734658 3.000000 -30.176300
vertex -52.734658 0.700000 -30.176300
vertex -52.911364 3.000000 -29.762176
endloop
endfacet
facet normal -2.041928 9.431080 -0.927852
outer loop
vertex -52.911364 3.000000 -29.762176
vertex -52.734658 0.700000 -30.176300
vertex -52.911364 0.700000 -29.762176
endloop
endfacet
facet normal -1.343168 9.671710 -0.706203
outer loop
vertex -52.911364 3.000000 -29.762176
vertex -52.911364 0.700000 -29.762176
vertex -53.134725 3.000000 -29.369865
endloop
endfacet
facet normal -2.038083 9.330668 -1.223886
outer loop
vertex -53.134725 3.000000 -29.369865
vertex -52.911364 0.700000 -29.762176
vertex -53.134725 0.700000 -29.369865
endloop
endfacet
facet normal -1.281451 9.615919 -0.871895
outer loop
vertex -53.134725 3.000000 -29.369865
vertex -53.134725 0.700000 -29.369865
vertex -53.401935 3.000000 -29.004295
endloop
endfacet
facet normal -2.059016 9.168085 -1.579968
outer loop
vertex -53.401935 3.000000 -29.004295
vertex -53.134725 0.700000 -29.369865
vertex -53.401935 0.700000 -29.004295
endloop
endfacet
facet normal -1.246576 9.520325 -1.071649
outer loop
vertex -53.401935 3.000000 -29.004295
vertex -53.401935 0.700000 -29.004295
vertex -53.709625 3.000000 -28.670067
endloop
endfacet
facet normal -2.089751 8.912618 -2.016219
outer loop
vertex -53.709625 3.000000 -28.670067
vertex -53.401935 0.700000 -29.004295
vertex -53.709625 0.700000 -28.670067
endloop
endfacet
facet normal -1.223001 9.367060 -1.315938
outer loop
vertex -53.709625 3.000000 -28.670067
vertex -53.709625 0.700000 -28.670067
vertex -54.053931 3.000000 -28.371381
endloop
endfacet
facet normal -2.108475 8.516415 -2.548473
outer loop
vertex -54.053931 3.000000 -28.371381
vertex -53.709625 0.700000 -28.670067
vertex -54.053931 0.700000 -28.371381
endloop
endfacet
facet normal -1.193134 9.128311 -1.610555
outer loop
vertex -54.053931 3.000000 -28.371381
vertex -54.053931 0.700000 -28.371381
vertex -54.430519 3.000000 -28.111995
endloop
endfacet
facet normal -2.079055 7.919274 -3.172543
outer loop
vertex -54.430519 3.000000 -28.111995
vertex -54.053931 0.700000 -28.371381
vertex -54.430519 0.700000 -28.111995
endloop
endfacet
facet normal -1.132235 8.772693 -1.945726
outer loop
vertex -54.430519 3.000000 -28.111995
vertex -54.430519 0.700000 -28.111995
vertex -54.834667 3.000000 -27.895174
endloop
endfacet
facet normal -1.951076 7.079489 -3.839315
outer loop
vertex -54.834667 3.000000 -27.895174
vertex -54.430519 0.700000 -28.111995
vertex -54.834667 0.700000 -27.895174
endloop
endfacet
facet normal -1.010905 8.290399 -2.282201
outer loop
vertex -54.834667 3.000000 -27.895174
vertex -54.834667 0.700000 -27.895174
vertex -55.261273 3.000000 -27.723638
endloop
endfacet
facet normal -1.680201 6.038162 -4.446865
outer loop
vertex -55.261273 3.000000 -27.723638
vertex -54.834667 0.700000 -27.895174
vertex -55.261273 0.700000 -27.723638
endloop
endfacet
facet normal -0.811803 7.732619 -2.557357
outer loop
vertex -55.261273 3.000000 -27.723638
vertex -55.261273 0.700000 -27.723638
vertex -55.704989 3.000000 -27.599547
endloop
endfacet
facet normal -1.263467 4.959850 -4.889472
outer loop
vertex -55.704989 3.000000 -27.599547
vertex -55.261273 0.700000 -27.723638
vertex -55.704989 0.700000 -27.599547
endloop
endfacet
facet normal -0.547637 7.212884 -2.728112
outer loop
vertex -55.704989 3.000000 -27.599547
vertex -55.704989 0.700000 -27.599547
vertex -56.160218 3.000000 -27.524464
endloop
endfacet
facet normal -0.746707 4.068479 -5.132831
outer loop
vertex -56.160218 3.000000 -27.524464
vertex -55.704989 0.700000 -27.599547
vertex -56.160218 0.700000 -27.524464
endloop
endfacet
facet normal -0.250289 6.841679 -2.803267
outer loop
vertex -56.160218 3.000000 -27.524464
vertex -56.160218 0.700000 -27.524464
vertex -56.621253 3.000000 -27.499332
endloop
endfacet
facet normal -0.186939 3.531535 -5.221677
outer loop
vertex -56.621253 3.000000 -27.499332
vertex -56.160218 0.700000 -27.524464
vertex -56.621253 0.700000 -27.499332
endloop
endfacet
facet normal 0.056119 6.676051 -2.818774
outer loop
vertex -56.621253 3.000000 -27.499332
vertex -56.621253 0.700000 -27.499332
vertex -57.082287 3.000000 -27.524464
endloop
endfacet
facet normal 0.381835 3.421380 -5.214605
outer loop
vertex -57.082287 3.000000 -27.524464
vertex -56.621253 0.700000 -27.499332
vertex -57.082287 0.700000 -27.524464
endloop
endfacet
facet normal 0.362624 6.731325 -2.797314
outer loop
vertex -57.082287 3.000000 -27.524464
vertex -57.082287 0.700000 -27.524464
vertex -57.537522 3.000000 -27.599547
endloop
endfacet
facet normal 0.943533 3.749005 -5.126787
outer loop
vertex -57.537522 3.000000 -27.599547
vertex -57.082287 0.700000 -27.524464
vertex -57.537522 0.700000 -27.599547
endloop
endfacet
facet normal 0.663045 7.003147 -2.731421
outer loop
vertex -57.537522 3.000000 -27.599547
vertex -57.537522 0.700000 -27.599547
vertex -57.981232 3.000000 -27.723638
endloop
endfacet
facet normal 1.472288 4.477550 -4.919356
outer loop
vertex -57.981232 3.000000 -27.723638
vertex -57.537522 0.700000 -27.599547
vertex -57.981232 0.700000 -27.723638
endloop
endfacet
facet normal 0.938766 7.458954 -2.589767
outer loop
vertex -57.981232 3.000000 -27.723638
vertex -57.981232 0.700000 -27.723638
vertex -58.407843 3.000000 -27.895174
endloop
endfacet
facet normal 1.915469 5.488854 -4.536101
outer loop
vertex -58.407843 3.000000 -27.895174
vertex -57.981232 0.700000 -27.723638
vertex -58.407843 0.700000 -27.895174
endloop
endfacet
facet normal 1.157125 8.013036 -2.347556
outer loop
vertex -58.407843 3.000000 -27.895174
vertex -58.407843 0.700000 -27.895174
vertex -58.811981 3.000000 -28.111995
endloop
endfacet
facet normal 2.215234 6.575440 -3.972248
outer loop
vertex -58.811981 3.000000 -28.111995
vertex -58.407843 0.700000 -27.895174
vertex -58.811981 0.700000 -28.111995
endloop
endfacet
facet normal 1.294807 8.543434 -2.024931
outer loop
vertex -58.811981 3.000000 -28.111995
vertex -58.811981 0.700000 -28.111995
vertex -59.188575 3.000000 -28.371381
endloop
endfacet
facet normal 2.355211 7.528408 -3.306926
outer loop
vertex -59.188575 3.000000 -28.371381
vertex -58.811981 0.700000 -28.111995
vertex -59.188575 0.700000 -28.371381
endloop
endfacet
facet normal 1.361502 8.962868 -1.681034
outer loop
vertex -59.188575 3.000000 -28.371381
vertex -59.188575 0.700000 -28.371381
vertex -59.532880 3.000000 -28.670067
endloop
endfacet
facet normal 2.373771 8.244335 -2.650807
outer loop
vertex -59.532880 3.000000 -28.670067
vertex -59.188575 0.700000 -28.371381
vertex -59.532880 0.700000 -28.670067
endloop
endfacet
facet normal 1.390252 9.254565 -1.367618
outer loop
vertex -59.532880 3.000000 -28.670067
vertex -59.532880 0.700000 -28.670067
vertex -59.840575 3.000000 -29.004295
endloop
endfacet
facet normal 2.330524 8.732195 -2.076251
outer loop
vertex -59.840575 3.000000 -29.004295
vertex -59.532880 0.700000 -28.670067
vertex -59.840575 0.700000 -29.004295
endloop
endfacet
facet normal 1.415092 9.443003 -1.105605
outer loop
vertex -59.840575 3.000000 -29.004295
vertex -59.840575 0.700000 -29.004295
vertex -60.107780 3.000000 -29.369865
endloop
endfacet
facet normal 2.274207 9.048675 -1.602784
outer loop
vertex -60.107780 3.000000 -29.369865
vertex -59.840575 0.700000 -29.004295
vertex -60.107780 0.700000 -29.369865
endloop
endfacet
facet normal 1.464848 9.557513 -0.894125
outer loop
vertex -60.107780 3.000000 -29.369865
vertex -60.107780 0.700000 -29.369865
vertex -60.331141 3.000000 -29.762176
endloop
endfacet
facet normal 2.237730 9.248093 -1.219783
outer loop
vertex -60.331141 3.000000 -29.762176
vertex -60.107780 0.700000 -29.369865
vertex -60.331141 0.700000 -29.762176
endloop
endfacet
facet normal 1.246894 9.653269 -0.599234
outer loop
vertex -60.331141 3.000000 -29.762176
vertex -60.331141 0.700000 -29.762176
vertex -60.507847 3.000000 -30.176300
endloop
endfacet
facet normal 1.923587 9.403122 -0.782447
outer loop
vertex -60.507847 3.000000 -30.176300
vertex -60.331141 0.700000 -29.762176
vertex -60.507847 0.700000 -30.176300
endloop
endfacet
facet normal 3.028382 8.081243 -0.854455
outer loop
vertex -60.507847 3.000000 -30.176300
vertex -60.507847 0.700000 -30.176300
vertex -60.635680 3.000000 -30.607022
endloop
endfacet
facet normal 3.908448 7.841518 -1.039719
outer loop
vertex -60.635680 3.000000 -30.607022
vertex -60.507847 0.700000 -30.176300
vertex -60.635680 0.700000 -30.607022
endloop
endfacet
facet normal 4.736010 7.106586 -0.962560
outer loop
vertex -60.635680 3.000000 -30.607022
vertex -60.635680 0.700000 -30.607022
vertex -60.713027 3.000000 -31.048932
endloop
endfacet
facet normal 3.546278 8.531409 -0.518115
outer loop
vertex -60.713027 3.000000 -31.048932
vertex -60.635680 0.700000 -30.607022
vertex -60.713027 0.700000 -31.048932
endloop
endfacet
facet normal 0.886394 9.348236 -0.186601
outer loop
vertex -60.713027 0.700000 -31.048932
vertex -52.529478 0.700000 -31.048932
vertex -60.738919 0.700000 -31.496469
endloop
endfacet
facet normal -0.870486 9.355685 -0.118067
outer loop
vertex -60.738919 0.700000 -31.496469
vertex -52.529478 0.700000 -31.048932
vertex -52.503591 0.700000 -31.496469
endloop
endfacet
facet normal 0.870486 9.355684 0.118077
outer loop
vertex -60.738919 0.700000 -31.496469
vertex -52.503591 0.700000 -31.496469
vertex -60.713027 0.700000 -31.944006
endloop
endfacet
facet normal -0.886394 9.348237 0.186601
outer loop
vertex -60.713027 0.700000 -31.944006
vertex -52.503591 0.700000 -31.496469
vertex -52.529478 0.700000 -31.944006
endloop
endfacet
facet normal 0.862640 9.333059 0.427257
outer loop
vertex -60.713027 0.700000 -31.944006
vertex -52.529478 0.700000 -31.944006
vertex -60.635680 0.700000 -32.385915
endloop
endfacet
facet normal -0.911124 9.309575 0.503319
outer loop
vertex -60.635680 0.700000 -32.385915
vertex -52.529478 0.700000 -31.944006
vertex -52.606825 0.700000 -32.385915
endloop
endfacet
facet normal 0.862104 9.276870 0.757925
outer loop
vertex -60.635680 0.700000 -32.385915
vertex -52.606825 0.700000 -32.385915
vertex -60.507847 0.700000 -32.816640
endloop
endfacet
facet normal -0.945489 9.233635 0.849873
outer loop
vertex -60.507847 0.700000 -32.816640
vertex -52.606825 0.700000 -32.385915
vertex -52.734658 0.700000 -32.816640
endloop
endfacet
facet normal 0.867947 9.178087 1.129081
outer loop
vertex -60.507847 0.700000 -32.816640
vertex -52.734658 0.700000 -32.816640
vertex -60.331141 0.700000 -33.230762
endloop
endfacet
facet normal -0.990217 9.107848 1.246919
outer loop
vertex -60.331141 0.700000 -33.230762
vertex -52.734658 0.700000 -32.816640
vertex -52.911364 0.700000 -33.230762
endloop
endfacet
facet normal 0.878677 9.019802 1.563367
outer loop
vertex -60.331141 0.700000 -33.230762
vertex -52.911364 0.700000 -33.230762
vertex -60.107780 0.700000 -33.623073
endloop
endfacet
facet normal -1.045528 8.909898 1.719449
outer loop
vertex -60.107780 0.700000 -33.623073
vertex -52.911364 0.700000 -33.230762
vertex -53.134725 0.700000 -33.623073
endloop
endfacet
facet normal 0.891444 8.772929 2.088039
outer loop
vertex -60.107780 0.700000 -33.623073
vertex -53.134725 0.700000 -33.623073
vertex -59.840575 0.700000 -33.988643
endloop
endfacet
facet normal -1.110113 8.602284 2.297042
outer loop
vertex -59.840575 0.700000 -33.988643
vertex -53.134725 0.700000 -33.623073
vertex -53.401935 0.700000 -33.988643
endloop
endfacet
facet normal 0.900633 8.389732 2.733541
outer loop
vertex -59.840575 0.700000 -33.988643
vertex -53.401935 0.700000 -33.988643
vertex -59.532880 0.700000 -34.322871
endloop
endfacet
facet normal -1.178893 8.125316 3.009928
outer loop
vertex -59.532880 0.700000 -34.322871
vertex -53.401935 0.700000 -33.988643
vertex -53.709625 0.700000 -34.322871
endloop
endfacet
facet normal 0.895693 7.797547 3.525159
outer loop
vertex -59.532880 0.700000 -34.322871
vertex -53.709625 0.700000 -34.322871
vertex -59.188575 0.700000 -34.621557
endloop
endfacet
facet normal -1.239459 7.394202 3.874661
outer loop
vertex -59.188575 0.700000 -34.621557
vertex -53.709625 0.700000 -34.322871
vertex -54.053931 0.700000 -34.621557
endloop
endfacet
facet normal 0.859250 6.904037 4.459961
outer loop
vertex -59.188575 0.700000 -34.621557
vertex -54.053931 0.700000 -34.621557
vertex -58.811981 0.700000 -34.880943
endloop
endfacet
facet normal -1.268775 6.319726 4.861979
outer loop
vertex -58.811981 0.700000 -34.880943
vertex -54.053931 0.700000 -34.621557
vertex -54.430519 0.700000 -34.880943
endloop
endfacet
facet normal 0.769874 5.641773 5.468141
outer loop
vertex -58.811981 0.700000 -34.880943
vertex -54.430519 0.700000 -34.880943
vertex -58.407843 0.700000 -35.097766
endloop
endfacet
facet normal -1.236988 4.882455 5.860403
outer loop
vertex -58.407843 0.700000 -35.097766
vertex -54.430519 0.700000 -34.880943
vertex -54.834667 0.700000 -35.097766
endloop
endfacet
facet normal 0.613516 4.067949 6.396225
outer loop
vertex -58.407843 0.700000 -35.097766
vertex -54.834667 0.700000 -35.097766
vertex -57.981232 0.700000 -35.269300
endloop
endfacet
facet normal -1.123066 3.236742 6.696620
outer loop
vertex -57.981232 0.700000 -35.269300
vertex -54.834667 0.700000 -35.097766
vertex -55.261273 0.700000 -35.269300
endloop
endfacet
facet normal 0.395276 2.434184 7.079376
outer loop
vertex -57.981232 0.700000 -35.269300
vertex -55.261273 0.700000 -35.269300
vertex -57.537522 0.700000 -35.393390
endloop
endfacet
facet normal -0.930637 1.704874 7.248457
outer loop
vertex -57.537522 0.700000 -35.393390
vertex -55.261273 0.700000 -35.269300
vertex -55.704989 0.700000 -35.393390
endloop
endfacet
facet normal 0.136621 1.086126 7.463275
outer loop
vertex -57.537522 0.700000 -35.393390
vertex -55.704989 0.700000 -35.393390
vertex -57.082287 0.700000 -35.468474
endloop
endfacet
facet normal -0.685514 0.604658 7.529542
outer loop
vertex -57.082287 0.700000 -35.468474
vertex -55.704989 0.700000 -35.393390
vertex -56.160218 0.700000 -35.468474
endloop
endfacet
facet normal -0.138780 0.276864 7.617508
outer loop
vertex -57.082287 0.700000 -35.468474
vertex -56.160218 0.700000 -35.468474
vertex -56.621253 0.700000 -35.493605
endloop
endfacet
facet normal -0.862639 9.333060 -0.427261
outer loop
vertex -52.529478 0.700000 -31.048932
vertex -60.713027 0.700000 -31.048932
vertex -52.606825 0.700000 -30.607022
endloop
endfacet
facet normal 0.911127 9.309575 -0.503327
outer loop
vertex -52.606825 0.700000 -30.607022
vertex -60.713027 0.700000 -31.048932
vertex -60.635680 0.700000 -30.607022
endloop
endfacet
facet normal -0.862104 9.276868 -0.757926
outer loop
vertex -52.606825 0.700000 -30.607022
vertex -60.635680 0.700000 -30.607022
vertex -52.734658 0.700000 -30.176300
endloop
endfacet
facet normal 0.945484 9.233635 -0.849874
outer loop
vertex -52.734658 0.700000 -30.176300
vertex -60.635680 0.700000 -30.607022
vertex -60.507847 0.700000 -30.176300
endloop
endfacet
facet normal -0.867951 9.178088 -1.129079
outer loop
vertex -52.734658 0.700000 -30.176300
vertex -60.507847 0.700000 -30.176300
vertex -52.911364 0.700000 -29.762176
endloop
endfacet
facet normal 0.990217 9.107850 -1.246916
outer loop
vertex -52.911364 0.700000 -29.762176
vertex -60.507847 0.700000 -30.176300
vertex -60.331141 0.700000 -29.762176
endloop
endfacet
facet normal -0.878673 9.019800 -1.563372
outer loop
vertex -52.911364 0.700000 -29.762176
vertex -60.331141 0.700000 -29.762176
vertex -53.134725 0.700000 -29.369865
endloop
endfacet
facet normal 1.045531 8.909895 -1.719452
outer loop
vertex -53.134725 0.700000 -29.369865
vertex -60.331141 0.700000 -29.762176
vertex -60.107780 0.700000 -29.369865
endloop
endfacet
facet normal -0.891443 8.772929 -2.088039
outer loop
vertex -53.134725 0.700000 -29.369865
vertex -60.107780 0.700000 -29.369865
vertex -53.401935 0.700000 -29.004295
endloop
endfacet
facet normal 1.110114 8.602289 -2.297029
outer loop
vertex -53.401935 0.700000 -29.004295
vertex -60.107780 0.700000 -29.369865
vertex -59.840575 0.700000 -29.004295
endloop
endfacet
facet normal -0.900634 8.389738 -2.733528
outer loop
vertex -53.401935 0.700000 -29.004295
vertex -59.840575 0.700000 -29.004295
vertex -53.709625 0.700000 -28.670067
endloop
endfacet
facet normal 1.178891 8.125316 -3.009929
outer loop
vertex -53.709625 0.700000 -28.670067
vertex -59.840575 0.700000 -29.004295
vertex -59.532880 0.700000 -28.670067
endloop
endfacet
facet normal -0.895699 7.797551 -3.525155
outer loop
vertex -53.709625 0.700000 -28.670067
vertex -59.532880 0.700000 -28.670067
vertex -54.053931 0.700000 -28.371381
endloop
endfacet
facet normal 1.239452 7.394200 -3.874666
outer loop
vertex -54.053931 0.700000 -28.371381
vertex -59.532880 0.700000 -28.670067
vertex -59.188575 0.700000 -28.371381
endloop
endfacet
facet normal -0.859244 6.904027 -4.459973
outer loop
vertex -54.053931 0.700000 -28.371381
vertex -59.188575 0.700000 -28.371381
vertex -54.430519 0.700000 -28.111995
endloop
endfacet
facet normal 1.268783 6.319701 -4.862005
outer loop
vertex -54.430519 0.700000 -28.111995
vertex -59.188575 0.700000 -28.371381
vertex -58.811981 0.700000 -28.111995
endloop
endfacet
facet normal -0.769868 5.641745 -5.468164
outer loop
vertex -54.430519 0.700000 -28.111995
vertex -58.811981 0.700000 -28.111995
vertex -54.834667 0.700000 -27.895174
endloop
endfacet
facet normal 1.236987 4.882458 -5.860401
outer loop
vertex -54.834667 0.700000 -27.895174
vertex -58.811981 0.700000 -28.111995
vertex -58.407843 0.700000 -27.895174
endloop
endfacet
facet normal -0.613517 4.067965 -6.396216
outer loop
vertex -54.834667 0.700000 -27.895174
vertex -58.407843 0.700000 -27.895174
vertex -55.261273 0.700000 -27.723638
endloop
endfacet
facet normal 1.123075 3.236766 -6.696607
outer loop
vertex -55.261273 0.700000 -27.723638
vertex -58.407843 0.700000 -27.895174
vertex -57.981232 0.700000 -27.723638
endloop
endfacet
facet normal -0.395274 2.434194 -7.079371
outer loop
vertex -55.261273 0.700000 -27.723638
vertex -57.981232 0.700000 -27.723638
vertex -55.704989 0.700000 -27.599547
endloop
endfacet
facet normal 0.930642 1.704879 -7.248454
outer loop
vertex -55.704989 0.700000 -27.599547
vertex -57.981232 0.700000 -27.723638
vertex -57.537522 0.700000 -27.599547
endloop
endfacet
facet normal -0.136622 1.086130 -7.463274
outer loop
vertex -55.704989 0.700000 -27.599547
vertex -57.537522 0.700000 -27.599547
vertex -56.160218 0.700000 -27.524464
endloop
endfacet
facet normal 0.685513 0.604659 -7.529541
outer loop
vertex -56.160218 0.700000 -27.524464
vertex -57.537522 0.700000 -27.599547
vertex -57.082287 0.700000 -27.524464
endloop
endfacet
facet normal 0.138777 0.276864 -7.617508
outer loop
vertex -56.160218 0.700000 -27.524464
vertex -57.082287 0.700000 -27.524464
vertex -56.621253 0.700000 -27.499332
endloop
endfacet
facet normal 3.292131 8.926844 -0.263648
outer loop
vertex -33.800186 3.000000 80.981269
vertex -33.800186 0.700000 80.981269
vertex -33.826078 3.000000 80.533734
endloop
endfacet
facet normal 3.032105 9.088833 -0.093123
outer loop
vertex -33.826078 3.000000 80.533734
vertex -33.800186 0.700000 80.981269
vertex -33.826078 0.700000 80.533734
endloop
endfacet
facet normal 2.171200 9.310090 -0.005540
outer loop
vertex -33.826078 3.000000 80.533734
vertex -33.826078 0.700000 80.533734
vertex -33.800186 3.000000 80.086194
endloop
endfacet
facet normal 1.766461 9.569494 0.137126
outer loop
vertex -33.800186 3.000000 80.086194
vertex -33.826078 0.700000 80.533734
vertex -33.800186 0.700000 80.086194
endloop
endfacet
facet normal 1.485163 9.682684 0.247467
outer loop
vertex -33.800186 3.000000 80.086194
vertex -33.800186 0.700000 80.086194
vertex -33.722839 3.000000 79.644285
endloop
endfacet
facet normal 2.338223 9.453697 0.469074
outer loop
vertex -33.722839 3.000000 79.644285
vertex -33.800186 0.700000 80.086194
vertex -33.722839 0.700000 79.644285
endloop
endfacet
facet normal 1.829931 9.630377 0.473770
outer loop
vertex -33.722839 3.000000 79.644285
vertex -33.722839 0.700000 79.644285
vertex -33.595006 3.000000 79.213563
endloop
endfacet
facet normal 2.127577 9.477035 0.686555
outer loop
vertex -33.595006 3.000000 79.213563
vertex -33.722839 0.700000 79.644285
vertex -33.595006 0.700000 79.213563
endloop
endfacet
facet normal 1.772963 9.615558 0.709115
outer loop
vertex -33.595006 3.000000 79.213563
vertex -33.595006 0.700000 79.213563
vertex -33.418303 3.000000 78.799439
endloop
endfacet
facet normal 2.320924 9.359847 1.059691
outer loop
vertex -33.418303 3.000000 78.799439
vertex -33.595006 0.700000 79.213563
vertex -33.418303 0.700000 78.799439
endloop
endfacet
facet normal 1.914936 9.526295 1.019773
outer loop
vertex -33.418303 3.000000 78.799439
vertex -33.418303 0.700000 78.799439
vertex -33.194939 3.000000 78.407130
endloop
endfacet
facet normal 2.330854 9.256486 1.405617
outer loop
vertex -33.194939 3.000000 78.407130
vertex -33.418303 0.700000 78.799439
vertex -33.194939 0.700000 78.407130
endloop
endfacet
facet normal 2.268651 9.225684 1.602522
outer loop
vertex -33.194939 3.000000 78.407130
vertex -33.194939 0.700000 78.407130
vertex -32.927732 3.000000 78.041560
endloop
endfacet
facet normal 2.753445 8.852031 2.128865
outer loop
vertex -32.927732 3.000000 78.041560
vertex -33.194939 0.700000 78.407130
vertex -32.927732 0.700000 78.041560
endloop
endfacet
facet normal 2.207977 9.131054 1.885462
outer loop
vertex -32.927732 3.000000 78.041560
vertex -32.927732 0.700000 78.041560
vertex -32.620042 3.000000 77.707333
endloop
endfacet
facet normal 2.356727 8.839398 2.281135
outer loop
vertex -32.620042 3.000000 77.707333
vertex -32.927732 0.700000 78.041560
vertex -32.620042 0.700000 77.707333
endloop
endfacet
facet normal 1.734840 9.219711 1.885294
outer loop
vertex -32.620042 3.000000 77.707333
vertex -32.620042 0.700000 77.707333
vertex -32.275734 3.000000 77.408644
endloop
endfacet
facet normal 2.353333 8.442284 2.852917
outer loop
vertex -32.275734 3.000000 77.408644
vertex -32.620042 0.700000 77.707333
vertex -32.275734 0.700000 77.408644
endloop
endfacet
facet normal 1.892201 8.789561 2.629620
outer loop
vertex -32.275734 3.000000 77.408644
vertex -32.275734 0.700000 77.408644
vertex -31.899143 3.000000 77.149261
endloop
endfacet
facet normal 2.533267 7.654651 3.887167
outer loop
vertex -31.899143 3.000000 77.149261
vertex -32.275734 0.700000 77.408644
vertex -31.899143 0.700000 77.149261
endloop
endfacet
facet normal 1.948991 8.261164 3.400108
outer loop
vertex -31.899143 3.000000 77.149261
vertex -31.899143 0.700000 77.149261
vertex -31.495000 3.000000 76.932437
endloop
endfacet
facet normal 2.313628 6.832595 4.579064
outer loop
vertex -31.495000 3.000000 76.932437
vertex -31.899143 0.700000 77.149261
vertex -31.495000 0.700000 76.932437
endloop
endfacet
facet normal 1.649189 7.805635 3.787457
outer loop
vertex -31.495000 3.000000 76.932437
vertex -31.495000 0.700000 76.932437
vertex -31.068391 3.000000 76.760899
endloop
endfacet
facet normal 1.955937 5.800309 5.212361
outer loop
vertex -31.068391 3.000000 76.760899
vertex -31.495000 0.700000 76.932437
vertex -31.068391 0.700000 76.760899
endloop
endfacet
facet normal 1.278396 7.258385 4.115635
outer loop
vertex -31.068391 3.000000 76.760899
vertex -31.068391 0.700000 76.760899
vertex -30.624678 3.000000 76.636813
endloop
endfacet
facet normal 1.454310 4.723466 5.682252
outer loop
vertex -30.624678 3.000000 76.636813
vertex -31.068391 0.700000 76.760899
vertex -30.624678 0.700000 76.636813
endloop
endfacet
facet normal 0.843617 6.734284 4.343366
outer loop
vertex -30.624678 3.000000 76.636813
vertex -30.624678 0.700000 76.636813
vertex -30.169444 3.000000 76.561729
endloop
endfacet
facet normal 0.851832 3.826249 5.955312
outer loop
vertex -30.169444 3.000000 76.561729
vertex -30.624678 0.700000 76.636813
vertex -30.169444 0.700000 76.561729
endloop
endfacet
facet normal 0.370973 6.343347 4.481337
outer loop
vertex -30.169444 3.000000 76.561729
vertex -30.169444 0.700000 76.561729
vertex -29.708412 3.000000 76.536595
endloop
endfacet
facet normal 0.202492 3.275416 6.077269
outer loop
vertex -29.708412 3.000000 76.536595
vertex -30.169444 0.700000 76.561729
vertex -29.708412 0.700000 76.536595
endloop
endfacet
facet normal -0.121874 6.140005 4.567630
outer loop
vertex -29.708412 3.000000 76.536595
vertex -29.708412 0.700000 76.536595
vertex -29.247379 3.000000 76.561729
endloop
endfacet
facet normal -0.463143 3.141458 6.107867
outer loop
vertex -29.247379 3.000000 76.561729
vertex -29.708412 0.700000 76.536595
vertex -29.247379 0.700000 76.561729
endloop
endfacet
facet normal -0.633666 6.134354 4.627447
outer loop
vertex -29.247379 3.000000 76.561729
vertex -29.247379 0.700000 76.561729
vertex -28.792145 3.000000 76.636813
endloop
endfacet
facet normal -1.133259 3.431952 6.063662
outer loop
vertex -28.792145 3.000000 76.636813
vertex -29.247379 0.700000 76.561729
vertex -28.792145 0.700000 76.636813
endloop
endfacet
facet normal -1.168375 6.312516 4.656417
outer loop
vertex -28.792145 3.000000 76.636813
vertex -28.792145 0.700000 76.636813
vertex -28.348435 3.000000 76.760899
endloop
endfacet
facet normal -1.787879 4.103952 5.907485
outer loop
vertex -28.348435 3.000000 76.760899
vertex -28.792145 0.700000 76.636813
vertex -28.348435 0.700000 76.760899
endloop
endfacet
facet normal -1.721478 6.624959 4.626861
outer loop
vertex -28.348435 3.000000 76.760899
vertex -28.348435 0.700000 76.760899
vertex -27.921821 3.000000 76.932437
endloop
endfacet
facet normal -2.382577 5.028447 5.585068
outer loop
vertex -27.921821 3.000000 76.932437
vertex -28.348435 0.700000 76.760899
vertex -27.921821 0.700000 76.932437
endloop
endfacet
facet normal -2.279956 6.955137 4.517600
outer loop
vertex -27.921821 3.000000 76.932437
vertex -27.921821 0.700000 76.932437
vertex -27.517683 3.000000 77.149261
endloop
endfacet
facet normal -2.870958 5.977949 5.093321
outer loop
vertex -27.517683 3.000000 77.149261
vertex -27.921821 0.700000 76.932437
vertex -27.517683 0.700000 77.149261
endloop
endfacet
facet normal -2.847121 7.123189 4.349758
outer loop
vertex -27.517683 3.000000 77.149261
vertex -27.517683 0.700000 77.149261
vertex -27.141090 3.000000 77.408644
endloop
endfacet
facet normal -3.251808 6.705664 4.510672
outer loop
vertex -27.141090 3.000000 77.408644
vertex -27.517683 0.700000 77.149261
vertex -27.141090 0.700000 77.408644
endloop
endfacet
facet normal -3.461272 6.933153 4.171508
outer loop
vertex -27.141090 3.000000 77.408644
vertex -27.141090 0.700000 77.408644
vertex -26.796784 3.000000 77.707333
endloop
endfacet
facet normal -3.576943 7.037371 3.937526
outer loop
vertex -26.796784 3.000000 77.707333
vertex -27.141090 0.700000 77.408644
vertex -26.796784 0.700000 77.707333
endloop
endfacet
facet normal -2.450350 8.058555 2.532217
outer loop
vertex -26.796784 3.000000 77.707333
vertex -26.796784 0.700000 77.707333
vertex -26.489091 3.000000 78.041560
endloop
endfacet
facet normal -2.187453 8.743152 1.954121
outer loop
vertex -26.489091 3.000000 78.041560
vertex -26.796784 0.700000 77.707333
vertex -26.489091 0.700000 78.041560
endloop
endfacet
facet normal -1.184286 9.464337 0.924306
outer loop
vertex -26.489091 3.000000 78.041560
vertex -26.489091 0.700000 78.041560
vertex -26.221887 3.000000 78.407130
endloop
endfacet
facet normal -2.186470 9.059060 1.543605
outer loop
vertex -26.221887 3.000000 78.407130
vertex -26.489091 0.700000 78.041560
vertex -26.221887 0.700000 78.407130
endloop
endfacet
facet normal -1.267056 9.582957 0.777713
outer loop
vertex -26.221887 3.000000 78.407130
vertex -26.221887 0.700000 78.407130
vertex -25.998525 3.000000 78.799439
endloop
endfacet
facet normal -2.127674 9.263152 1.162555
outer loop
vertex -25.998525 3.000000 78.799439
vertex -26.221887 0.700000 78.407130
vertex -25.998525 0.700000 78.799439
endloop
endfacet
facet normal -1.260102 9.661857 0.589121
outer loop
vertex -25.998525 3.000000 78.799439
vertex -25.998525 0.700000 78.799439
vertex -25.821817 3.000000 79.213563
endloop
endfacet
facet normal -2.046849 9.396650 0.829567
outer loop
vertex -25.821817 3.000000 79.213563
vertex -25.998525 0.700000 78.799439
vertex -25.821817 0.700000 79.213563
endloop
endfacet
facet normal -1.225846 9.714696 0.409521
outer loop
vertex -25.821817 3.000000 79.213563
vertex -25.821817 0.700000 79.213563
vertex -25.693987 3.000000 79.644285
endloop
endfacet
facet normal -1.982652 9.481441 0.547666
outer loop
vertex -25.693987 3.000000 79.644285
vertex -25.821817 0.700000 79.213563
vertex -25.693987 0.700000 79.644285
endloop
endfacet
facet normal -1.199861 9.747682 0.252078
outer loop
vertex -25.693987 3.000000 79.644285
vertex -25.693987 0.700000 79.644285
vertex -25.616640 3.000000 80.086194
endloop
endfacet
facet normal -1.935927 9.532582 0.299683
outer loop
vertex -25.616640 3.000000 80.086194
vertex -25.693987 0.700000 79.644285
vertex -25.616640 0.700000 80.086194
endloop
endfacet
facet normal -1.256419 9.758840 0.109863
outer loop
vertex -25.616640 3.000000 80.086194
vertex -25.616640 0.700000 80.086194
vertex -25.590748 3.000000 80.533734
endloop
endfacet
facet normal -1.980651 9.551010 0.072846
outer loop
vertex -25.590748 3.000000 80.533734
vertex -25.616640 0.700000 80.086194
vertex -25.590748 0.700000 80.533734
endloop
endfacet
facet normal -1.246211 9.766291 -0.026952
outer loop
vertex -25.590748 3.000000 80.533734
vertex -25.590748 0.700000 80.533734
vertex -25.616640 3.000000 80.981269
endloop
endfacet
facet normal -1.892927 9.563517 -0.149342
outer loop
vertex -25.616640 3.000000 80.981269
vertex -25.590748 0.700000 80.533734
vertex -25.616640 0.700000 80.981269
endloop
endfacet
facet normal -1.168966 9.771166 -0.164542
outer loop
vertex -25.616640 3.000000 80.981269
vertex -25.616640 0.700000 80.981269
vertex -25.693987 3.000000 81.423178
endloop
endfacet
facet normal -1.895561 9.548157 -0.373930
outer loop
vertex -25.693987 3.000000 81.423178
vertex -25.616640 0.700000 80.981269
vertex -25.693987 0.700000 81.423178
endloop
endfacet
facet normal -1.173479 9.757928 -0.306160
outer loop
vertex -25.693987 3.000000 81.423178
vertex -25.693987 0.700000 81.423178
vertex -25.821817 3.000000 81.853906
endloop
endfacet
facet normal -1.913787 9.510125 -0.614090
outer loop
vertex -25.821817 3.000000 81.853906
vertex -25.693987 0.700000 81.423178
vertex -25.821817 0.700000 81.853906
endloop
endfacet
facet normal -1.185242 9.732100 -0.459957
outer loop
vertex -25.821817 3.000000 81.853906
vertex -25.821817 0.700000 81.853906
vertex -25.998525 3.000000 82.268025
endloop
endfacet
facet normal -1.946997 9.443295 -0.883000
outer loop
vertex -25.998525 3.000000 82.268025
vertex -25.821817 0.700000 81.853906
vertex -25.998525 0.700000 82.268025
endloop
endfacet
facet normal -1.203894 9.689472 -0.633821
outer loop
vertex -25.998525 3.000000 82.268025
vertex -25.998525 0.700000 82.268025
vertex -26.221887 3.000000 82.660339
endloop
endfacet
facet normal -1.993737 9.336218 -1.196351
outer loop
vertex -26.221887 3.000000 82.660339
vertex -25.998525 0.700000 82.268025
vertex -26.221887 0.700000 82.660339
endloop
endfacet
facet normal -1.228398 9.622596 -0.837476
outer loop
vertex -26.221887 3.000000 82.660339
vertex -26.221887 0.700000 82.660339
vertex -26.489091 3.000000 83.025909
endloop
endfacet
facet normal -2.050313 9.169212 -1.573077
outer loop
vertex -26.489091 3.000000 83.025909
vertex -26.221887 0.700000 82.660339
vertex -26.489091 0.700000 83.025909
endloop
endfacet
facet normal -1.222094 9.523386 -1.049112
outer loop
vertex -26.489091 3.000000 83.025909
vertex -26.489091 0.700000 83.025909
vertex -26.796784 3.000000 83.360136
endloop
endfacet
facet normal -2.073975 8.914554 -2.000562
outer loop
vertex -26.796784 3.000000 83.360136
vertex -26.489091 0.700000 83.025909
vertex -26.796784 0.700000 83.360136
endloop
endfacet
facet normal -1.113377 9.375829 -1.183601
outer loop
vertex -26.796784 3.000000 83.360136
vertex -26.796784 0.700000 83.360136
vertex -27.141090 3.000000 83.658825
endloop
endfacet
facet normal -2.014622 8.523245 -2.431799
outer loop
vertex -27.141090 3.000000 83.658825
vertex -26.796784 0.700000 83.360136
vertex -27.141090 0.700000 83.658825
endloop
endfacet
facet normal -1.854573 8.432120 -2.682217
outer loop
vertex -27.141090 3.000000 83.658825
vertex -27.141090 0.700000 83.658825
vertex -27.517683 3.000000 83.918208
endloop
endfacet
facet normal -2.834343 7.216251 -4.360883
outer loop
vertex -27.517683 3.000000 83.918208
vertex -27.141090 0.700000 83.658825
vertex -27.517683 0.700000 83.918208
endloop
endfacet
facet normal -2.377176 7.637073 -4.133212
outer loop
vertex -27.517683 3.000000 83.918208
vertex -27.517683 0.700000 83.918208
vertex -27.921821 3.000000 84.135027
endloop
endfacet
facet normal -2.440712 6.646877 -4.838478
outer loop
vertex -27.921821 3.000000 84.135027
vertex -27.517683 0.700000 83.918208
vertex -27.921821 0.700000 84.135027
endloop
endfacet
facet normal -1.810536 7.562991 -4.141978
outer loop
vertex -27.921821 3.000000 84.135027
vertex -27.921821 0.700000 84.135027
vertex -28.348435 3.000000 84.306560
endloop
endfacet
facet normal -1.990200 5.743352 -5.307485
outer loop
vertex -28.348435 3.000000 84.306560
vertex -27.921821 0.700000 84.135027
vertex -28.348435 0.700000 84.306560
endloop
endfacet
facet normal -1.304100 7.220353 -4.175056
outer loop
vertex -28.348435 3.000000 84.306560
vertex -28.348435 0.700000 84.306560
vertex -28.792145 3.000000 84.430656
endloop
endfacet
facet normal -1.445775 4.742392 -5.646556
outer loop
vertex -28.792145 3.000000 84.430656
vertex -28.348435 0.700000 84.306560
vertex -28.792145 0.700000 84.430656
endloop
endfacet
facet normal -0.816441 6.824686 -4.162024
outer loop
vertex -28.792145 3.000000 84.430656
vertex -28.792145 0.700000 84.430656
vertex -29.247379 3.000000 84.505739
endloop
endfacet
facet normal -0.833232 3.897754 -5.809651
outer loop
vertex -29.247379 3.000000 84.505739
vertex -28.792145 0.700000 84.430656
vertex -29.247379 0.700000 84.505739
endloop
endfacet
facet normal -0.347933 6.529944 -4.092292
outer loop
vertex -29.247379 3.000000 84.505739
vertex -29.247379 0.700000 84.505739
vertex -29.708412 3.000000 84.530873
endloop
endfacet
facet normal -0.198069 3.390543 -5.833877
outer loop
vertex -29.708412 3.000000 84.530873
vertex -29.247379 0.700000 84.505739
vertex -29.708412 0.700000 84.530873
endloop
endfacet
facet normal 0.095813 6.413582 -3.989302
outer loop
vertex -29.708412 3.000000 84.530873
vertex -29.708412 0.700000 84.530873
vertex -30.169444 3.000000 84.505739
endloop
endfacet
facet normal 0.432660 3.299909 -5.772931
outer loop
vertex -30.169444 3.000000 84.505739
vertex -29.708412 0.700000 84.530873
vertex -30.169444 0.700000 84.505739
endloop
endfacet
facet normal 0.517129 6.501271 -3.867581
outer loop
vertex -30.169444 3.000000 84.505739
vertex -30.169444 0.700000 84.505739
vertex -30.624678 3.000000 84.430656
endloop
endfacet
facet normal 1.047237 3.640430 -5.638723
outer loop
vertex -30.624678 3.000000 84.430656
vertex -30.169444 0.700000 84.505739
vertex -30.624678 0.700000 84.430656
endloop
endfacet
facet normal 0.917118 6.794252 -3.714134
outer loop
vertex -30.624678 3.000000 84.430656
vertex -30.624678 0.700000 84.430656
vertex -31.068391 3.000000 84.306560
endloop
endfacet
facet normal 1.622678 4.377250 -5.390124
outer loop
vertex -31.068391 3.000000 84.306560
vertex -30.624678 0.700000 84.430656
vertex -31.068391 0.700000 84.306560
endloop
endfacet
facet normal 1.282010 7.263095 -3.493676
outer loop
vertex -31.068391 3.000000 84.306560
vertex -31.068391 0.700000 84.306560
vertex -31.495000 3.000000 84.135027
endloop
endfacet
facet normal 2.108326 5.393296 -4.969248
outer loop
vertex -31.495000 3.000000 84.135027
vertex -31.068391 0.700000 84.306560
vertex -31.495000 0.700000 84.135027
endloop
endfacet
facet normal 1.332161 7.919982 -2.750240
outer loop
vertex -31.495000 3.000000 84.135027
vertex -31.495000 0.700000 84.135027
vertex -31.899143 3.000000 83.918208
endloop
endfacet
facet normal 2.197397 6.577929 -3.941805
outer loop
vertex -31.899143 3.000000 83.918208
vertex -31.495000 0.700000 84.135027
vertex -31.899143 0.700000 83.918208
endloop
endfacet
facet normal 1.715843 8.333829 -2.583677
outer loop
vertex -31.899143 3.000000 83.918208
vertex -31.899143 0.700000 83.918208
vertex -32.275734 3.000000 83.658825
endloop
endfacet
facet normal 2.794070 7.316280 -3.896140
outer loop
vertex -32.275734 3.000000 83.658825
vertex -31.899143 0.700000 83.918208
vertex -32.275734 0.700000 83.658825
endloop
endfacet
facet normal 2.283298 8.544648 -2.786710
outer loop
vertex -32.275734 3.000000 83.658825
vertex -32.275734 0.700000 83.658825
vertex -32.620042 3.000000 83.360136
endloop
endfacet
facet normal 2.856706 8.038235 -3.167271
outer loop
vertex -32.620042 3.000000 83.360136
vertex -32.275734 0.700000 83.658825
vertex -32.620042 0.700000 83.360136
endloop
endfacet
facet normal 2.395030 8.842616 -2.329496
outer loop
vertex -32.620042 3.000000 83.360136
vertex -32.620042 0.700000 83.360136
vertex -32.927732 3.000000 83.025909
endloop
endfacet
facet normal 2.852370 8.526348 -2.521658
outer loop
vertex -32.927732 3.000000 83.025909
vertex -32.620042 0.700000 83.360136
vertex -32.927732 0.700000 83.025909
endloop
endfacet
facet normal 2.490832 9.026256 -1.924630
outer loop
vertex -32.927732 3.000000 83.025909
vertex -32.927732 0.700000 83.025909
vertex -33.194939 3.000000 82.660339
endloop
endfacet
facet normal 2.828103 8.837781 -1.976396
outer loop
vertex -33.194939 3.000000 82.660339
vertex -32.927732 0.700000 83.025909
vertex -33.194939 0.700000 82.660339
endloop
endfacet
facet normal 2.592328 9.126055 -1.566041
outer loop
vertex -33.194939 3.000000 82.660339
vertex -33.194939 0.700000 82.660339
vertex -33.418303 3.000000 82.268025
endloop
endfacet
facet normal 2.811310 9.027530 -1.518091
outer loop
vertex -33.418303 3.000000 82.268025
vertex -33.194939 0.700000 82.660339
vertex -33.418303 0.700000 82.268025
endloop
endfacet
facet normal 2.713025 9.162789 -1.238714
outer loop
vertex -33.418303 3.000000 82.268025
vertex -33.418303 0.700000 82.268025
vertex -33.595006 3.000000 81.853906
endloop
endfacet
facet normal 2.816139 9.133202 -1.123621
outer loop
vertex -33.595006 3.000000 81.853906
vertex -33.418303 0.700000 82.268025
vertex -33.595006 0.700000 81.853906
endloop
endfacet
facet normal 2.862913 9.145583 -0.925299
outer loop
vertex -33.595006 3.000000 81.853906
vertex -33.595006 0.700000 81.853906
vertex -33.722839 3.000000 81.423178
endloop
endfacet
facet normal 2.850425 9.175779 -0.769384
outer loop
vertex -33.722839 3.000000 81.423178
vertex -33.595006 0.700000 81.853906
vertex -33.722839 0.700000 81.423178
endloop
endfacet
facet normal 3.051892 9.072202 -0.607303
outer loop
vertex -33.722839 3.000000 81.423178
vertex -33.722839 0.700000 81.423178
vertex -33.800186 3.000000 80.981269
endloop
endfacet
facet normal 2.920185 9.162763 -0.433191
outer loop
vertex -33.800186 3.000000 80.981269
vertex -33.722839 0.700000 81.423178
vertex -33.800186 0.700000 80.981269
endloop
endfacet
facet normal 0.886394 9.348235 -0.186605
outer loop
vertex -33.800186 0.700000 80.981269
vertex -25.616640 0.700000 80.981269
vertex -33.826078 0.700000 80.533734
endloop
endfacet
facet normal -0.870482 9.355684 -0.118074
outer loop
vertex -33.826078 0.700000 80.533734
vertex -25.616640 0.700000 80.981269
vertex -25.590748 0.700000 80.533734
endloop
endfacet
facet normal 0.870490 9.355685 0.118073
outer loop
vertex -33.826078 0.700000 80.533734
vertex -25.590748 0.700000 80.533734
vertex -33.800186 0.700000 80.086194
endloop
endfacet
facet normal -0.886394 9.348238 0.186603
outer loop
vertex -33.800186 0.700000 80.086194
vertex -25.590748 0.700000 80.533734
vertex -25.616640 0.700000 80.086194
endloop
endfacet
facet normal 0.862636 9.333060 0.427264
outer loop
vertex -33.800186 0.700000 80.086194
vertex -25.616640 0.700000 80.086194
vertex -33.722839 0.700000 79.644285
endloop
endfacet
facet normal -0.911129 9.309574 0.503326
outer loop
vertex -33.722839 0.700000 79.644285
vertex -25.616640 0.700000 80.086194
vertex -25.693987 0.700000 79.644285
endloop
endfacet
facet normal 0.862105 9.276869 0.757921
outer loop
vertex -33.722839 0.700000 79.644285
vertex -25.693987 0.700000 79.644285
vertex -33.595006 0.700000 79.213563
endloop
endfacet
facet normal -0.945484 9.233636 0.849866
outer loop
vertex -33.595006 0.700000 79.213563
vertex -25.693987 0.700000 79.644285
vertex -25.821817 0.700000 79.213563
endloop
endfacet
facet normal 0.867950 9.178090 1.129077
outer loop
vertex -33.595006 0.700000 79.213563
vertex -25.821817 0.700000 79.213563
vertex -33.418303 0.700000 78.799439
endloop
endfacet
facet normal -0.990221 9.107849 1.246922
outer loop
vertex -33.418303 0.700000 78.799439
vertex -25.821817 0.700000 79.213563
vertex -25.998525 0.700000 78.799439
endloop
endfacet
facet normal 0.878672 9.019797 1.563381
outer loop
vertex -33.418303 0.700000 78.799439
vertex -25.998525 0.700000 78.799439
vertex -33.194939 0.700000 78.407130
endloop
endfacet
facet normal -1.045529 8.909893 1.719460
outer loop
vertex -33.194939 0.700000 78.407130
vertex -25.998525 0.700000 78.799439
vertex -26.221887 0.700000 78.407130
endloop
endfacet
facet normal 0.891447 8.772929 2.088039
outer loop
vertex -33.194939 0.700000 78.407130
vertex -26.221887 0.700000 78.407130
vertex -32.927732 0.700000 78.041560
endloop
endfacet
facet normal -1.110112 8.602291 2.297026
outer loop
vertex -32.927732 0.700000 78.041560
vertex -26.221887 0.700000 78.407130
vertex -26.489091 0.700000 78.041560
endloop
endfacet
facet normal 0.900636 8.389737 2.733525
outer loop
vertex -32.927732 0.700000 78.041560
vertex -26.489091 0.700000 78.041560
vertex -32.620042 0.700000 77.707333
endloop
endfacet
facet normal -1.178889 8.125321 3.009919
outer loop
vertex -32.620042 0.700000 77.707333
vertex -26.489091 0.700000 78.041560
vertex -26.796784 0.700000 77.707333
endloop
endfacet
facet normal 0.895695 7.797555 3.525152
outer loop
vertex -32.620042 0.700000 77.707333
vertex -26.796784 0.700000 77.707333
vertex -32.275734 0.700000 77.408644
endloop
endfacet
facet normal -1.239463 7.394202 3.874663
outer loop
vertex -32.275734 0.700000 77.408644
vertex -26.796784 0.700000 77.707333
vertex -27.141090 0.700000 77.408644
endloop
endfacet
facet normal 0.859241 6.904021 4.459974
outer loop
vertex -32.275734 0.700000 77.408644
vertex -27.141090 0.700000 77.408644
vertex -31.899143 0.700000 77.149261
endloop
endfacet
facet normal -1.268776 6.319701 4.862002
outer loop
vertex -31.899143 0.700000 77.149261
vertex -27.141090 0.700000 77.408644
vertex -27.517683 0.700000 77.149261
endloop
endfacet
facet normal 0.769888 5.641762 5.468150
outer loop
vertex -31.899143 0.700000 77.149261
vertex -27.517683 0.700000 77.149261
vertex -31.495000 0.700000 76.932437
endloop
endfacet
facet normal -1.236982 4.882486 5.860383
outer loop
vertex -31.495000 0.700000 76.932437
vertex -27.517683 0.700000 77.149261
vertex -27.921821 0.700000 76.932437
endloop
endfacet
facet normal 0.613507 4.067993 6.396201
outer loop
vertex -31.495000 0.700000 76.932437
vertex -27.921821 0.700000 76.932437
vertex -31.068391 0.700000 76.760899
endloop
endfacet
facet normal -1.123090 3.236767 6.696606
outer loop
vertex -31.068391 0.700000 76.760899
vertex -27.921821 0.700000 76.932437
vertex -28.348435 0.700000 76.760899
endloop
endfacet
facet normal 0.395254 2.434164 7.079382
outer loop
vertex -31.068391 0.700000 76.760899
vertex -28.348435 0.700000 76.760899
vertex -30.624678 0.700000 76.636813
endloop
endfacet
facet normal -0.930634 1.704837 7.248467
outer loop
vertex -30.624678 0.700000 76.636813
vertex -28.348435 0.700000 76.760899
vertex -28.792145 0.700000 76.636813
endloop
endfacet
facet normal 0.136637 1.086104 7.463283
outer loop
vertex -30.624678 0.700000 76.636813
vertex -28.792145 0.700000 76.636813
vertex -30.169444 0.700000 76.561729
endloop
endfacet
facet normal -0.685492 0.604655 7.529545
outer loop
vertex -30.169444 0.700000 76.561729
vertex -28.792145 0.700000 76.636813
vertex -29.247379 0.700000 76.561729
endloop
endfacet
facet normal -0.138778 0.276869 7.617506
outer loop
vertex -30.169444 0.700000 76.561729
vertex -29.247379 0.700000 76.561729
vertex -29.708412 0.700000 76.536595
endloop
endfacet
facet normal -0.862645 9.333058 -0.427260
outer loop
vertex -25.616640 0.700000 80.981269
vertex -33.800186 0.700000 80.981269
vertex -25.693987 0.700000 81.423178
endloop
endfacet
facet normal 0.911120 9.309576 -0.503322
outer loop
vertex -25.693987 0.700000 81.423178
vertex -33.800186 0.700000 80.981269
vertex -33.722839 0.700000 81.423178
endloop
endfacet
facet normal -0.862104 9.276872 -0.757922
outer loop
vertex -25.693987 0.700000 81.423178
vertex -33.722839 0.700000 81.423178
vertex -25.821817 0.700000 81.853906
endloop
endfacet
facet normal 0.945494 9.233636 -0.849872
outer loop
vertex -25.821817 0.700000 81.853906
vertex -33.722839 0.700000 81.423178
vertex -33.595006 0.700000 81.853906
endloop
endfacet
facet normal -0.867944 9.178085 -1.129083
outer loop
vertex -25.821817 0.700000 81.853906
vertex -33.595006 0.700000 81.853906
vertex -25.998525 0.700000 82.268025
endloop
endfacet
facet normal 0.990214 9.107847 -1.246918
outer loop
vertex -25.998525 0.700000 82.268025
vertex -33.595006 0.700000 81.853906
vertex -33.418303 0.700000 82.268025
endloop
endfacet
facet normal -0.878682 9.019804 -1.563364
outer loop
vertex -25.998525 0.700000 82.268025
vertex -33.418303 0.700000 82.268025
vertex -26.221887 0.700000 82.660339
endloop
endfacet
facet normal 1.045529 8.909900 -1.719445
outer loop
vertex -26.221887 0.700000 82.660339
vertex -33.418303 0.700000 82.268025
vertex -33.194939 0.700000 82.660339
endloop
endfacet
facet normal -0.891441 8.772931 -2.088033
outer loop
vertex -26.221887 0.700000 82.660339
vertex -33.194939 0.700000 82.660339
vertex -26.489091 0.700000 83.025909
endloop
endfacet
facet normal 1.110115 8.602286 -2.297034
outer loop
vertex -26.489091 0.700000 83.025909
vertex -33.194939 0.700000 82.660339
vertex -32.927732 0.700000 83.025909
endloop
endfacet
facet normal -0.900637 8.389736 -2.733527
outer loop
vertex -26.489091 0.700000 83.025909
vertex -32.927732 0.700000 83.025909
vertex -26.796784 0.700000 83.360136
endloop
endfacet
facet normal 1.178889 8.125323 -3.009917
outer loop
vertex -26.796784 0.700000 83.360136
vertex -32.927732 0.700000 83.025909
vertex -32.620042 0.700000 83.360136
endloop
endfacet
facet normal -0.895694 7.797556 -3.525150
outer loop
vertex -26.796784 0.700000 83.360136
vertex -32.620042 0.700000 83.360136
vertex -27.141090 0.700000 83.658825
endloop
endfacet
facet normal 1.239463 7.394200 -3.874665
outer loop
vertex -27.141090 0.700000 83.658825
vertex -32.620042 0.700000 83.360136
vertex -32.275734 0.700000 83.658825
endloop
endfacet
facet normal -0.859234 6.904021 -4.459981
outer loop
vertex -27.141090 0.700000 83.658825
vertex -32.275734 0.700000 83.658825
vertex -27.517683 0.700000 83.918208
endloop
endfacet
facet normal 1.268780 6.319687 -4.862016
outer loop
vertex -27.517683 0.700000 83.918208
vertex -32.275734 0.700000 83.658825
vertex -31.899143 0.700000 83.918208
endloop
endfacet
facet normal -0.769864 5.641721 -5.468184
outer loop
vertex -27.517683 0.700000 83.918208
vertex -31.899143 0.700000 83.918208
vertex -27.921821 0.700000 84.135027
endloop
endfacet
facet normal 1.236980 4.882414 -5.860436
outer loop
vertex -27.921821 0.700000 84.135027
vertex -31.899143 0.700000 83.918208
vertex -31.495000 0.700000 84.135027
endloop
endfacet
facet normal -0.613532 4.067930 -6.396238
outer loop
vertex -27.921821 0.700000 84.135027
vertex -31.495000 0.700000 84.135027
vertex -28.348435 0.700000 84.306560
endloop
endfacet
facet normal 1.123050 3.236759 -6.696614
outer loop
vertex -28.348435 0.700000 84.306560
vertex -31.495000 0.700000 84.135027
vertex -31.068391 0.700000 84.306560
endloop
endfacet
facet normal -0.395293 2.434220 -7.079361
outer loop
vertex -28.348435 0.700000 84.306560
vertex -31.068391 0.700000 84.306560
vertex -28.792145 0.700000 84.430656
endloop
endfacet
facet normal 0.930651 1.704911 -7.248443
outer loop
vertex -28.792145 0.700000 84.430656
vertex -31.068391 0.700000 84.306560
vertex -30.624678 0.700000 84.430656
endloop
endfacet
facet normal -0.136622 1.086151 -7.463265
outer loop
vertex -28.792145 0.700000 84.430656
vertex -30.624678 0.700000 84.430656
vertex -29.247379 0.700000 84.505739
endloop
endfacet
facet normal 0.685524 0.604667 -7.529535
outer loop
vertex -29.247379 0.700000 84.505739
vertex -30.624678 0.700000 84.430656
vertex -30.169444 0.700000 84.505739
endloop
endfacet
facet normal 0.138778 0.276869 -7.617506
outer loop
vertex -29.247379 0.700000 84.505739
vertex -30.169444 0.700000 84.505739
vertex -29.708412 0.700000 84.530873
endloop
endfacet
facet normal 1.145245 9.769019 -0.107770
outer loop
vertex 25.616640 3.000000 80.981269
vertex 25.616640 0.700000 80.981269
vertex 25.590748 3.000000 80.533734
endloop
endfacet
facet normal 1.869055 9.561221 -0.070694
outer loop
vertex 25.590748 3.000000 80.533734
vertex 25.616640 0.700000 80.981269
vertex 25.590748 0.700000 80.533734
endloop
endfacet
facet normal 1.135047 9.776465 0.029146
outer loop
vertex 25.590748 3.000000 80.533734
vertex 25.590748 0.700000 80.533734
vertex 25.616640 3.000000 80.086194
endloop
endfacet
facet normal 1.893359 9.563480 0.149382
outer loop
vertex 25.616640 3.000000 80.086194
vertex 25.590748 0.700000 80.533734
vertex 25.616640 0.700000 80.086194
endloop
endfacet
facet normal 1.170270 9.771058 0.164771
outer loop
vertex 25.616640 3.000000 80.086194
vertex 25.616640 0.700000 80.086194
vertex 25.693987 3.000000 79.644285
endloop
endfacet
facet normal 1.896432 9.548085 0.374119
outer loop
vertex 25.693987 3.000000 79.644285
vertex 25.616640 0.700000 80.086194
vertex 25.693987 0.700000 79.644285
endloop
endfacet
facet normal 1.175716 9.757732 0.306811
outer loop
vertex 25.693987 3.000000 79.644285
vertex 25.693987 0.700000 79.644285
vertex 25.821817 3.000000 79.213563
endloop
endfacet
facet normal 1.915153 9.510001 0.614554
outer loop
vertex 25.821817 3.000000 79.213563
vertex 25.693987 0.700000 79.644285
vertex 25.821817 0.700000 79.213563
endloop
endfacet
facet normal 1.188520 9.731787 0.461321
outer loop
vertex 25.821817 3.000000 79.213563
vertex 25.821817 0.700000 79.213563
vertex 25.998525 3.000000 78.799439
endloop
endfacet
facet normal 1.948906 9.443109 0.883901
outer loop
vertex 25.998525 3.000000 78.799439
vertex 25.821817 0.700000 79.213563
vertex 25.998525 0.700000 78.799439
endloop
endfacet
facet normal 1.280189 9.679143 0.680898
outer loop
vertex 25.998525 3.000000 78.799439
vertex 25.998525 0.700000 78.799439
vertex 26.221887 3.000000 78.407130
endloop
endfacet
facet normal 2.068126 9.326073 1.242531
outer loop
vertex 26.221887 3.000000 78.407130
vertex 25.998525 0.700000 78.799439
vertex 26.221887 0.700000 78.407130
endloop
endfacet
facet normal 1.163382 9.621498 0.773462
outer loop
vertex 26.221887 3.000000 78.407130
vertex 26.221887 0.700000 78.407130
vertex 26.489091 3.000000 78.041560
endloop
endfacet
facet normal 1.910904 9.178259 1.462887
outer loop
vertex 26.489091 3.000000 78.041560
vertex 26.221887 0.700000 78.407130
vertex 26.489091 0.700000 78.041560
endloop
endfacet
facet normal 2.351361 8.323024 2.197819
outer loop
vertex 26.489091 3.000000 78.041560
vertex 26.489091 0.700000 78.041560
vertex 26.796784 3.000000 77.707333
endloop
endfacet
facet normal 3.342653 7.705142 3.259464
outer loop
vertex 26.796784 3.000000 77.707333
vertex 26.489091 0.700000 78.041560
vertex 26.796784 0.700000 77.707333
endloop
endfacet
facet normal 3.418020 7.336508 3.730510
outer loop
vertex 26.796784 3.000000 77.707333
vertex 26.796784 0.700000 77.707333
vertex 27.141090 3.000000 77.408644
endloop
endfacet
facet normal 3.050587 7.693336 3.719806
outer loop
vertex 27.141090 3.000000 77.408644
vertex 26.796784 0.700000 77.707333
vertex 27.141090 0.700000 77.408644
endloop
endfacet
facet normal 2.832715 7.707505 3.879240
outer loop
vertex 27.141090 3.000000 77.408644
vertex 27.141090 0.700000 77.408644
vertex 27.517683 3.000000 77.149261
endloop
endfacet
facet normal 2.776529 7.321549 4.269891
outer loop
vertex 27.517683 3.000000 77.149261
vertex 27.141090 0.700000 77.408644
vertex 27.517683 0.700000 77.149261
endloop
endfacet
facet normal 2.335467 7.714423 4.075055
outer loop
vertex 27.517683 3.000000 77.149261
vertex 27.517683 0.700000 77.149261
vertex 27.921821 3.000000 76.932437
endloop
endfacet
facet normal 2.456842 6.618957 4.871286
outer loop
vertex 27.921821 3.000000 76.932437
vertex 27.517683 0.700000 77.149261
vertex 27.921821 0.700000 76.932437
endloop
endfacet
facet normal 1.868413 7.456183 4.290719
outer loop
vertex 27.921821 3.000000 76.932437
vertex 27.921821 0.700000 76.932437
vertex 28.348435 3.000000 76.760899
endloop
endfacet
facet normal 2.031948 5.664497 5.423397
outer loop
vertex 28.348435 3.000000 76.760899
vertex 27.921821 0.700000 76.932437
vertex 28.348435 0.700000 76.760899
endloop
endfacet
facet normal 1.387382 7.041840 4.463618
outer loop
vertex 28.348435 3.000000 76.760899
vertex 28.348435 0.700000 76.760899
vertex 28.792145 3.000000 76.636813
endloop
endfacet
facet normal 1.487283 4.642730 5.819201
outer loop
vertex 28.792145 3.000000 76.636813
vertex 28.348435 0.700000 76.760899
vertex 28.792145 0.700000 76.636813
endloop
endfacet
facet normal 0.885209 6.615805 4.547748
outer loop
vertex 28.792145 3.000000 76.636813
vertex 28.792145 0.700000 76.636813
vertex 29.247379 3.000000 76.561729
endloop
endfacet
facet normal 0.860452 3.788507 6.022744
outer loop
vertex 29.247379 3.000000 76.561729
vertex 28.792145 0.700000 76.636813
vertex 29.247379 0.700000 76.561729
endloop
endfacet
facet normal 0.379591 6.305604 4.548769
outer loop
vertex 29.247379 3.000000 76.561729
vertex 29.247379 0.700000 76.561729
vertex 29.708412 3.000000 76.536595
endloop
endfacet
facet normal 0.202492 3.275416 6.077269
outer loop
vertex 29.708412 3.000000 76.536595
vertex 29.247379 0.700000 76.561729
vertex 29.708412 0.700000 76.536595
endloop
endfacet
facet normal -0.115711 6.177747 4.499913
outer loop
vertex 29.708412 3.000000 76.536595
vertex 29.708412 0.700000 76.536595
vertex 30.169444 3.000000 76.561729
endloop
endfacet
facet normal -0.456980 3.179200 6.040150
outer loop
vertex 30.169444 3.000000 76.561729
vertex 29.708412 0.700000 76.536595
vertex 30.169444 0.700000 76.561729
endloop
endfacet
facet normal -0.599528 6.252835 4.421603
outer loop
vertex 30.169444 3.000000 76.561729
vertex 30.169444 0.700000 76.561729
vertex 30.624678 3.000000 76.636813
endloop
endfacet
facet normal -1.105282 3.512689 5.925535
outer loop
vertex 30.624678 3.000000 76.636813
vertex 30.169444 0.700000 76.561729
vertex 30.624678 0.700000 76.636813
endloop
endfacet
facet normal -1.072106 6.529057 4.304480
outer loop
vertex 30.624678 3.000000 76.636813
vertex 30.624678 0.700000 76.636813
vertex 31.068391 3.000000 76.760899
endloop
endfacet
facet normal -1.719589 4.239758 5.693672
outer loop
vertex 31.068391 3.000000 76.760899
vertex 30.624678 0.700000 76.636813
vertex 31.068391 0.700000 76.760899
endloop
endfacet
facet normal -1.520694 6.974412 4.115499
outer loop
vertex 31.068391 3.000000 76.760899
vertex 31.068391 0.700000 76.760899
vertex 31.495000 3.000000 76.932437
endloop
endfacet
facet normal -2.250083 5.242092 5.287519
outer loop
vertex 31.495000 3.000000 76.932437
vertex 31.068391 0.700000 76.760899
vertex 31.495000 0.700000 76.932437
endloop
endfacet
facet normal -1.918271 7.501882 3.828221
outer loop
vertex 31.495000 3.000000 76.932437
vertex 31.495000 0.700000 76.932437
vertex 31.899143 3.000000 77.149261
endloop
endfacet
facet normal -2.641769 6.311049 4.701491
outer loop
vertex 31.899143 3.000000 77.149261
vertex 31.495000 0.700000 76.932437
vertex 31.899143 0.700000 77.149261
endloop
endfacet
facet normal -1.952668 8.205239 3.064756
outer loop
vertex 31.899143 3.000000 77.149261
vertex 31.899143 0.700000 77.149261
vertex 32.275734 3.000000 77.408644
endloop
endfacet
facet normal -2.586541 7.454609 3.617506
outer loop
vertex 32.275734 3.000000 77.408644
vertex 31.899143 0.700000 77.149261
vertex 32.275734 0.700000 77.408644
endloop
endfacet
facet normal -1.846309 8.816356 2.262691
outer loop
vertex 32.275734 3.000000 77.408644
vertex 32.275734 0.700000 77.408644
vertex 32.620042 3.000000 77.707333
endloop
endfacet
facet normal -2.627247 8.171628 2.921876
outer loop
vertex 32.620042 3.000000 77.707333
vertex 32.275734 0.700000 77.408644
vertex 32.620042 0.700000 77.707333
endloop
endfacet
facet normal -2.311796 8.866640 2.208911
outer loop
vertex 32.620042 3.000000 77.707333
vertex 32.620042 0.700000 77.707333
vertex 32.927732 3.000000 78.041560
endloop
endfacet
facet normal -2.998595 8.416979 2.646468
outer loop
vertex 32.927732 3.000000 78.041560
vertex 32.620042 0.700000 77.707333
vertex 32.927732 0.700000 78.041560
endloop
endfacet
facet normal -2.359399 9.055046 1.862159
outer loop
vertex 32.927732 3.000000 78.041560
vertex 32.927732 0.700000 78.041560
vertex 33.194939 3.000000 78.407130
endloop
endfacet
facet normal -2.550441 8.975941 1.789118
outer loop
vertex 33.194939 3.000000 78.407130
vertex 32.927732 0.700000 78.041560
vertex 33.194939 0.700000 78.407130
endloop
endfacet
facet normal -1.998272 9.416389 1.214217
outer loop
vertex 33.194939 3.000000 78.407130
vertex 33.194939 0.700000 78.407130
vertex 33.418303 3.000000 78.799439
endloop
endfacet
facet normal -2.494918 9.179701 1.353549
outer loop
vertex 33.418303 3.000000 78.799439
vertex 33.194939 0.700000 78.407130
vertex 33.418303 0.700000 78.799439
endloop
endfacet
facet normal -1.838351 9.545319 0.860764
outer loop
vertex 33.418303 3.000000 78.799439
vertex 33.418303 0.700000 78.799439
vertex 33.595006 3.000000 79.213563
endloop
endfacet
facet normal -2.257854 9.363562 0.910217
outer loop
vertex 33.595006 3.000000 79.213563
vertex 33.418303 0.700000 78.799439
vertex 33.595006 0.700000 79.213563
endloop
endfacet
facet normal -1.875752 9.587144 0.602318
outer loop
vertex 33.595006 3.000000 79.213563
vertex 33.595006 0.700000 79.213563
vertex 33.722839 3.000000 79.644285
endloop
endfacet
facet normal -2.421553 9.386978 0.659809
outer loop
vertex 33.722839 3.000000 79.644285
vertex 33.595006 0.700000 79.213563
vertex 33.722839 0.700000 79.644285
endloop
endfacet
facet normal -1.539463 9.658666 0.350753
outer loop
vertex 33.722839 3.000000 79.644285
vertex 33.722839 0.700000 79.644285
vertex 33.800186 3.000000 80.086194
endloop
endfacet
facet normal -1.836628 9.538028 0.286216
outer loop
vertex 33.800186 3.000000 80.086194
vertex 33.722839 0.700000 79.644285
vertex 33.800186 0.700000 80.086194
endloop
endfacet
facet normal -2.208575 9.302107 0.116672
outer loop
vertex 33.800186 3.000000 80.086194
vertex 33.800186 0.700000 80.086194
vertex 33.826078 3.000000 80.533734
endloop
endfacet
facet normal -3.032106 9.088831 0.093123
outer loop
vertex 33.826078 3.000000 80.533734
vertex 33.800186 0.700000 80.086194
vertex 33.826078 0.700000 80.533734
endloop
endfacet
facet normal -3.286089 8.934291 -0.102141
outer loop
vertex 33.826078 3.000000 80.533734
vertex 33.826078 0.700000 80.533734
vertex 33.800186 3.000000 80.981269
endloop
endfacet
facet normal -2.881350 9.193696 -0.244808
outer loop
vertex 33.800186 3.000000 80.981269
vertex 33.826078 0.700000 80.533734
vertex 33.800186 0.700000 80.981269
endloop
endfacet
facet normal -3.032604 9.095687 -0.448113
outer loop
vertex 33.800186 3.000000 80.981269
vertex 33.800186 0.700000 80.981269
vertex 33.722839 3.000000 81.423178
endloop
endfacet
facet normal -2.770776 9.242498 -0.562039
outer loop
vertex 33.722839 3.000000 81.423178
vertex 33.800186 0.700000 80.981269
vertex 33.722839 0.700000 81.423178
endloop
endfacet
facet normal -2.828133 9.188817 -0.758466
outer loop
vertex 33.722839 3.000000 81.423178
vertex 33.722839 0.700000 81.423178
vertex 33.595006 3.000000 81.853906
endloop
endfacet
facet normal -2.693226 9.246674 -0.878286
outer loop
vertex 33.595006 3.000000 81.853906
vertex 33.722839 0.700000 81.423178
vertex 33.595006 0.700000 81.853906
endloop
endfacet
facet normal -2.660755 9.233027 -1.053078
outer loop
vertex 33.595006 3.000000 81.853906
vertex 33.595006 0.700000 81.853906
vertex 33.418303 3.000000 82.268025
endloop
endfacet
facet normal -2.643071 9.207675 -1.211923
outer loop
vertex 33.418303 3.000000 82.268025
vertex 33.595006 0.700000 81.853906
vertex 33.418303 0.700000 82.268025
endloop
endfacet
facet normal -2.521358 9.235960 -1.348451
outer loop
vertex 33.418303 3.000000 82.268025
vertex 33.418303 0.700000 82.268025
vertex 33.194939 3.000000 82.660339
endloop
endfacet
facet normal -2.615127 9.118326 -1.582059
outer loop
vertex 33.194939 3.000000 82.660339
vertex 33.418303 0.700000 82.268025
vertex 33.194939 0.700000 82.660339
endloop
endfacet
facet normal -2.402259 9.196898 -1.659878
outer loop
vertex 33.194939 3.000000 82.660339
vertex 33.194939 0.700000 82.660339
vertex 32.927732 3.000000 83.025909
endloop
endfacet
facet normal -2.602784 8.961404 -2.009775
outer loop
vertex 32.927732 3.000000 83.025909
vertex 33.194939 0.700000 82.660339
vertex 32.927732 0.700000 83.025909
endloop
endfacet
facet normal -2.295532 9.107031 -2.002753
outer loop
vertex 32.927732 3.000000 83.025909
vertex 32.927732 0.700000 83.025909
vertex 32.620042 3.000000 83.360136
endloop
endfacet
facet normal -2.594939 8.706005 -2.517511
outer loop
vertex 32.620042 3.000000 83.360136
vertex 32.927732 0.700000 83.025909
vertex 32.620042 0.700000 83.360136
endloop
endfacet
facet normal -2.190562 8.948003 -2.392098
outer loop
vertex 32.620042 3.000000 83.360136
vertex 32.620042 0.700000 83.360136
vertex 32.275734 3.000000 83.658825
endloop
endfacet
facet normal -2.570842 8.303969 -3.123345
outer loop
vertex 32.275734 3.000000 83.658825
vertex 32.620042 0.700000 83.360136
vertex 32.275734 0.700000 83.658825
endloop
endfacet
facet normal -1.638068 8.918163 -2.158000
outer loop
vertex 32.275734 3.000000 83.658825
vertex 32.275734 0.700000 83.658825
vertex 31.899143 3.000000 83.918208
endloop
endfacet
facet normal -2.061615 7.921566 -3.145127
outer loop
vertex 31.899143 3.000000 83.918208
vertex 32.275734 0.700000 83.658825
vertex 31.899143 0.700000 83.918208
endloop
endfacet
facet normal -1.324137 8.679283 -2.345470
outer loop
vertex 31.899143 3.000000 83.918208
vertex 31.899143 0.700000 83.918208
vertex 31.495000 3.000000 84.135027
endloop
endfacet
facet normal -2.160402 6.983772 -4.266493
outer loop
vertex 31.495000 3.000000 84.135027
vertex 31.899143 0.700000 83.918208
vertex 31.495000 0.700000 84.135027
endloop
endfacet
facet normal -1.388060 8.094270 -3.175295
outer loop
vertex 31.495000 3.000000 84.135027
vertex 31.495000 0.700000 84.135027
vertex 31.068391 3.000000 84.306560
endloop
endfacet
facet normal -1.848034 5.937733 -4.912791
outer loop
vertex 31.068391 3.000000 84.306560
vertex 31.495000 0.700000 84.135027
vertex 31.068391 0.700000 84.306560
endloop
endfacet
facet normal -1.102056 7.523561 -3.531683
outer loop
vertex 31.068391 3.000000 84.306560
vertex 31.068391 0.700000 84.306560
vertex 30.624678 3.000000 84.430656
endloop
endfacet
facet normal -1.385898 4.851221 -5.397875
outer loop
vertex 30.624678 3.000000 84.430656
vertex 31.068391 0.700000 84.306560
vertex 30.624678 0.700000 84.430656
endloop
endfacet
facet normal -0.741169 6.982754 -3.792902
outer loop
vertex 30.624678 3.000000 84.430656
vertex 30.624678 0.700000 84.430656
vertex 30.169444 3.000000 84.505739
endloop
endfacet
facet normal -0.817837 3.946991 -5.689210
outer loop
vertex 30.169444 3.000000 84.505739
vertex 30.624678 0.700000 84.430656
vertex 30.169444 0.700000 84.505739
endloop
endfacet
facet normal -0.332538 6.579182 -3.971851
outer loop
vertex 30.169444 3.000000 84.505739
vertex 30.169444 0.700000 84.505739
vertex 29.708412 3.000000 84.530873
endloop
endfacet
facet normal -0.198069 3.390543 -5.833877
outer loop
vertex 29.708412 3.000000 84.530873
vertex 30.169444 0.700000 84.505739
vertex 29.708412 0.700000 84.530873
endloop
endfacet
facet normal 0.106821 6.364344 -4.110252
outer loop
vertex 29.708412 3.000000 84.530873
vertex 29.708412 0.700000 84.530873
vertex 29.247379 3.000000 84.505739
endloop
endfacet
facet normal 0.443668 3.250671 -5.893881
outer loop
vertex 29.247379 3.000000 84.505739
vertex 29.708412 0.700000 84.530873
vertex 29.247379 0.700000 84.505739
endloop
endfacet
facet normal 0.578935 6.343202 -4.239349
outer loop
vertex 29.247379 3.000000 84.505739
vertex 29.247379 0.700000 84.505739
vertex 28.792145 3.000000 84.430656
endloop
endfacet
facet normal 1.098038 3.531601 -5.889540
outer loop
vertex 28.792145 3.000000 84.430656
vertex 29.247379 0.700000 84.505739
vertex 28.792145 0.700000 84.430656
endloop
endfacet
facet normal 1.095650 6.491048 -4.364841
outer loop
vertex 28.792145 3.000000 84.430656
vertex 28.792145 0.700000 84.430656
vertex 28.348435 3.000000 84.306560
endloop
endfacet
facet normal 1.750408 4.182871 -5.790016
outer loop
vertex 28.348435 3.000000 84.306560
vertex 28.792145 0.700000 84.430656
vertex 28.348435 0.700000 84.306560
endloop
endfacet
facet normal 1.669071 6.731813 -4.475970
outer loop
vertex 28.348435 3.000000 84.306560
vertex 28.348435 0.700000 84.306560
vertex 27.921821 3.000000 84.135027
endloop
endfacet
facet normal 2.367658 5.056394 -5.551649
outer loop
vertex 27.921821 3.000000 84.135027
vertex 28.348435 0.700000 84.306560
vertex 27.921821 0.700000 84.135027
endloop
endfacet
facet normal 2.319511 6.877768 -4.577336
outer loop
vertex 27.921821 3.000000 84.135027
vertex 27.921821 0.700000 84.135027
vertex 27.517683 3.000000 83.918208
endloop
endfacet
facet normal 2.925413 5.872618 -5.186500
outer loop
vertex 27.517683 3.000000 83.918208
vertex 27.921821 0.700000 84.135027
vertex 27.517683 0.700000 83.918208
endloop
endfacet
facet normal 1.908793 7.847822 -3.110015
outer loop
vertex 27.517683 3.000000 83.918208
vertex 27.517683 0.700000 83.918208
vertex 27.141090 3.000000 83.658825
endloop
endfacet
facet normal 2.259008 7.535589 -3.177779
outer loop
vertex 27.141090 3.000000 83.658825
vertex 27.517683 0.700000 83.918208
vertex 27.141090 0.700000 83.658825
endloop
endfacet
facet normal 1.350329 8.954002 -1.642806
outer loop
vertex 27.141090 3.000000 83.658825
vertex 27.141090 0.700000 83.658825
vertex 26.796784 3.000000 83.360136
endloop
endfacet
facet normal 2.458800 8.228279 -2.741728
outer loop
vertex 26.796784 3.000000 83.360136
vertex 27.141090 0.700000 83.658825
vertex 26.796784 0.700000 83.360136
endloop
endfacet
facet normal 1.464106 9.240047 -1.449002
outer loop
vertex 26.796784 3.000000 83.360136
vertex 26.796784 0.700000 83.360136
vertex 26.489091 3.000000 83.025909
endloop
endfacet
facet normal 2.319352 8.733736 -2.066704
outer loop
vertex 26.489091 3.000000 83.025909
vertex 26.796784 0.700000 83.360136
vertex 26.489091 0.700000 83.025909
endloop
endfacet
facet normal 1.353354 9.451257 -1.061959
outer loop
vertex 26.489091 3.000000 83.025909
vertex 26.489091 0.700000 83.025909
vertex 26.221887 3.000000 82.660339
endloop
endfacet
facet normal 2.223643 9.055395 -1.568673
outer loop
vertex 26.221887 3.000000 82.660339
vertex 26.489091 0.700000 83.025909
vertex 26.221887 0.700000 82.660339
endloop
endfacet
facet normal 1.306104 9.579105 -0.803756
outer loop
vertex 26.221887 3.000000 82.660339
vertex 26.221887 0.700000 82.660339
vertex 25.998525 3.000000 82.268025
endloop
endfacet
facet normal 2.129547 9.262968 -1.163526
outer loop
vertex 25.998525 3.000000 82.268025
vertex 26.221887 0.700000 82.660339
vertex 25.998525 0.700000 82.268025
endloop
endfacet
facet normal 1.263315 9.661552 -0.590609
outer loop
vertex 25.998525 3.000000 82.268025
vertex 25.998525 0.700000 82.268025
vertex 25.821817 3.000000 81.853906
endloop
endfacet
facet normal 2.048194 9.396528 -0.830081
outer loop
vertex 25.821817 3.000000 81.853906
vertex 25.998525 0.700000 82.268025
vertex 25.821817 0.700000 81.853906
endloop
endfacet
facet normal 1.228067 9.714495 -0.410258
outer loop
vertex 25.821817 3.000000 81.853906
vertex 25.821817 0.700000 81.853906
vertex 25.693987 3.000000 81.423178
endloop
endfacet
facet normal 1.983525 9.481364 -0.547887
outer loop
vertex 25.693987 3.000000 81.423178
vertex 25.821817 0.700000 81.853906
vertex 25.693987 0.700000 81.423178
endloop
endfacet
facet normal 1.201155 9.747574 -0.252357
outer loop
vertex 25.693987 3.000000 81.423178
vertex 25.693987 0.700000 81.423178
vertex 25.616640 3.000000 80.981269
endloop
endfacet
facet normal 1.936349 9.532550 -0.299740
outer loop
vertex 25.616640 3.000000 80.981269
vertex 25.693987 0.700000 81.423178
vertex 25.616640 0.700000 80.981269
endloop
endfacet
facet normal 0.886394 9.348235 -0.186605
outer loop
vertex 25.616640 0.700000 80.981269
vertex 33.800186 0.700000 80.981269
vertex 25.590748 0.700000 80.533734
endloop
endfacet
facet normal -0.870482 9.355684 -0.118074
outer loop
vertex 25.590748 0.700000 80.533734
vertex 33.800186 0.700000 80.981269
vertex 33.826078 0.700000 80.533734
endloop
endfacet
facet normal 0.870490 9.355685 0.118073
outer loop
vertex 25.590748 0.700000 80.533734
vertex 33.826078 0.700000 80.533734
vertex 25.616640 0.700000 80.086194
endloop
endfacet
facet normal -0.886394 9.348238 0.186603
outer loop
vertex 25.616640 0.700000 80.086194
vertex 33.826078 0.700000 80.533734
vertex 33.800186 0.700000 80.086194
endloop
endfacet
facet normal 0.862636 9.333060 0.427260
outer loop
vertex 25.616640 0.700000 80.086194
vertex 33.800186 0.700000 80.086194
vertex 25.693987 0.700000 79.644285
endloop
endfacet
facet normal -0.911128 9.309574 0.503324
outer loop
vertex 25.693987 0.700000 79.644285
vertex 33.800186 0.700000 80.086194
vertex 33.722839 0.700000 79.644285
endloop
endfacet
facet normal 0.862104 9.276868 0.757925
outer loop
vertex 25.693987 0.700000 79.644285
vertex 33.722839 0.700000 79.644285
vertex 25.821817 0.700000 79.213563
endloop
endfacet
facet normal -0.945485 9.233634 0.849874
outer loop
vertex 25.821817 0.700000 79.213563
vertex 33.722839 0.700000 79.644285
vertex 33.595006 0.700000 79.213563
endloop
endfacet
facet normal 0.867949 9.178089 1.129082
outer loop
vertex 25.821817 0.700000 79.213563
vertex 33.595006 0.700000 79.213563
vertex 25.998525 0.700000 78.799439
endloop
endfacet
facet normal -0.990221 9.107850 1.246917
outer loop
vertex 25.998525 0.700000 78.799439
vertex 33.595006 0.700000 79.213563
vertex 33.418303 0.700000 78.799439
endloop
endfacet
facet normal 0.878672 9.019800 1.563369
outer loop
vertex 25.998525 0.700000 78.799439
vertex 33.418303 0.700000 78.799439
vertex 26.221887 0.700000 78.407130
endloop
endfacet
facet normal -1.045528 8.909894 1.719455
outer loop
vertex 26.221887 0.700000 78.407130
vertex 33.418303 0.700000 78.799439
vertex 33.194939 0.700000 78.407130
endloop
endfacet
facet normal 0.891448 8.772928 2.088041
outer loop
vertex 26.221887 0.700000 78.407130
vertex 33.194939 0.700000 78.407130
vertex 26.489091 0.700000 78.041560
endloop
endfacet
facet normal -1.110111 8.602288 2.297037
outer loop
vertex 26.489091 0.700000 78.041560
vertex 33.194939 0.700000 78.407130
vertex 32.927732 0.700000 78.041560
endloop
endfacet
facet normal 0.900637 8.389736 2.733527
outer loop
vertex 26.489091 0.700000 78.041560
vertex 32.927732 0.700000 78.041560
vertex 26.796784 0.700000 77.707333
endloop
endfacet
facet normal -1.178889 8.125323 3.009917
outer loop
vertex 26.796784 0.700000 77.707333
vertex 32.927732 0.700000 78.041560
vertex 32.620042 0.700000 77.707333
endloop
endfacet
facet normal 0.895694 7.797556 3.525150
outer loop
vertex 26.796784 0.700000 77.707333
vertex 32.620042 0.700000 77.707333
vertex 27.141090 0.700000 77.408644
endloop
endfacet
facet normal -1.239463 7.394200 3.874665
outer loop
vertex 27.141090 0.700000 77.408644
vertex 32.620042 0.700000 77.707333
vertex 32.275734 0.700000 77.408644
endloop
endfacet
facet normal 0.859244 6.904024 4.459973
outer loop
vertex 27.141090 0.700000 77.408644
vertex 32.275734 0.700000 77.408644
vertex 27.517683 0.700000 77.149261
endloop
endfacet
facet normal -1.268772 6.319705 4.861998
outer loop
vertex 27.517683 0.700000 77.149261
vertex 32.275734 0.700000 77.408644
vertex 31.899143 0.700000 77.149261
endloop
endfacet
facet normal 0.769888 5.641764 5.468146
outer loop
vertex 27.517683 0.700000 77.149261
vertex 31.899143 0.700000 77.149261
vertex 27.921821 0.700000 76.932437
endloop
endfacet
facet normal -1.236982 4.882478 5.860389
outer loop
vertex 27.921821 0.700000 76.932437
vertex 31.899143 0.700000 77.149261
vertex 31.495000 0.700000 76.932437
endloop
endfacet
facet normal 0.613507 4.067985 6.396207
outer loop
vertex 27.921821 0.700000 76.932437
vertex 31.495000 0.700000 76.932437
vertex 28.348435 0.700000 76.760899
endloop
endfacet
facet normal -1.123092 3.236767 6.696606
outer loop
vertex 28.348435 0.700000 76.760899
vertex 31.495000 0.700000 76.932437
vertex 31.068391 0.700000 76.760899
endloop
endfacet
facet normal 0.395251 2.434169 7.079380
outer loop
vertex 28.348435 0.700000 76.760899
vertex 31.068391 0.700000 76.760899
vertex 28.792145 0.700000 76.636813
endloop
endfacet
facet normal -0.930635 1.704841 7.248465
outer loop
vertex 28.792145 0.700000 76.636813
vertex 31.068391 0.700000 76.760899
vertex 30.624678 0.700000 76.636813
endloop
endfacet
facet normal 0.136640 1.086104 7.463283
outer loop
vertex 28.792145 0.700000 76.636813
vertex 30.624678 0.700000 76.636813
vertex 29.247379 0.700000 76.561729
endloop
endfacet
facet normal -0.685490 0.604654 7.529545
outer loop
vertex 29.247379 0.700000 76.561729
vertex 30.624678 0.700000 76.636813
vertex 30.169444 0.700000 76.561729
endloop
endfacet
facet normal -0.138778 0.276869 7.617506
outer loop
vertex 29.247379 0.700000 76.561729
vertex 30.169444 0.700000 76.561729
vertex 29.708412 0.700000 76.536595
endloop
endfacet
facet normal -0.862645 9.333058 -0.427264
outer loop
vertex 33.800186 0.700000 80.981269
vertex 25.616640 0.700000 80.981269
vertex 33.722839 0.700000 81.423178
endloop
endfacet
facet normal 0.911120 9.309576 -0.503324
outer loop
vertex 33.722839 0.700000 81.423178
vertex 25.616640 0.700000 80.981269
vertex 25.693987 0.700000 81.423178
endloop
endfacet
facet normal -0.862104 9.276873 -0.757918
outer loop
vertex 33.722839 0.700000 81.423178
vertex 25.693987 0.700000 81.423178
vertex 33.595006 0.700000 81.853906
endloop
endfacet
facet normal 0.945494 9.233637 -0.849865
outer loop
vertex 33.595006 0.700000 81.853906
vertex 25.693987 0.700000 81.423178
vertex 25.821817 0.700000 81.853906
endloop
endfacet
facet normal -0.867944 9.178086 -1.129078
outer loop
vertex 33.595006 0.700000 81.853906
vertex 25.821817 0.700000 81.853906
vertex 33.418303 0.700000 82.268025
endloop
endfacet
facet normal 0.990214 9.107845 -1.246924
outer loop
vertex 33.418303 0.700000 82.268025
vertex 25.821817 0.700000 81.853906
vertex 25.998525 0.700000 82.268025
endloop
endfacet
facet normal -0.878682 9.019800 -1.563376
outer loop
vertex 33.418303 0.700000 82.268025
vertex 25.998525 0.700000 82.268025
vertex 33.194939 0.700000 82.660339
endloop
endfacet
facet normal 1.045529 8.909899 -1.719451
outer loop
vertex 33.194939 0.700000 82.660339
vertex 25.998525 0.700000 82.268025
vertex 26.221887 0.700000 82.660339
endloop
endfacet
facet normal -0.891440 8.772931 -2.088031
outer loop
vertex 33.194939 0.700000 82.660339
vertex 26.221887 0.700000 82.660339
vertex 32.927732 0.700000 83.025909
endloop
endfacet
facet normal 1.110116 8.602290 -2.297023
outer loop
vertex 32.927732 0.700000 83.025909
vertex 26.221887 0.700000 82.660339
vertex 26.489091 0.700000 83.025909
endloop
endfacet
facet normal -0.900636 8.389737 -2.733525
outer loop
vertex 32.927732 0.700000 83.025909
vertex 26.489091 0.700000 83.025909
vertex 32.620042 0.700000 83.360136
endloop
endfacet
facet normal 1.178889 8.125321 -3.009919
outer loop
vertex 32.620042 0.700000 83.360136
vertex 26.489091 0.700000 83.025909
vertex 26.796784 0.700000 83.360136
endloop
endfacet
facet normal -0.895695 7.797555 -3.525152
outer loop
vertex 32.620042 0.700000 83.360136
vertex 26.796784 0.700000 83.360136
vertex 32.275734 0.700000 83.658825
endloop
endfacet
facet normal 1.239463 7.394202 -3.874663
outer loop
vertex 32.275734 0.700000 83.658825
vertex 26.796784 0.700000 83.360136
vertex 27.141090 0.700000 83.658825
endloop
endfacet
facet normal -0.859232 6.904018 -4.459983
outer loop
vertex 32.275734 0.700000 83.658825
vertex 27.141090 0.700000 83.658825
vertex 31.899143 0.700000 83.918208
endloop
endfacet
facet normal 1.268784 6.319683 -4.862020
outer loop
vertex 31.899143 0.700000 83.918208
vertex 27.141090 0.700000 83.658825
vertex 27.517683 0.700000 83.918208
endloop
endfacet
facet normal -0.769864 5.641719 -5.468187
outer loop
vertex 31.899143 0.700000 83.918208
vertex 27.517683 0.700000 83.918208
vertex 31.495000 0.700000 84.135027
endloop
endfacet
facet normal 1.236980 4.882422 -5.860430
outer loop
vertex 31.495000 0.700000 84.135027
vertex 27.517683 0.700000 83.918208
vertex 27.921821 0.700000 84.135027
endloop
endfacet
facet normal -0.613532 4.067938 -6.396231
outer loop
vertex 31.495000 0.700000 84.135027
vertex 27.921821 0.700000 84.135027
vertex 31.068391 0.700000 84.306560
endloop
endfacet
facet normal 1.123048 3.236759 -6.696613
outer loop
vertex 31.068391 0.700000 84.306560
vertex 27.921821 0.700000 84.135027
vertex 28.348435 0.700000 84.306560
endloop
endfacet
facet normal -0.395296 2.434215 -7.079364
outer loop
vertex 31.068391 0.700000 84.306560
vertex 28.348435 0.700000 84.306560
vertex 30.624678 0.700000 84.430656
endloop
endfacet
facet normal 0.930650 1.704908 -7.248445
outer loop
vertex 30.624678 0.700000 84.430656
vertex 28.348435 0.700000 84.306560
vertex 28.792145 0.700000 84.430656
endloop
endfacet
facet normal -0.136619 1.086151 -7.463265
outer loop
vertex 30.624678 0.700000 84.430656
vertex 28.792145 0.700000 84.430656
vertex 30.169444 0.700000 84.505739
endloop
endfacet
facet normal 0.685526 0.604668 -7.529535
outer loop
vertex 30.169444 0.700000 84.505739
vertex 28.792145 0.700000 84.430656
vertex 29.247379 0.700000 84.505739
endloop
endfacet
facet normal 0.138778 0.276869 -7.617506
outer loop
vertex 30.169444 0.700000 84.505739
vertex 29.247379 0.700000 84.505739
vertex 29.708412 0.700000 84.530873
endloop
endfacet
facet normal 3.047985 9.101179 -0.246811
outer loop
vertex -44.565323 3.000000 -100.783973
vertex -44.565323 0.700000 -100.783973
vertex -44.591214 3.000000 -101.231503
endloop
endfacet
facet normal 2.892206 9.193791 -0.090425
outer loop
vertex -44.591214 3.000000 -101.231503
vertex -44.565323 0.700000 -100.783973
vertex -44.591214 0.700000 -101.231503
endloop
endfacet
facet normal 3.272942 8.943664 0.117080
outer loop
vertex -44.591214 3.000000 -101.231503
vertex -44.591214 0.700000 -101.231503
vertex -44.565323 3.000000 -101.679042
endloop
endfacet
facet normal 3.008102 9.098109 0.257048
outer loop
vertex -44.565323 3.000000 -101.679042
vertex -44.591214 0.700000 -101.231503
vertex -44.565323 0.700000 -101.679042
endloop
endfacet
facet normal 2.163319 9.311841 0.246283
outer loop
vertex -44.565323 3.000000 -101.679042
vertex -44.565323 0.700000 -101.679042
vertex -44.487975 3.000000 -102.120952
endloop
endfacet
facet normal 1.774744 9.554236 0.347967
outer loop
vertex -44.487975 3.000000 -102.120952
vertex -44.565323 0.700000 -101.679042
vertex -44.487975 0.700000 -102.120952
endloop
endfacet
facet normal 1.342951 9.712198 0.378593
outer loop
vertex -44.487975 3.000000 -102.120952
vertex -44.487975 0.700000 -102.120952
vertex -44.360143 3.000000 -102.551679
endloop
endfacet
facet normal 2.204076 9.458317 0.712485
outer loop
vertex -44.360143 3.000000 -102.551679
vertex -44.487975 0.700000 -102.120952
vertex -44.360143 0.700000 -102.551679
endloop
endfacet
facet normal 1.743498 9.630217 0.684976
outer loop
vertex -44.360143 3.000000 -102.551679
vertex -44.360143 0.700000 -102.551679
vertex -44.183437 3.000000 -102.965803
endloop
endfacet
facet normal 2.214961 9.393224 1.009620
outer loop
vertex -44.183437 3.000000 -102.965803
vertex -44.360143 0.700000 -102.551679
vertex -44.183437 0.700000 -102.965803
endloop
endfacet
facet normal 1.718581 9.589654 0.913589
outer loop
vertex -44.183437 3.000000 -102.965803
vertex -44.183437 0.700000 -102.965803
vertex -43.960075 3.000000 -103.358112
endloop
endfacet
facet normal 2.240460 9.286471 1.349498
outer loop
vertex -43.960075 3.000000 -103.358112
vertex -44.183437 0.700000 -102.965803
vertex -43.960075 0.700000 -103.358112
endloop
endfacet
facet normal 1.700994 9.522076 1.169159
outer loop
vertex -43.960075 3.000000 -103.358112
vertex -43.960075 0.700000 -103.358112
vertex -43.692871 3.000000 -103.723682
endloop
endfacet
facet normal 2.276182 9.118437 1.751620
outer loop
vertex -43.692871 3.000000 -103.723682
vertex -43.960075 0.700000 -103.358112
vertex -43.692871 0.700000 -103.723682
endloop
endfacet
facet normal 1.686689 9.414890 1.464541
outer loop
vertex -43.692871 3.000000 -103.723682
vertex -43.692871 0.700000 -103.723682
vertex -43.385175 3.000000 -104.057909
endloop
endfacet
facet normal 2.312702 8.856827 2.237459
outer loop
vertex -43.385175 3.000000 -104.057909
vertex -43.692871 0.700000 -103.723682
vertex -43.385175 0.700000 -104.057909
endloop
endfacet
facet normal 1.668104 9.247530 1.813372
outer loop
vertex -43.385175 3.000000 -104.057909
vertex -43.385175 0.700000 -104.057909
vertex -43.040870 3.000000 -104.356598
endloop
endfacet
facet normal 2.330622 8.452674 2.824676
outer loop
vertex -43.040870 3.000000 -104.356598
vertex -43.385175 0.700000 -104.057909
vertex -43.040870 0.700000 -104.356598
endloop
endfacet
facet normal 1.630832 8.989794 2.225893
outer loop
vertex -43.040870 3.000000 -104.356598
vertex -43.040870 0.700000 -104.356598
vertex -42.664279 3.000000 -104.615981
endloop
endfacet
facet normal 2.294599 7.844493 3.511688
outer loop
vertex -42.664279 3.000000 -104.615981
vertex -43.040870 0.700000 -104.356598
vertex -42.664279 0.700000 -104.615981
endloop
endfacet
facet normal 1.550575 8.607073 2.698676
outer loop
vertex -42.664279 3.000000 -104.615981
vertex -42.664279 0.700000 -104.615981
vertex -42.260136 3.000000 -104.832800
endloop
endfacet
facet normal 2.153856 6.988636 4.253136
outer loop
vertex -42.260136 3.000000 -104.832800
vertex -42.664279 0.700000 -104.615981
vertex -42.260136 0.700000 -104.832800
endloop
endfacet
facet normal 1.395972 8.084208 3.202075
outer loop
vertex -42.260136 3.000000 -104.832800
vertex -42.260136 0.700000 -104.832800
vertex -41.833527 3.000000 -105.004333
endloop
endfacet
facet normal 1.862492 5.922807 4.952927
outer loop
vertex -41.833527 3.000000 -105.004333
vertex -42.260136 0.700000 -104.832800
vertex -41.833527 0.700000 -105.004333
endloop
endfacet
facet normal 1.144719 7.462234 3.688966
outer loop
vertex -41.833527 3.000000 -105.004333
vertex -41.833527 0.700000 -105.004333
vertex -41.389814 3.000000 -105.128429
endloop
endfacet
facet normal 1.414103 4.804820 5.515022
outer loop
vertex -41.389814 3.000000 -105.128429
vertex -41.833527 0.700000 -105.004333
vertex -41.389814 0.700000 -105.128429
endloop
endfacet
facet normal 0.799151 6.833091 4.143007
outer loop
vertex -41.389814 3.000000 -105.128429
vertex -41.389814 0.700000 -105.128429
vertex -40.934580 3.000000 -105.203512
endloop
endfacet
facet normal 0.847613 3.843729 5.922169
outer loop
vertex -40.934580 3.000000 -105.203512
vertex -41.389814 0.700000 -105.128429
vertex -40.934580 0.700000 -105.203512
endloop
endfacet
facet normal 0.369891 6.255246 4.621763
outer loop
vertex -40.934580 3.000000 -105.203512
vertex -40.934580 0.700000 -105.203512
vertex -40.473548 3.000000 -105.228647
endloop
endfacet
facet normal 0.205646 3.169869 6.250830
outer loop
vertex -40.473548 3.000000 -105.228647
vertex -40.934580 0.700000 -105.203512
vertex -40.473548 0.700000 -105.228647
endloop
endfacet
facet normal -0.165110 5.640003 5.250905
outer loop
vertex -40.473548 3.000000 -105.228647
vertex -40.473548 0.700000 -105.228647
vertex -40.012516 3.000000 -105.203512
endloop
endfacet
facet normal -0.509534 2.747003 6.617581
outer loop
vertex -40.012516 3.000000 -105.203512
vertex -40.473548 0.700000 -105.228647
vertex -40.012516 0.700000 -105.203512
endloop
endfacet
facet normal -0.491646 6.056465 4.206842
outer loop
vertex -40.012516 3.000000 -105.203512
vertex -40.012516 0.700000 -105.203512
vertex -39.557282 3.000000 -105.128429
endloop
endfacet
facet normal -0.944883 3.748531 5.133333
outer loop
vertex -39.557282 3.000000 -105.128429
vertex -40.012516 0.700000 -105.203512
vertex -39.557282 0.700000 -105.128429
endloop
endfacet
facet normal -1.294220 5.325311 4.709779
outer loop
vertex -39.557282 3.000000 -105.128429
vertex -39.557282 0.700000 -105.128429
vertex -39.113571 3.000000 -105.004333
endloop
endfacet
facet normal -2.102132 2.800205 6.891161
outer loop
vertex -39.113571 3.000000 -105.004333
vertex -39.557282 0.700000 -105.128429
vertex -39.113571 0.700000 -105.004333
endloop
endfacet
facet normal -2.251430 4.771127 6.095063
outer loop
vertex -39.113571 3.000000 -105.004333
vertex -39.113571 0.700000 -105.004333
vertex -38.686957 3.000000 -104.832800
endloop
endfacet
facet normal -2.598292 4.478374 6.069597
outer loop
vertex -38.686957 3.000000 -104.832800
vertex -39.113571 0.700000 -105.004333
vertex -38.686957 0.700000 -104.832800
endloop
endfacet
facet normal -2.526175 6.347517 5.054302
outer loop
vertex -38.686957 3.000000 -104.832800
vertex -38.686957 0.700000 -104.832800
vertex -38.282819 3.000000 -104.615981
endloop
endfacet
facet normal -2.901442 5.920386 5.145517
outer loop
vertex -38.282819 3.000000 -104.615981
vertex -38.686957 0.700000 -104.832800
vertex -38.282819 0.700000 -104.615981
endloop
endfacet
facet normal -2.650985 7.429533 4.097660
outer loop
vertex -38.282819 3.000000 -104.615981
vertex -38.282819 0.700000 -104.615981
vertex -37.906226 3.000000 -104.356598
endloop
endfacet
facet normal -3.025170 7.069532 4.206406
outer loop
vertex -37.906226 3.000000 -104.356598
vertex -38.282819 0.700000 -104.615981
vertex -37.906226 0.700000 -104.356598
endloop
endfacet
facet normal -2.676020 8.160793 3.269821
outer loop
vertex -37.906226 3.000000 -104.356598
vertex -37.906226 0.700000 -104.356598
vertex -37.561921 3.000000 -104.057909
endloop
endfacet
facet normal -3.018329 7.901127 3.340116
outer loop
vertex -37.561921 3.000000 -104.057909
vertex -37.906226 0.700000 -104.356598
vertex -37.561921 0.700000 -104.057909
endloop
endfacet
facet normal -2.646833 8.641048 2.579320
outer loop
vertex -37.561921 3.000000 -104.057909
vertex -37.561921 0.700000 -104.057909
vertex -37.254228 3.000000 -103.723682
endloop
endfacet
facet normal -2.942551 8.461889 2.598634
outer loop
vertex -37.254228 3.000000 -103.723682
vertex -37.561921 0.700000 -104.057909
vertex -37.254228 0.700000 -103.723682
endloop
endfacet
facet normal -2.597074 8.951650 2.012433
outer loop
vertex -37.254228 3.000000 -103.723682
vertex -37.254228 0.700000 -103.723682
vertex -36.987023 3.000000 -103.358112
endloop
endfacet
facet normal -2.844160 8.827637 1.987220
outer loop
vertex -36.987023 3.000000 -103.358112
vertex -37.254228 0.700000 -103.723682
vertex -36.987023 0.700000 -103.358112
endloop
endfacet
facet normal -2.545703 9.152430 1.544270
outer loop
vertex -36.987023 3.000000 -103.358112
vertex -36.987023 0.700000 -103.358112
vertex -36.763662 3.000000 -102.965803
endloop
endfacet
facet normal -2.748631 9.064048 1.485498
outer loop
vertex -36.763662 3.000000 -102.965803
vertex -36.987023 0.700000 -103.358112
vertex -36.763662 0.700000 -102.965803
endloop
endfacet
facet normal -2.501528 9.282383 1.149239
outer loop
vertex -36.763662 3.000000 -102.965803
vertex -36.763662 0.700000 -102.965803
vertex -36.586953 3.000000 -102.551679
endloop
endfacet
facet normal -2.667322 9.216278 1.066742
outer loop
vertex -36.586953 3.000000 -102.551679
vertex -36.763662 0.700000 -102.965803
vertex -36.586953 0.700000 -102.551679
endloop
endfacet
facet normal -2.467953 9.365327 0.805521
outer loop
vertex -36.586953 3.000000 -102.551679
vertex -36.586953 0.700000 -102.551679
vertex -36.459123 3.000000 -102.120952
endloop
endfacet
facet normal -2.604287 9.312444 0.706489
outer loop
vertex -36.459123 3.000000 -102.120952
vertex -36.586953 0.700000 -102.551679
vertex -36.459123 0.700000 -102.120952
endloop
endfacet
facet normal -2.446026 9.415249 0.495615
outer loop
vertex -36.459123 3.000000 -102.120952
vertex -36.459123 0.700000 -102.120952
vertex -36.381776 3.000000 -101.679042
endloop
endfacet
facet normal -2.560458 9.369146 0.384394
outer loop
vertex -36.381776 3.000000 -101.679042
vertex -36.459123 0.700000 -102.120952
vertex -36.381776 0.700000 -101.679042
endloop
endfacet
facet normal -2.435935 9.439968 0.205278
outer loop
vertex -36.381776 3.000000 -101.679042
vertex -36.381776 0.700000 -101.679042
vertex -36.355884 3.000000 -101.231503
endloop
endfacet
facet normal -2.535631 9.395577 0.083548
outer loop
vertex -36.355884 3.000000 -101.231503
vertex -36.381776 0.700000 -101.679042
vertex -36.355884 0.700000 -101.231503
endloop
endfacet
facet normal -2.437655 9.443227 -0.077722
outer loop
vertex -36.355884 3.000000 -101.231503
vertex -36.355884 0.700000 -101.231503
vertex -36.381776 3.000000 -100.783973
endloop
endfacet
facet normal -2.529391 9.395885 -0.210815
outer loop
vertex -36.381776 3.000000 -100.783973
vertex -36.355884 0.700000 -101.231503
vertex -36.381776 0.700000 -100.783973
endloop
endfacet
facet normal -2.451337 9.425625 -0.364835
outer loop
vertex -36.381776 3.000000 -100.783973
vertex -36.381776 0.700000 -100.783973
vertex -36.459123 3.000000 -100.342064
endloop
endfacet
facet normal -2.541467 9.370247 -0.512750
outer loop
vertex -36.459123 3.000000 -100.342064
vertex -36.381776 0.700000 -100.783973
vertex -36.459123 0.700000 -100.342064
endloop
endfacet
facet normal -2.477317 9.384827 -0.667991
outer loop
vertex -36.459123 3.000000 -100.342064
vertex -36.459123 0.700000 -100.342064
vertex -36.586953 3.000000 -99.911336
endloop
endfacet
facet normal -2.571725 9.314932 -0.837100
outer loop
vertex -36.586953 3.000000 -99.911336
vertex -36.459123 0.700000 -100.342064
vertex -36.586953 0.700000 -99.911336
endloop
endfacet
facet normal -1.721380 9.543847 -0.625410
outer loop
vertex -36.586953 3.000000 -99.911336
vertex -36.586953 0.700000 -99.911336
vertex -36.763662 3.000000 -99.497212
endloop
endfacet
facet normal -1.825194 9.450238 -0.825440
outer loop
vertex -36.763662 3.000000 -99.497212
vertex -36.586953 0.700000 -99.911336
vertex -36.763662 0.700000 -99.497212
endloop
endfacet
facet normal -0.969816 9.703918 -0.506575
outer loop
vertex -36.763662 3.000000 -99.497212
vertex -36.763662 0.700000 -99.497212
vertex -36.987023 3.000000 -99.104903
endloop
endfacet
facet normal -1.881462 9.343720 -1.126668
outer loop
vertex -36.987023 3.000000 -99.104903
vertex -36.763662 0.700000 -99.497212
vertex -36.987023 0.700000 -99.104903
endloop
endfacet
facet normal -1.027489 9.637795 -0.697730
outer loop
vertex -36.987023 3.000000 -99.104903
vertex -36.987023 0.700000 -99.104903
vertex -37.254228 3.000000 -98.739333
endloop
endfacet
facet normal -1.961675 9.176909 -1.503018
outer loop
vertex -37.254228 3.000000 -98.739333
vertex -36.987023 0.700000 -99.104903
vertex -37.254228 0.700000 -98.739333
endloop
endfacet
facet normal -1.065604 9.536433 -0.911720
outer loop
vertex -37.254228 3.000000 -98.739333
vertex -37.254228 0.700000 -98.739333
vertex -37.561921 3.000000 -98.405106
endloop
endfacet
facet normal -2.006124 8.919901 -1.933234
outer loop
vertex -37.561921 3.000000 -98.405106
vertex -37.254228 0.700000 -98.739333
vertex -37.561921 0.700000 -98.405106
endloop
endfacet
facet normal -1.231644 9.356085 -1.347672
outer loop
vertex -37.561921 3.000000 -98.405106
vertex -37.561921 0.700000 -98.405106
vertex -37.906226 3.000000 -98.106417
endloop
endfacet
facet normal -2.200740 8.498154 -2.663198
outer loop
vertex -37.906226 3.000000 -98.106417
vertex -37.561921 0.700000 -98.405106
vertex -37.906226 0.700000 -98.106417
endloop
endfacet
facet normal -2.235896 7.947425 -3.220740
outer loop
vertex -37.906226 3.000000 -98.106417
vertex -37.906226 0.700000 -98.106417
vertex -38.282819 3.000000 -97.847034
endloop
endfacet
facet normal -3.029548 6.756648 -4.668008
outer loop
vertex -38.282819 3.000000 -97.847034
vertex -37.906226 0.700000 -98.106417
vertex -38.282819 0.700000 -97.847034
endloop
endfacet
facet normal -2.810038 6.634869 -4.925266
outer loop
vertex -38.282819 3.000000 -97.847034
vertex -38.282819 0.700000 -97.847034
vertex -38.686957 3.000000 -97.630215
endloop
endfacet
facet normal -2.678394 6.104288 -5.323390
outer loop
vertex -38.686957 3.000000 -97.630215
vertex -38.282819 0.700000 -97.847034
vertex -38.686957 0.700000 -97.630215
endloop
endfacet
facet normal -2.266414 6.468428 -5.232611
outer loop
vertex -38.686957 3.000000 -97.630215
vertex -38.686957 0.700000 -97.630215
vertex -39.113571 3.000000 -97.458672
endloop
endfacet
facet normal -2.208403 5.191415 -5.913188
outer loop
vertex -39.113571 3.000000 -97.458672
vertex -38.686957 0.700000 -97.630215
vertex -39.113571 0.700000 -97.458672
endloop
endfacet
facet normal -1.688328 6.125481 -5.470529
outer loop
vertex -39.113571 3.000000 -97.458672
vertex -39.113571 0.700000 -97.458672
vertex -39.557282 3.000000 -97.334586
endloop
endfacet
facet normal -1.611791 4.199459 -6.336315
outer loop
vertex -39.557282 3.000000 -97.334586
vertex -39.113571 0.700000 -97.458672
vertex -39.557282 0.700000 -97.334586
endloop
endfacet
facet normal -1.078470 5.747164 -5.602825
outer loop
vertex -39.557282 3.000000 -97.334586
vertex -39.557282 0.700000 -97.334586
vertex -40.012516 3.000000 -97.259503
endloop
endfacet
facet normal -0.929211 3.363157 -6.560700
outer loop
vertex -40.012516 3.000000 -97.259503
vertex -39.557282 0.700000 -97.334586
vertex -40.012516 0.700000 -97.259503
endloop
endfacet
facet normal -0.458432 5.461428 -5.641453
outer loop
vertex -40.012516 3.000000 -97.259503
vertex -40.012516 0.700000 -97.259503
vertex -40.473548 3.000000 -97.234369
endloop
endfacet
facet normal -0.212572 2.856590 -6.631997
outer loop
vertex -40.473548 3.000000 -97.234369
vertex -40.012516 0.700000 -97.259503
vertex -40.473548 0.700000 -97.234369
endloop
endfacet
facet normal 0.157406 5.335204 -5.623526
outer loop
vertex -40.473548 3.000000 -97.234369
vertex -40.473548 0.700000 -97.234369
vertex -40.934580 3.000000 -97.259503
endloop
endfacet
facet normal 0.508756 2.755483 -6.609035
outer loop
vertex -40.934580 3.000000 -97.259503
vertex -40.473548 0.700000 -97.234369
vertex -40.934580 0.700000 -97.259503
endloop
endfacet
facet normal 0.769009 5.388265 -5.571685
outer loop
vertex -40.934580 3.000000 -97.259503
vertex -40.934580 0.700000 -97.259503
vertex -41.389814 3.000000 -97.334586
endloop
endfacet
facet normal 1.222988 3.071837 -6.506732
outer loop
vertex -41.389814 3.000000 -97.334586
vertex -40.934580 0.700000 -97.259503
vertex -41.389814 0.700000 -97.334586
endloop
endfacet
facet normal 1.378864 5.615996 -5.477547
outer loop
vertex -41.389814 3.000000 -97.334586
vertex -41.389814 0.700000 -97.334586
vertex -41.833527 3.000000 -97.458672
endloop
endfacet
facet normal 1.908657 3.767558 -6.285535
outer loop
vertex -41.833527 3.000000 -97.458672
vertex -41.389814 0.700000 -97.334586
vertex -41.833527 0.700000 -97.458672
endloop
endfacet
facet normal 1.977177 5.980889 -5.307882
outer loop
vertex -41.833527 3.000000 -97.458672
vertex -41.833527 0.700000 -97.458672
vertex -42.260136 3.000000 -97.630215
endloop
endfacet
facet normal 2.517506 4.720787 -5.888031
outer loop
vertex -42.260136 3.000000 -97.630215
vertex -41.833527 0.700000 -97.458672
vertex -42.260136 0.700000 -97.630215
endloop
endfacet
facet normal 2.540086 6.386601 -5.034694
outer loop
vertex -42.260136 3.000000 -97.630215
vertex -42.260136 0.700000 -97.630215
vertex -42.664279 3.000000 -97.847034
endloop
endfacet
facet normal 2.996167 5.717077 -5.307454
outer loop
vertex -42.664279 3.000000 -97.847034
vertex -42.260136 0.700000 -97.630215
vertex -42.664279 0.700000 -97.847034
endloop
endfacet
facet normal 3.053315 6.692809 -4.672596
outer loop
vertex -42.664279 3.000000 -97.847034
vertex -42.664279 0.700000 -97.847034
vertex -43.040870 3.000000 -98.106417
endloop
endfacet
facet normal 3.332783 6.536149 -4.619388
outer loop
vertex -43.040870 3.000000 -98.106417
vertex -42.664279 0.700000 -97.847034
vertex -43.040870 0.700000 -98.106417
endloop
endfacet
facet normal 3.533844 6.783310 -4.271229
outer loop
vertex -43.040870 3.000000 -98.106417
vertex -43.040870 0.700000 -98.106417
vertex -43.385175 3.000000 -98.405106
endloop
endfacet
facet normal 3.568539 7.057026 -3.928544
outer loop
vertex -43.385175 3.000000 -98.405106
vertex -43.040870 0.700000 -98.106417
vertex -43.385175 0.700000 -98.405106
endloop
endfacet
facet normal 2.512006 8.075198 -2.583039
outer loop
vertex -43.385175 3.000000 -98.405106
vertex -43.385175 0.700000 -98.405106
vertex -43.692871 3.000000 -98.739333
endloop
endfacet
facet normal 2.257513 8.740137 -2.013930
outer loop
vertex -43.692871 3.000000 -98.739333
vertex -43.385175 0.700000 -98.405106
vertex -43.692871 0.700000 -98.739333
endloop
endfacet
facet normal 1.871262 9.255187 -1.400222
outer loop
vertex -43.692871 3.000000 -98.739333
vertex -43.692871 0.700000 -98.739333
vertex -43.960075 3.000000 -99.104903
endloop
endfacet
facet normal 2.803385 8.852921 -1.959719
outer loop
vertex -43.960075 3.000000 -99.104903
vertex -43.692871 0.700000 -98.739333
vertex -43.960075 0.700000 -99.104903
endloop
endfacet
facet normal 2.529089 9.164030 -1.529331
outer loop
vertex -43.960075 3.000000 -99.104903
vertex -43.960075 0.700000 -99.104903
vertex -44.183437 3.000000 -99.497212
endloop
endfacet
facet normal 2.772792 9.050363 -1.498057
outer loop
vertex -44.183437 3.000000 -99.497212
vertex -43.960075 0.700000 -99.104903
vertex -44.183437 0.700000 -99.497212
endloop
endfacet
facet normal 2.618991 9.218596 -1.197462
outer loop
vertex -44.183437 3.000000 -99.497212
vertex -44.183437 0.700000 -99.497212
vertex -44.360143 3.000000 -99.911336
endloop
endfacet
facet normal 2.760624 9.166177 -1.102403
outer loop
vertex -44.360143 3.000000 -99.911336
vertex -44.183437 0.700000 -99.497212
vertex -44.360143 0.700000 -99.911336
endloop
endfacet
facet normal 2.730519 9.225977 -0.884437
outer loop
vertex -44.360143 3.000000 -99.911336
vertex -44.360143 0.700000 -99.911336
vertex -44.487975 3.000000 -100.342064
endloop
endfacet
facet normal 2.773550 9.223195 -0.749743
outer loop
vertex -44.487975 3.000000 -100.342064
vertex -44.360143 0.700000 -99.911336
vertex -44.487975 0.700000 -100.342064
endloop
endfacet
facet normal 2.870776 9.188991 -0.573523
outer loop
vertex -44.487975 3.000000 -100.342064
vertex -44.487975 0.700000 -100.342064
vertex -44.565323 3.000000 -100.783973
endloop
endfacet
facet normal 2.815937 9.232140 -0.419052
outer loop
vertex -44.565323 3.000000 -100.783973
vertex -44.487975 0.700000 -100.342064
vertex -44.565323 0.700000 -100.783973
endloop
endfacet
facet normal 0.886392 9.348233 -0.186606
outer loop
vertex -44.565323 0.700000 -100.783973
vertex -36.381776 0.700000 -100.783973
vertex -44.591214 0.700000 -101.231503
endloop
endfacet
facet normal -0.870479 9.355682 -0.118075
outer loop
vertex -44.591214 0.700000 -101.231503
vertex -36.381776 0.700000 -100.783973
vertex -36.355884 0.700000 -101.231503
endloop
endfacet
facet normal 0.870496 9.355685 0.118073
outer loop
vertex -44.591214 0.700000 -101.231503
vertex -36.355884 0.700000 -101.231503
vertex -44.565323 0.700000 -101.679042
endloop
endfacet
facet normal -0.886392 9.348239 0.186603
outer loop
vertex -44.565323 0.700000 -101.679042
vertex -36.355884 0.700000 -101.231503
vertex -36.381776 0.700000 -101.679042
endloop
endfacet
facet normal 0.862639 9.333058 0.427263
outer loop
vertex -44.565323 0.700000 -101.679042
vertex -36.381776 0.700000 -101.679042
vertex -44.487975 0.700000 -102.120952
endloop
endfacet
facet normal -0.911123 9.309574 0.503323
outer loop
vertex -44.487975 0.700000 -102.120952
vertex -36.381776 0.700000 -101.679042
vertex -36.459123 0.700000 -102.120952
endloop
endfacet
facet normal 0.862107 9.276871 0.757920
outer loop
vertex -44.487975 0.700000 -102.120952
vertex -36.459123 0.700000 -102.120952
vertex -44.360143 0.700000 -102.551679
endloop
endfacet
facet normal -0.945488 9.233637 0.849865
outer loop
vertex -44.360143 0.700000 -102.551679
vertex -36.459123 0.700000 -102.120952
vertex -36.586953 0.700000 -102.551679
endloop
endfacet
facet normal 0.867944 9.178090 1.129075
outer loop
vertex -44.360143 0.700000 -102.551679
vertex -36.586953 0.700000 -102.551679
vertex -44.183437 0.700000 -102.965803
endloop
endfacet
facet normal -0.990224 9.107847 1.246919
outer loop
vertex -44.183437 0.700000 -102.965803
vertex -36.586953 0.700000 -102.551679
vertex -36.763662 0.700000 -102.965803
endloop
endfacet
facet normal 0.878673 9.019799 1.563373
outer loop
vertex -44.183437 0.700000 -102.965803
vertex -36.763662 0.700000 -102.965803
vertex -43.960075 0.700000 -103.358112
endloop
endfacet
facet normal -1.045529 8.909894 1.719454
outer loop
vertex -43.960075 0.700000 -103.358112
vertex -36.763662 0.700000 -102.965803
vertex -36.987023 0.700000 -103.358112
endloop
endfacet
facet normal 0.891447 8.772929 2.088039
outer loop
vertex -43.960075 0.700000 -103.358112
vertex -36.987023 0.700000 -103.358112
vertex -43.692871 0.700000 -103.723682
endloop
endfacet
facet normal -1.110113 8.602289 2.297032
outer loop
vertex -43.692871 0.700000 -103.723682
vertex -36.987023 0.700000 -103.358112
vertex -37.254228 0.700000 -103.723682
endloop
endfacet
facet normal 0.900635 8.389735 2.733531
outer loop
vertex -43.692871 0.700000 -103.723682
vertex -37.254228 0.700000 -103.723682
vertex -43.385175 0.700000 -104.057909
endloop
endfacet
facet normal -1.178889 8.125321 3.009919
outer loop
vertex -43.385175 0.700000 -104.057909
vertex -37.254228 0.700000 -103.723682
vertex -37.561921 0.700000 -104.057909
endloop
endfacet
facet normal 0.895695 7.797557 3.525150
outer loop
vertex -43.385175 0.700000 -104.057909
vertex -37.561921 0.700000 -104.057909
vertex -43.040870 0.700000 -104.356598
endloop
endfacet
facet normal -1.239462 7.394203 3.874661
outer loop
vertex -43.040870 0.700000 -104.356598
vertex -37.561921 0.700000 -104.057909
vertex -37.906226 0.700000 -104.356598
endloop
endfacet
facet normal 0.859232 6.904020 4.459981
outer loop
vertex -43.040870 0.700000 -104.356598
vertex -37.906226 0.700000 -104.356598
vertex -42.664279 0.700000 -104.615981
endloop
endfacet
facet normal -1.268784 6.319683 4.862020
outer loop
vertex -42.664279 0.700000 -104.615981
vertex -37.906226 0.700000 -104.356598
vertex -38.282819 0.700000 -104.615981
endloop
endfacet
facet normal 0.769864 5.641719 5.468187
outer loop
vertex -42.664279 0.700000 -104.615981
vertex -38.282819 0.700000 -104.615981
vertex -42.260136 0.700000 -104.832800
endloop
endfacet
facet normal -1.236980 4.882422 5.860430
outer loop
vertex -42.260136 0.700000 -104.832800
vertex -38.282819 0.700000 -104.615981
vertex -38.686957 0.700000 -104.832800
endloop
endfacet
facet normal 0.613532 4.067938 6.396231
outer loop
vertex -42.260136 0.700000 -104.832800
vertex -38.686957 0.700000 -104.832800
vertex -41.833527 0.700000 -105.004333
endloop
endfacet
facet normal -1.123048 3.236759 6.696613
outer loop
vertex -41.833527 0.700000 -105.004333
vertex -38.686957 0.700000 -104.832800
vertex -39.113571 0.700000 -105.004333
endloop
endfacet
facet normal 0.395296 2.434215 7.079364
outer loop
vertex -41.833527 0.700000 -105.004333
vertex -39.113571 0.700000 -105.004333
vertex -41.389814 0.700000 -105.128429
endloop
endfacet
facet normal -0.930650 1.704908 7.248445
outer loop
vertex -41.389814 0.700000 -105.128429
vertex -39.113571 0.700000 -105.004333
vertex -39.557282 0.700000 -105.128429
endloop
endfacet
facet normal 0.136619 1.086151 7.463265
outer loop
vertex -41.389814 0.700000 -105.128429
vertex -39.557282 0.700000 -105.128429
vertex -40.934580 0.700000 -105.203512
endloop
endfacet
facet normal -0.685526 0.604668 7.529535
outer loop
vertex -40.934580 0.700000 -105.203512
vertex -39.557282 0.700000 -105.128429
vertex -40.012516 0.700000 -105.203512
endloop
endfacet
facet normal -0.138778 0.276869 7.617506
outer loop
vertex -40.934580 0.700000 -105.203512
vertex -40.012516 0.700000 -105.203512
vertex -40.473548 0.700000 -105.228647
endloop
endfacet
facet normal -0.862651 9.333058 -0.427262
outer loop
vertex -36.381776 0.700000 -100.783973
vertex -44.565323 0.700000 -100.783973
vertex -36.459123 0.700000 -100.342064
endloop
endfacet
facet normal 0.911117 9.309577 -0.503322
outer loop
vertex -36.459123 0.700000 -100.342064
vertex -44.565323 0.700000 -100.783973
vertex -44.487975 0.700000 -100.342064
endloop
endfacet
facet normal -0.862107 9.276870 -0.757920
outer loop
vertex -36.459123 0.700000 -100.342064
vertex -44.487975 0.700000 -100.342064
vertex -36.586953 0.700000 -99.911336
endloop
endfacet
facet normal 0.945488 9.233636 -0.849870
outer loop
vertex -36.586953 0.700000 -99.911336
vertex -44.487975 0.700000 -100.342064
vertex -44.360143 0.700000 -99.911336
endloop
endfacet
facet normal -0.867944 9.178089 -1.129080
outer loop
vertex -36.586953 0.700000 -99.911336
vertex -44.360143 0.700000 -99.911336
vertex -36.763662 0.700000 -99.497212
endloop
endfacet
facet normal 0.990224 9.107848 -1.246919
outer loop
vertex -36.763662 0.700000 -99.497212
vertex -44.360143 0.700000 -99.911336
vertex -44.183437 0.700000 -99.497212
endloop
endfacet
facet normal -0.878672 9.019799 -1.563371
outer loop
vertex -36.763662 0.700000 -99.497212
vertex -44.183437 0.700000 -99.497212
vertex -36.987023 0.700000 -99.104903
endloop
endfacet
facet normal 1.045529 8.909895 -1.719450
outer loop
vertex -36.987023 0.700000 -99.104903
vertex -44.183437 0.700000 -99.497212
vertex -43.960075 0.700000 -99.104903
endloop
endfacet
facet normal -0.891447 8.772930 -2.088035
outer loop
vertex -36.987023 0.700000 -99.104903
vertex -43.960075 0.700000 -99.104903
vertex -37.254228 0.700000 -98.739333
endloop
endfacet
facet normal 1.110112 8.602290 -2.297030
outer loop
vertex -37.254228 0.700000 -98.739333
vertex -43.960075 0.700000 -99.104903
vertex -43.692871 0.700000 -98.739333
endloop
endfacet
facet normal -0.900637 8.389737 -2.733527
outer loop
vertex -37.254228 0.700000 -98.739333
vertex -43.692871 0.700000 -98.739333
vertex -37.561921 0.700000 -98.405106
endloop
endfacet
facet normal 1.178887 8.125319 -3.009924
outer loop
vertex -37.561921 0.700000 -98.405106
vertex -43.692871 0.700000 -98.739333
vertex -43.385175 0.700000 -98.405106
endloop
endfacet
facet normal -0.895696 7.797552 -3.525157
outer loop
vertex -37.561921 0.700000 -98.405106
vertex -43.385175 0.700000 -98.405106
vertex -37.906226 0.700000 -98.106417
endloop
endfacet
facet normal 1.239463 7.394199 -3.874668
outer loop
vertex -37.906226 0.700000 -98.106417
vertex -43.385175 0.700000 -98.405106
vertex -43.040870 0.700000 -98.106417
endloop
endfacet
facet normal -0.859233 6.904024 -4.459977
outer loop
vertex -37.906226 0.700000 -98.106417
vertex -43.040870 0.700000 -98.106417
vertex -38.282819 0.700000 -97.847034
endloop
endfacet
facet normal 1.268782 6.319690 -4.862012
outer loop
vertex -38.282819 0.700000 -97.847034
vertex -43.040870 0.700000 -98.106417
vertex -42.664279 0.700000 -97.847034
endloop
endfacet
facet normal -0.769889 5.641732 -5.468167
outer loop
vertex -38.282819 0.700000 -97.847034
vertex -42.664279 0.700000 -97.847034
vertex -38.686957 0.700000 -97.630215
endloop
endfacet
facet normal 1.236963 4.882459 -5.860402
outer loop
vertex -38.686957 0.700000 -97.630215
vertex -42.664279 0.700000 -97.847034
vertex -42.260136 0.700000 -97.630215
endloop
endfacet
facet normal -0.613531 4.068002 -6.396202
outer loop
vertex -38.686957 0.700000 -97.630215
vertex -42.260136 0.700000 -97.630215
vertex -39.113571 0.700000 -97.458672
endloop
endfacet
facet normal 1.123092 3.236805 -6.696592
outer loop
vertex -39.113571 0.700000 -97.458672
vertex -42.260136 0.700000 -97.630215
vertex -41.833527 0.700000 -97.458672
endloop
endfacet
facet normal -0.395242 2.434197 -7.079365
outer loop
vertex -39.113571 0.700000 -97.458672
vertex -41.833527 0.700000 -97.458672
vertex -39.557282 0.700000 -97.334586
endloop
endfacet
facet normal 0.930650 1.704849 -7.248458
outer loop
vertex -39.557282 0.700000 -97.334586
vertex -41.833527 0.700000 -97.458672
vertex -41.389814 0.700000 -97.334586
endloop
endfacet
facet normal -0.136640 1.086104 -7.463283
outer loop
vertex -39.557282 0.700000 -97.334586
vertex -41.389814 0.700000 -97.334586
vertex -40.012516 0.700000 -97.259503
endloop
endfacet
facet normal 0.685490 0.604654 -7.529545
outer loop
vertex -40.012516 0.700000 -97.259503
vertex -41.389814 0.700000 -97.334586
vertex -40.934580 0.700000 -97.259503
endloop
endfacet
facet normal 0.138778 0.276869 -7.617506
outer loop
vertex -40.012516 0.700000 -97.259503
vertex -40.934580 0.700000 -97.259503
vertex -40.473548 0.700000 -97.234369
endloop
endfacet
facet normal 2.300324 9.191750 -0.114189
outer loop
vertex 52.529478 3.000000 -31.048932
vertex 52.529478 0.700000 -31.048932
vertex 52.503591 3.000000 -31.496469
endloop
endfacet
facet normal 3.160298 8.977842 -0.095586
outer loop
vertex 52.503591 3.000000 -31.496469
vertex 52.529478 0.700000 -31.048932
vertex 52.503591 0.700000 -31.496469
endloop
endfacet
facet normal 3.321767 8.885034 0.090727
outer loop
vertex 52.503591 3.000000 -31.496469
vertex 52.503591 0.700000 -31.496469
vertex 52.529478 3.000000 -31.944006
endloop
endfacet
facet normal 2.788836 9.255428 0.235857
outer loop
vertex 52.529478 3.000000 -31.944006
vertex 52.503591 0.700000 -31.496469
vertex 52.529478 0.700000 -31.944006
endloop
endfacet
facet normal 2.736104 9.272872 0.395325
outer loop
vertex 52.529478 3.000000 -31.944006
vertex 52.529478 0.700000 -31.944006
vertex 52.606825 3.000000 -32.385915
endloop
endfacet
facet normal 2.566789 9.357952 0.518194
outer loop
vertex 52.606825 3.000000 -32.385915
vertex 52.529478 0.700000 -31.944006
vertex 52.606825 0.700000 -32.385915
endloop
endfacet
facet normal 2.363747 9.437447 0.626363
outer loop
vertex 52.606825 3.000000 -32.385915
vertex 52.606825 0.700000 -32.385915
vertex 52.734658 3.000000 -32.816640
endloop
endfacet
facet normal 2.432827 9.379850 0.790027
outer loop
vertex 52.734658 3.000000 -32.816640
vertex 52.606825 0.700000 -32.385915
vertex 52.734658 0.700000 -32.816640
endloop
endfacet
facet normal 2.112606 9.505829 0.828842
outer loop
vertex 52.734658 3.000000 -32.816640
vertex 52.734658 0.700000 -32.816640
vertex 52.911364 3.000000 -33.230762
endloop
endfacet
facet normal 2.355319 9.347301 1.075948
outer loop
vertex 52.911364 3.000000 -33.230762
vertex 52.734658 0.700000 -32.816640
vertex 52.911364 0.700000 -33.230762
endloop
endfacet
facet normal 1.935127 9.518890 1.027206
outer loop
vertex 52.911364 3.000000 -33.230762
vertex 52.911364 0.700000 -33.230762
vertex 53.134725 3.000000 -33.623073
endloop
endfacet
facet normal 2.316648 9.261628 1.396795
outer loop
vertex 53.134725 3.000000 -33.623073
vertex 52.911364 0.700000 -33.230762
vertex 53.134725 0.700000 -33.623073
endloop
endfacet
facet normal 1.805069 9.487793 1.238502
outer loop
vertex 53.134725 3.000000 -33.623073
vertex 53.134725 0.700000 -33.623073
vertex 53.401935 3.000000 -33.988643
endloop
endfacet
facet normal 2.304070 9.108997 1.773668
outer loop
vertex 53.401935 3.000000 -33.988643
vertex 53.134725 0.700000 -33.623073
vertex 53.401935 0.700000 -33.988643
endloop
endfacet
facet normal 1.705290 9.408853 1.477363
outer loop
vertex 53.401935 3.000000 -33.988643
vertex 53.401935 0.700000 -33.988643
vertex 53.709625 3.000000 -34.322871
endloop
endfacet
facet normal 2.303411 8.860233 2.228232
outer loop
vertex 53.709625 3.000000 -34.322871
vertex 53.401935 0.700000 -33.988643
vertex 53.709625 0.700000 -34.322871
endloop
endfacet
facet normal 1.361584 9.321083 1.434608
outer loop
vertex 53.709625 3.000000 -34.322871
vertex 53.709625 0.700000 -34.322871
vertex 54.053931 3.000000 -34.621557
endloop
endfacet
facet normal 2.033397 8.522823 2.455129
outer loop
vertex 54.053931 3.000000 -34.621557
vertex 53.709625 0.700000 -34.322871
vertex 54.053931 0.700000 -34.621557
endloop
endfacet
facet normal 1.259260 9.095574 1.739369
outer loop
vertex 54.053931 3.000000 -34.621557
vertex 54.053931 0.700000 -34.621557
vertex 54.430519 3.000000 -34.880943
endloop
endfacet
facet normal 2.220263 7.880130 3.394697
outer loop
vertex 54.430519 3.000000 -34.880943
vertex 54.053931 0.700000 -34.621557
vertex 54.430519 0.700000 -34.880943
endloop
endfacet
facet normal 1.382744 8.698764 2.390913
outer loop
vertex 54.430519 3.000000 -34.880943
vertex 54.430519 0.700000 -34.880943
vertex 54.834667 3.000000 -35.097766
endloop
endfacet
facet normal 2.060376 7.044712 4.062342
outer loop
vertex 54.834667 3.000000 -35.097766
vertex 54.430519 0.700000 -34.880943
vertex 54.834667 0.700000 -35.097766
endloop
endfacet
facet normal 1.200894 8.223718 2.729255
outer loop
vertex 54.834667 3.000000 -35.097766
vertex 54.834667 0.700000 -35.097766
vertex 55.261273 3.000000 -35.269300
endloop
endfacet
facet normal 1.760887 6.006256 4.670890
outer loop
vertex 55.261273 3.000000 -35.269300
vertex 54.834667 0.700000 -35.097766
vertex 55.261273 0.700000 -35.269300
endloop
endfacet
facet normal 0.946613 7.670667 3.006168
outer loop
vertex 55.261273 3.000000 -35.269300
vertex 55.261273 0.700000 -35.269300
vertex 55.704989 3.000000 -35.393390
endloop
endfacet
facet normal 1.317584 4.929801 5.114260
outer loop
vertex 55.704989 3.000000 -35.393390
vertex 55.261273 0.700000 -35.269300
vertex 55.704989 0.700000 -35.393390
endloop
endfacet
facet normal 0.630524 7.153909 3.177966
outer loop
vertex 55.704989 3.000000 -35.393390
vertex 55.704989 0.700000 -35.393390
vertex 56.160218 3.000000 -35.468474
endloop
endfacet
facet normal 0.775475 4.039543 5.357901
outer loop
vertex 56.160218 3.000000 -35.468474
vertex 55.704989 0.700000 -35.393390
vertex 56.160218 0.700000 -35.468474
endloop
endfacet
facet normal 0.283139 6.784290 3.253039
outer loop
vertex 56.160218 3.000000 -35.468474
vertex 56.160218 0.700000 -35.468474
vertex 56.621253 3.000000 -35.493605
endloop
endfacet
facet normal 0.191022 3.503082 5.446379
outer loop
vertex 56.621253 3.000000 -35.493605
vertex 56.160218 0.700000 -35.468474
vertex 56.621253 0.700000 -35.493605
endloop
endfacet
facet normal -0.072384 6.619069 3.267062
outer loop
vertex 56.621253 3.000000 -35.493605
vertex 56.621253 0.700000 -35.493605
vertex 57.082287 3.000000 -35.468474
endloop
endfacet
facet normal -0.402183 3.392851 5.438191
outer loop
vertex 57.082287 3.000000 -35.468474
vertex 56.621253 0.700000 -35.493605
vertex 57.082287 0.700000 -35.468474
endloop
endfacet
facet normal -0.427873 6.673625 3.242600
outer loop
vertex 57.082287 3.000000 -35.468474
vertex 57.082287 0.700000 -35.468474
vertex 57.537522 3.000000 -35.393390
endloop
endfacet
facet normal -0.988433 3.719833 5.348486
outer loop
vertex 57.537522 3.000000 -35.393390
vertex 57.082287 0.700000 -35.468474
vertex 57.537522 0.700000 -35.393390
endloop
endfacet
facet normal -0.777924 6.943518 3.172213
outer loop
vertex 57.537522 3.000000 -35.393390
vertex 57.537522 0.700000 -35.393390
vertex 57.981232 3.000000 -35.269300
endloop
endfacet
facet normal -1.542260 4.447089 5.138451
outer loop
vertex 57.981232 3.000000 -35.269300
vertex 57.537522 0.700000 -35.393390
vertex 57.981232 0.700000 -35.269300
endloop
endfacet
facet normal -1.104869 7.395946 3.024746
outer loop
vertex 57.981232 3.000000 -35.269300
vertex 57.981232 0.700000 -35.269300
vertex 58.407843 3.000000 -35.097766
endloop
endfacet
facet normal -2.011596 5.456298 4.751989
outer loop
vertex 58.407843 3.000000 -35.097766
vertex 57.981232 0.700000 -35.269300
vertex 58.407843 0.700000 -35.097766
endloop
endfacet
facet normal -1.377409 7.944747 2.775695
outer loop
vertex 58.407843 3.000000 -35.097766
vertex 58.407843 0.700000 -35.097766
vertex 58.811981 3.000000 -34.880943
endloop
endfacet
facet normal -2.339388 6.539705 4.184497
outer loop
vertex 58.811981 3.000000 -34.880943
vertex 58.407843 0.700000 -35.097766
vertex 58.811981 0.700000 -34.880943
endloop
endfacet
facet normal -1.574211 8.467154 2.445621
outer loop
vertex 58.811981 3.000000 -34.880943
vertex 58.811981 0.700000 -34.880943
vertex 59.188575 3.000000 -34.621557
endloop
endfacet
facet normal -2.510467 7.487865 3.515361
outer loop
vertex 59.188575 3.000000 -34.621557
vertex 58.811981 0.700000 -34.880943
vertex 59.188575 0.700000 -34.621557
endloop
endfacet
facet normal -1.708204 8.874375 2.094219
outer loop
vertex 59.188575 3.000000 -34.621557
vertex 59.188575 0.700000 -34.621557
vertex 59.532880 3.000000 -34.322871
endloop
endfacet
facet normal -2.565218 8.196392 2.855552
outer loop
vertex 59.532880 3.000000 -34.322871
vertex 59.188575 0.700000 -34.621557
vertex 59.532880 0.700000 -34.322871
endloop
endfacet
facet normal -1.817823 9.146831 1.773907
outer loop
vertex 59.532880 3.000000 -34.322871
vertex 59.532880 0.700000 -34.322871
vertex 59.840575 3.000000 -33.988643
endloop
endfacet
facet normal -2.566648 8.672404 2.277796
outer loop
vertex 59.840575 3.000000 -33.988643
vertex 59.532880 0.700000 -34.322871
vertex 59.840575 0.700000 -33.988643
endloop
endfacet
facet normal -1.946760 9.303057 1.506495
outer loop
vertex 59.840575 3.000000 -33.988643
vertex 59.840575 0.700000 -33.988643
vertex 60.107780 3.000000 -33.623073
endloop
endfacet
facet normal -2.569751 8.968519 1.802129
outer loop
vertex 60.107780 3.000000 -33.623073
vertex 59.840575 0.700000 -33.988643
vertex 60.107780 0.700000 -33.623073
endloop
endfacet
facet normal -2.336777 9.255085 1.393230
outer loop
vertex 60.107780 3.000000 -33.623073
vertex 60.107780 0.700000 -33.623073
vertex 60.331141 3.000000 -33.230762
endloop
endfacet
facet normal -2.814112 9.025822 1.519544
outer loop
vertex 60.331141 3.000000 -33.230762
vertex 60.107780 0.700000 -33.623073
vertex 60.331141 0.700000 -33.230762
endloop
endfacet
facet normal -1.846256 9.430504 0.907778
outer loop
vertex 60.331141 3.000000 -33.230762
vertex 60.331141 0.700000 -33.230762
vertex 60.507847 3.000000 -32.816640
endloop
endfacet
facet normal -1.946567 9.402628 0.791232
outer loop
vertex 60.507847 3.000000 -32.816640
vertex 60.331141 0.700000 -33.230762
vertex 60.507847 0.700000 -32.816640
endloop
endfacet
facet normal -1.678814 9.582130 0.512547
outer loop
vertex 60.507847 3.000000 -32.816640
vertex 60.507847 0.700000 -32.816640
vertex 60.635680 3.000000 -32.385915
endloop
endfacet
facet normal -2.535900 9.342899 0.689026
outer loop
vertex 60.635680 3.000000 -32.385915
vertex 60.507847 0.700000 -32.816640
vertex 60.635680 0.700000 -32.385915
endloop
endfacet
facet normal -2.573067 9.344986 0.504656
outer loop
vertex 60.635680 3.000000 -32.385915
vertex 60.635680 0.700000 -32.385915
vertex 60.713027 3.000000 -31.944006
endloop
endfacet
facet normal -2.755884 9.268428 0.410905
outer loop
vertex 60.713027 3.000000 -31.944006
vertex 60.635680 0.700000 -32.385915
vertex 60.713027 0.700000 -31.944006
endloop
endfacet
facet normal -3.335179 8.845123 0.245360
outer loop
vertex 60.713027 3.000000 -31.944006
vertex 60.713027 0.700000 -31.944006
vertex 60.738919 3.000000 -31.496469
endloop
endfacet
facet normal -3.239454 8.901448 0.097121
outer loop
vertex 60.738919 3.000000 -31.496469
vertex 60.713027 0.700000 -31.944006
vertex 60.738919 0.700000 -31.496469
endloop
endfacet
facet normal -2.369696 9.122796 0.010393
outer loop
vertex 60.738919 3.000000 -31.496469
vertex 60.738919 0.700000 -31.496469
vertex 60.713027 3.000000 -31.048932
endloop
endfacet
facet normal -1.757609 9.569584 -0.136271
outer loop
vertex 60.713027 3.000000 -31.048932
vertex 60.738919 0.700000 -31.496469
vertex 60.713027 0.700000 -31.048932
endloop
endfacet
facet normal -1.364216 9.717685 -0.222520
outer loop
vertex 60.713027 3.000000 -31.048932
vertex 60.713027 0.700000 -31.048932
vertex 60.635680 3.000000 -30.607022
endloop
endfacet
facet normal -2.226127 9.488608 -0.444982
outer loop
vertex 60.635680 3.000000 -30.607022
vertex 60.713027 0.700000 -31.048932
vertex 60.635680 0.700000 -30.607022
endloop
endfacet
facet normal -1.704737 9.668126 -0.445239
outer loop
vertex 60.635680 3.000000 -30.607022
vertex 60.635680 0.700000 -30.607022
vertex 60.507847 3.000000 -30.176300
endloop
endfacet
facet normal -2.114480 9.479871 -0.682120
outer loop
vertex 60.507847 3.000000 -30.176300
vertex 60.635680 0.700000 -30.607022
vertex 60.507847 0.700000 -30.176300
endloop
endfacet
facet normal -1.259149 9.708861 -0.468067
outer loop
vertex 60.507847 3.000000 -30.176300
vertex 60.507847 0.700000 -30.176300
vertex 60.331141 3.000000 -29.762176
endloop
endfacet
facet normal -1.820209 9.450312 -0.823079
outer loop
vertex 60.331141 3.000000 -29.762176
vertex 60.507847 0.700000 -30.176300
vertex 60.331141 0.700000 -29.762176
endloop
endfacet
facet normal -1.121452 9.690942 -0.601431
outer loop
vertex 60.331141 3.000000 -29.762176
vertex 60.331141 0.700000 -29.762176
vertex 60.107780 3.000000 -29.369865
endloop
endfacet
facet normal -2.038086 9.330670 -1.223879
outer loop
vertex 60.107780 3.000000 -29.369865
vertex 60.331141 0.700000 -29.762176
vertex 60.107780 0.700000 -29.369865
endloop
endfacet
facet normal -1.281454 9.615921 -0.871887
outer loop
vertex 60.107780 3.000000 -29.369865
vertex 60.107780 0.700000 -29.369865
vertex 59.840575 3.000000 -29.004295
endloop
endfacet
facet normal -2.059015 9.168086 -1.579962
outer loop
vertex 59.840575 3.000000 -29.004295
vertex 60.107780 0.700000 -29.369865
vertex 59.840575 0.700000 -29.004295
endloop
endfacet
facet normal -1.246574 9.520323 -1.071653
outer loop
vertex 59.840575 3.000000 -29.004295
vertex 59.840575 0.700000 -29.004295
vertex 59.532880 3.000000 -28.670067
endloop
endfacet
facet normal -2.089749 8.912614 -2.016228
outer loop
vertex 59.532880 3.000000 -28.670067
vertex 59.840575 0.700000 -29.004295
vertex 59.532880 0.700000 -28.670067
endloop
endfacet
facet normal -1.222999 9.367057 -1.315943
outer loop
vertex 59.532880 3.000000 -28.670067
vertex 59.532880 0.700000 -28.670067
vertex 59.188575 3.000000 -28.371381
endloop
endfacet
facet normal -2.108470 8.516406 -2.548486
outer loop
vertex 59.188575 3.000000 -28.371381
vertex 59.532880 0.700000 -28.670067
vertex 59.188575 0.700000 -28.371381
endloop
endfacet
facet normal -1.193132 9.128305 -1.610565
outer loop
vertex 59.188575 3.000000 -28.371381
vertex 59.188575 0.700000 -28.371381
vertex 58.811981 3.000000 -28.111995
endloop
endfacet
facet normal -2.079059 7.919279 -3.172541
outer loop
vertex 58.811981 3.000000 -28.111995
vertex 59.188575 0.700000 -28.371381
vertex 58.811981 0.700000 -28.111995
endloop
endfacet
facet normal -1.132242 8.772705 -1.945714
outer loop
vertex 58.811981 3.000000 -28.111995
vertex 58.811981 0.700000 -28.111995
vertex 58.407843 3.000000 -27.895174
endloop
endfacet
facet normal -1.951082 7.079502 -3.839301
outer loop
vertex 58.407843 3.000000 -27.895174
vertex 58.811981 0.700000 -28.111995
vertex 58.407843 0.700000 -27.895174
endloop
endfacet
facet normal -1.010905 8.290399 -2.282200
outer loop
vertex 58.407843 3.000000 -27.895174
vertex 58.407843 0.700000 -27.895174
vertex 57.981232 3.000000 -27.723638
endloop
endfacet
facet normal -1.680204 6.038166 -4.446864
outer loop
vertex 57.981232 3.000000 -27.723638
vertex 58.407843 0.700000 -27.895174
vertex 57.981232 0.700000 -27.723638
endloop
endfacet
facet normal -0.811806 7.732622 -2.557356
outer loop
vertex 57.981232 3.000000 -27.723638
vertex 57.981232 0.700000 -27.723638
vertex 57.537522 3.000000 -27.599547
endloop
endfacet
facet normal -1.263468 4.959852 -4.889470
outer loop
vertex 57.537522 3.000000 -27.599547
vertex 57.981232 0.700000 -27.723638
vertex 57.537522 0.700000 -27.599547
endloop
endfacet
facet normal -0.547635 7.212882 -2.728112
outer loop
vertex 57.537522 3.000000 -27.599547
vertex 57.537522 0.700000 -27.599547
vertex 57.082287 3.000000 -27.524464
endloop
endfacet
facet normal -0.746704 4.068476 -5.132832
outer loop
vertex 57.082287 3.000000 -27.524464
vertex 57.537522 0.700000 -27.599547
vertex 57.082287 0.700000 -27.524464
endloop
endfacet
facet normal -0.250288 6.841678 -2.803268
outer loop
vertex 57.082287 3.000000 -27.524464
vertex 57.082287 0.700000 -27.524464
vertex 56.621253 3.000000 -27.499332
endloop
endfacet
facet normal -0.186938 3.531534 -5.221677
outer loop
vertex 56.621253 3.000000 -27.499332
vertex 57.082287 0.700000 -27.524464
vertex 56.621253 0.700000 -27.499332
endloop
endfacet
facet normal 0.056119 6.676051 -2.818775
outer loop
vertex 56.621253 3.000000 -27.499332
vertex 56.621253 0.700000 -27.499332
vertex 56.160218 3.000000 -27.524464
endloop
endfacet
facet normal 0.381837 3.421381 -5.214606
outer loop
vertex 56.160218 3.000000 -27.524464
vertex 56.621253 0.700000 -27.499332
vertex 56.160218 0.700000 -27.524464
endloop
endfacet
facet normal 0.362627 6.731326 -2.797314
outer loop
vertex 56.160218 3.000000 -27.524464
vertex 56.160218 0.700000 -27.524464
vertex 55.704989 3.000000 -27.599547
endloop
endfacet
facet normal 0.943533 3.749004 -5.126786
outer loop
vertex 55.704989 3.000000 -27.599547
vertex 56.160218 0.700000 -27.524464
vertex 55.704989 0.700000 -27.599547
endloop
endfacet
facet normal 0.663042 7.003145 -2.731422
outer loop
vertex 55.704989 3.000000 -27.599547
vertex 55.704989 0.700000 -27.599547
vertex 55.261273 3.000000 -27.723638
endloop
endfacet
facet normal 1.472289 4.477552 -4.919356
outer loop
vertex 55.261273 3.000000 -27.723638
vertex 55.704989 0.700000 -27.599547
vertex 55.261273 0.700000 -27.723638
endloop
endfacet
facet normal 0.938768 7.458957 -2.589764
outer loop
vertex 55.261273 3.000000 -27.723638
vertex 55.261273 0.700000 -27.723638
vertex 54.834667 3.000000 -27.895174
endloop
endfacet
facet normal 1.915462 5.488846 -4.536106
outer loop
vertex 54.834667 3.000000 -27.895174
vertex 55.261273 0.700000 -27.723638
vertex 54.834667 0.700000 -27.895174
endloop
endfacet
facet normal 1.157115 8.013025 -2.347564
outer loop
vertex 54.834667 3.000000 -27.895174
vertex 54.834667 0.700000 -27.895174
vertex 54.430519 3.000000 -28.111995
endloop
endfacet
facet normal 2.215226 6.575429 -3.972258
outer loop
vertex 54.430519 3.000000 -28.111995
vertex 54.834667 0.700000 -27.895174
vertex 54.430519 0.700000 -28.111995
endloop
endfacet
facet normal 1.294807 8.543434 -2.024932
outer loop
vertex 54.430519 3.000000 -28.111995
vertex 54.430519 0.700000 -28.111995
vertex 54.053931 3.000000 -28.371381
endloop
endfacet
facet normal 2.355213 7.528411 -3.306920
outer loop
vertex 54.053931 3.000000 -28.371381
vertex 54.430519 0.700000 -28.111995
vertex 54.053931 0.700000 -28.371381
endloop
endfacet
facet normal 1.361506 8.962871 -1.681030
outer loop
vertex 54.053931 3.000000 -28.371381
vertex 54.053931 0.700000 -28.371381
vertex 53.709625 3.000000 -28.670067
endloop
endfacet
facet normal 2.373776 8.244343 -2.650794
outer loop
vertex 53.709625 3.000000 -28.670067
vertex 54.053931 0.700000 -28.371381
vertex 53.709625 0.700000 -28.670067
endloop
endfacet
facet normal 1.390255 9.254570 -1.367608
outer loop
vertex 53.709625 3.000000 -28.670067
vertex 53.709625 0.700000 -28.670067
vertex 53.401935 3.000000 -29.004295
endloop
endfacet
facet normal 2.330525 8.732198 -2.076245
outer loop
vertex 53.401935 3.000000 -29.004295
vertex 53.709625 0.700000 -28.670067
vertex 53.401935 0.700000 -29.004295
endloop
endfacet
facet normal 1.415088 9.443001 -1.105609
outer loop
vertex 53.401935 3.000000 -29.004295
vertex 53.401935 0.700000 -29.004295
vertex 53.134725 3.000000 -29.369865
endloop
endfacet
facet normal 2.274204 9.048672 -1.602793
outer loop
vertex 53.134725 3.000000 -29.369865
vertex 53.401935 0.700000 -29.004295
vertex 53.134725 0.700000 -29.369865
endloop
endfacet
facet normal 1.464846 9.557512 -0.894130
outer loop
vertex 53.134725 3.000000 -29.369865
vertex 53.134725 0.700000 -29.369865
vertex 52.911364 3.000000 -29.762176
endloop
endfacet
facet normal 2.237729 9.248092 -1.219788
outer loop
vertex 52.911364 3.000000 -29.762176
vertex 53.134725 0.700000 -29.369865
vertex 52.911364 0.700000 -29.762176
endloop
endfacet
facet normal 1.574368 9.615214 -0.724411
outer loop
vertex 52.911364 3.000000 -29.762176
vertex 52.911364 0.700000 -29.762176
vertex 52.734658 3.000000 -30.176300
endloop
endfacet
facet normal 2.251060 9.365066 -0.907624
outer loop
vertex 52.734658 3.000000 -30.176300
vertex 52.911364 0.700000 -29.762176
vertex 52.734658 0.700000 -30.176300
endloop
endfacet
facet normal 1.304189 9.689275 -0.455423
outer loop
vertex 52.734658 3.000000 -30.176300
vertex 52.734658 0.700000 -30.176300
vertex 52.606825 3.000000 -30.607022
endloop
endfacet
facet normal 1.856781 9.487605 -0.515509
outer loop
vertex 52.606825 3.000000 -30.607022
vertex 52.734658 0.700000 -30.176300
vertex 52.606825 0.700000 -30.607022
endloop
endfacet
facet normal 0.938252 9.759923 -0.201508
outer loop
vertex 52.606825 3.000000 -30.607022
vertex 52.606825 0.700000 -30.607022
vertex 52.529478 3.000000 -31.048932
endloop
endfacet
facet normal 1.800187 9.538659 -0.281267
outer loop
vertex 52.529478 3.000000 -31.048932
vertex 52.606825 0.700000 -30.607022
vertex 52.529478 0.700000 -31.048932
endloop
endfacet
facet normal 0.886394 9.348237 -0.186601
outer loop
vertex 52.529478 0.700000 -31.048932
vertex 60.713027 0.700000 -31.048932
vertex 52.503591 0.700000 -31.496469
endloop
endfacet
facet normal -0.870486 9.355684 -0.118077
outer loop
vertex 52.503591 0.700000 -31.496469
vertex 60.713027 0.700000 -31.048932
vertex 60.738919 0.700000 -31.496469
endloop
endfacet
facet normal 0.870486 9.355685 0.118067
outer loop
vertex 52.503591 0.700000 -31.496469
vertex 60.738919 0.700000 -31.496469
vertex 52.529478 0.700000 -31.944006
endloop
endfacet
facet normal -0.886394 9.348236 0.186601
outer loop
vertex 52.529478 0.700000 -31.944006
vertex 60.738919 0.700000 -31.496469
vertex 60.713027 0.700000 -31.944006
endloop
endfacet
facet normal 0.862641 9.333059 0.427260
outer loop
vertex 52.529478 0.700000 -31.944006
vertex 60.713027 0.700000 -31.944006
vertex 52.606825 0.700000 -32.385915
endloop
endfacet
facet normal -0.911124 9.309575 0.503326
outer loop
vertex 52.606825 0.700000 -32.385915
vertex 60.713027 0.700000 -31.944006
vertex 60.635680 0.700000 -32.385915
endloop
endfacet
facet normal 0.862104 9.276870 0.757925
outer loop
vertex 52.606825 0.700000 -32.385915
vertex 60.635680 0.700000 -32.385915
vertex 52.734658 0.700000 -32.816640
endloop
endfacet
facet normal -0.945489 9.233635 0.849873
outer loop
vertex 52.734658 0.700000 -32.816640
vertex 60.635680 0.700000 -32.385915
vertex 60.507847 0.700000 -32.816640
endloop
endfacet
facet normal 0.867947 9.178087 1.129081
outer loop
vertex 52.734658 0.700000 -32.816640
vertex 60.507847 0.700000 -32.816640
vertex 52.911364 0.700000 -33.230762
endloop
endfacet
facet normal -0.990217 9.107848 1.246919
outer loop
vertex 52.911364 0.700000 -33.230762
vertex 60.507847 0.700000 -32.816640
vertex 60.331141 0.700000 -33.230762
endloop
endfacet
facet normal 0.878676 9.019799 1.563375
outer loop
vertex 52.911364 0.700000 -33.230762
vertex 60.331141 0.700000 -33.230762
vertex 53.134725 0.700000 -33.623073
endloop
endfacet
facet normal -1.045530 8.909896 1.719453
outer loop
vertex 53.134725 0.700000 -33.623073
vertex 60.331141 0.700000 -33.230762
vertex 60.107780 0.700000 -33.623073
endloop
endfacet
facet normal 0.891443 8.772929 2.088039
outer loop
vertex 53.134725 0.700000 -33.623073
vertex 60.107780 0.700000 -33.623073
vertex 53.401935 0.700000 -33.988643
endloop
endfacet
facet normal -1.110114 8.602289 2.297029
outer loop
vertex 53.401935 0.700000 -33.988643
vertex 60.107780 0.700000 -33.623073
vertex 59.840575 0.700000 -33.988643
endloop
endfacet
facet normal 0.900634 8.389738 2.733528
outer loop
vertex 53.401935 0.700000 -33.988643
vertex 59.840575 0.700000 -33.988643
vertex 53.709625 0.700000 -34.322871
endloop
endfacet
facet normal -1.178891 8.125316 3.009929
outer loop
vertex 53.709625 0.700000 -34.322871
vertex 59.840575 0.700000 -33.988643
vertex 59.532880 0.700000 -34.322871
endloop
endfacet
facet normal 0.895699 7.797551 3.525155
outer loop
vertex 53.709625 0.700000 -34.322871
vertex 59.532880 0.700000 -34.322871
vertex 54.053931 0.700000 -34.621557
endloop
endfacet
facet normal -1.239452 7.394200 3.874666
outer loop
vertex 54.053931 0.700000 -34.621557
vertex 59.532880 0.700000 -34.322871
vertex 59.188575 0.700000 -34.621557
endloop
endfacet
facet normal 0.859249 6.904028 4.459969
outer loop
vertex 54.053931 0.700000 -34.621557
vertex 59.188575 0.700000 -34.621557
vertex 54.430519 0.700000 -34.880943
endloop
endfacet
facet normal -1.268779 6.319710 4.861996
outer loop
vertex 54.430519 0.700000 -34.880943
vertex 59.188575 0.700000 -34.621557
vertex 58.811981 0.700000 -34.880943
endloop
endfacet
facet normal 0.769868 5.641761 5.468154
outer loop
vertex 54.430519 0.700000 -34.880943
vertex 58.811981 0.700000 -34.880943
vertex 54.834667 0.700000 -35.097766
endloop
endfacet
facet normal -1.236996 4.882467 5.860395
outer loop
vertex 54.834667 0.700000 -35.097766
vertex 58.811981 0.700000 -34.880943
vertex 58.407843 0.700000 -35.097766
endloop
endfacet
facet normal 0.613505 4.067957 6.396219
outer loop
vertex 54.834667 0.700000 -35.097766
vertex 58.407843 0.700000 -35.097766
vertex 55.261273 0.700000 -35.269300
endloop
endfacet
facet normal -1.123074 3.236747 6.696615
outer loop
vertex 55.261273 0.700000 -35.269300
vertex 58.407843 0.700000 -35.097766
vertex 57.981232 0.700000 -35.269300
endloop
endfacet
facet normal 0.395279 2.434180 7.079379
outer loop
vertex 55.261273 0.700000 -35.269300
vertex 57.981232 0.700000 -35.269300
vertex 55.704989 0.700000 -35.393390
endloop
endfacet
facet normal -0.930634 1.704875 7.248457
outer loop
vertex 55.704989 0.700000 -35.393390
vertex 57.981232 0.700000 -35.269300
vertex 57.537522 0.700000 -35.393390
endloop
endfacet
facet normal 0.136622 1.086130 7.463274
outer loop
vertex 55.704989 0.700000 -35.393390
vertex 57.537522 0.700000 -35.393390
vertex 56.160218 0.700000 -35.468474
endloop
endfacet
facet normal -0.685513 0.604659 7.529541
outer loop
vertex 56.160218 0.700000 -35.468474
vertex 57.537522 0.700000 -35.393390
vertex 57.082287 0.700000 -35.468474
endloop
endfacet
facet normal -0.138777 0.276864 7.617508
outer loop
vertex 56.160218 0.700000 -35.468474
vertex 57.082287 0.700000 -35.468474
vertex 56.621253 0.700000 -35.493605
endloop
endfacet
facet normal -0.862639 9.333060 -0.427257
outer loop
vertex 60.713027 0.700000 -31.048932
vertex 52.529478 0.700000 -31.048932
vertex 60.635680 0.700000 -30.607022
endloop
endfacet
facet normal 0.911127 9.309575 -0.503321
outer loop
vertex 60.635680 0.700000 -30.607022
vertex 52.529478 0.700000 -31.048932
vertex 52.606825 0.700000 -30.607022
endloop
endfacet
facet normal -0.862104 9.276868 -0.757926
outer loop
vertex 60.635680 0.700000 -30.607022
vertex 52.606825 0.700000 -30.607022
vertex 60.507847 0.700000 -30.176300
endloop
endfacet
facet normal 0.945484 9.233635 -0.849874
outer loop
vertex 60.507847 0.700000 -30.176300
vertex 52.606825 0.700000 -30.607022
vertex 52.734658 0.700000 -30.176300
endloop
endfacet
facet normal -0.867951 9.178088 -1.129079
outer loop
vertex 60.507847 0.700000 -30.176300
vertex 52.734658 0.700000 -30.176300
vertex 60.331141 0.700000 -29.762176
endloop
endfacet
facet normal 0.990217 9.107850 -1.246916
outer loop
vertex 60.331141 0.700000 -29.762176
vertex 52.734658 0.700000 -30.176300
vertex 52.911364 0.700000 -29.762176
endloop
endfacet
facet normal -0.878674 9.019802 -1.563364
outer loop
vertex 60.331141 0.700000 -29.762176
vertex 52.911364 0.700000 -29.762176
vertex 60.107780 0.700000 -29.369865
endloop
endfacet
facet normal 1.045530 8.909897 -1.719448
outer loop
vertex 60.107780 0.700000 -29.369865
vertex 52.911364 0.700000 -29.762176
vertex 53.134725 0.700000 -29.369865
endloop
endfacet
facet normal -0.891444 8.772929 -2.088039
outer loop
vertex 60.107780 0.700000 -29.369865
vertex 53.134725 0.700000 -29.369865
vertex 59.840575 0.700000 -29.004295
endloop
endfacet
facet normal 1.110113 8.602284 -2.297042
outer loop
vertex 59.840575 0.700000 -29.004295
vertex 53.134725 0.700000 -29.369865
vertex 53.401935 0.700000 -29.004295
endloop
endfacet
facet normal -0.900633 8.389732 -2.733541
outer loop
vertex 59.840575 0.700000 -29.004295
vertex 53.401935 0.700000 -29.004295
vertex 59.532880 0.700000 -28.670067
endloop
endfacet
facet normal 1.178893 8.125316 -3.009928
outer loop
vertex 59.532880 0.700000 -28.670067
vertex 53.401935 0.700000 -29.004295
vertex 53.709625 0.700000 -28.670067
endloop
endfacet
facet normal -0.895693 7.797547 -3.525159
outer loop
vertex 59.532880 0.700000 -28.670067
vertex 53.709625 0.700000 -28.670067
vertex 59.188575 0.700000 -28.371381
endloop
endfacet
facet normal 1.239459 7.394202 -3.874661
outer loop
vertex 59.188575 0.700000 -28.371381
vertex 53.709625 0.700000 -28.670067
vertex 54.053931 0.700000 -28.371381
endloop
endfacet
facet normal -0.859245 6.904036 -4.459965
outer loop
vertex 59.188575 0.700000 -28.371381
vertex 54.053931 0.700000 -28.371381
vertex 58.811981 0.700000 -28.111995
endloop
endfacet
facet normal 1.268779 6.319717 -4.861988
outer loop
vertex 58.811981 0.700000 -28.111995
vertex 54.053931 0.700000 -28.371381
vertex 54.430519 0.700000 -28.111995
endloop
endfacet
facet normal -0.769874 5.641757 -5.468152
outer loop
vertex 58.811981 0.700000 -28.111995
vertex 54.430519 0.700000 -28.111995
vertex 58.407843 0.700000 -27.895174
endloop
endfacet
facet normal 1.236979 4.882446 -5.860410
outer loop
vertex 58.407843 0.700000 -27.895174
vertex 54.430519 0.700000 -28.111995
vertex 54.834667 0.700000 -27.895174
endloop
endfacet
facet normal -0.613527 4.067957 -6.396223
outer loop
vertex 58.407843 0.700000 -27.895174
vertex 54.834667 0.700000 -27.895174
vertex 57.981232 0.700000 -27.723638
endloop
endfacet
facet normal 1.123067 3.236761 -6.696613
outer loop
vertex 57.981232 0.700000 -27.723638
vertex 54.834667 0.700000 -27.895174
vertex 55.261273 0.700000 -27.723638
endloop
endfacet
facet normal -0.395272 2.434198 -7.079369
outer loop
vertex 57.981232 0.700000 -27.723638
vertex 55.261273 0.700000 -27.723638
vertex 57.537522 0.700000 -27.599547
endloop
endfacet
facet normal 0.930644 1.704878 -7.248453
outer loop
vertex 57.537522 0.700000 -27.599547
vertex 55.261273 0.700000 -27.723638
vertex 55.704989 0.700000 -27.599547
endloop
endfacet
facet normal -0.136621 1.086126 -7.463275
outer loop
vertex 57.537522 0.700000 -27.599547
vertex 55.704989 0.700000 -27.599547
vertex 57.082287 0.700000 -27.524464
endloop
endfacet
facet normal 0.685514 0.604658 -7.529542
outer loop
vertex 57.082287 0.700000 -27.524464
vertex 55.704989 0.700000 -27.599547
vertex 56.160218 0.700000 -27.524464
endloop
endfacet
facet normal 0.138780 0.276864 -7.617508
outer loop
vertex 57.082287 0.700000 -27.524464
vertex 56.160218 0.700000 -27.524464
vertex 56.621253 0.700000 -27.499332
endloop
endfacet
facet normal 3.378087 8.819463 -0.251180
outer loop
vertex -60.713027 3.000000 34.263767
vertex -60.713027 0.700000 34.263767
vertex -60.738919 3.000000 33.816230
endloop
endfacet
facet normal 3.239454 8.901448 -0.097121
outer loop
vertex -60.738919 3.000000 33.816230
vertex -60.713027 0.700000 34.263767
vertex -60.738919 0.700000 33.816230
endloop
endfacet
facet normal 2.369655 9.122796 -0.010397
outer loop
vertex -60.738919 3.000000 33.816230
vertex -60.738919 0.700000 33.816230
vertex -60.713027 3.000000 33.368692
endloop
endfacet
facet normal 1.757567 9.569585 0.136267
outer loop
vertex -60.713027 3.000000 33.368692
vertex -60.738919 0.700000 33.816230
vertex -60.713027 0.700000 33.368692
endloop
endfacet
facet normal 1.342286 9.723613 0.217811
outer loop
vertex -60.713027 3.000000 33.368692
vertex -60.713027 0.700000 33.368692
vertex -60.635680 3.000000 32.926783
endloop
endfacet
facet normal 2.204240 9.494535 0.440277
outer loop
vertex -60.635680 3.000000 32.926783
vertex -60.713027 0.700000 33.368692
vertex -60.635680 0.700000 32.926783
endloop
endfacet
facet normal 1.356047 9.710792 0.329760
outer loop
vertex -60.635680 3.000000 32.926783
vertex -60.635680 0.700000 32.926783
vertex -60.507847 3.000000 32.496058
endloop
endfacet
facet normal 1.787675 9.516611 0.571345
outer loop
vertex -60.507847 3.000000 32.496058
vertex -60.635680 0.700000 32.926783
vertex -60.507847 0.700000 32.496058
endloop
endfacet
facet normal 1.154061 9.726369 0.462066
outer loop
vertex -60.507847 3.000000 32.496058
vertex -60.507847 0.700000 32.496058
vertex -60.331141 3.000000 32.081937
endloop
endfacet
facet normal 2.041925 9.431080 0.927854
outer loop
vertex -60.331141 3.000000 32.081937
vertex -60.507847 0.700000 32.496058
vertex -60.331141 0.700000 32.081937
endloop
endfacet
facet normal 1.343171 9.671708 0.706206
outer loop
vertex -60.331141 3.000000 32.081937
vertex -60.331141 0.700000 32.081937
vertex -60.107780 3.000000 31.689625
endloop
endfacet
facet normal 2.038088 9.330669 1.223881
outer loop
vertex -60.107780 3.000000 31.689625
vertex -60.331141 0.700000 32.081937
vertex -60.107780 0.700000 31.689625
endloop
endfacet
facet normal 1.281454 9.615921 0.871887
outer loop
vertex -60.107780 3.000000 31.689625
vertex -60.107780 0.700000 31.689625
vertex -59.840575 3.000000 31.324055
endloop
endfacet
facet normal 2.059015 9.168086 1.579962
outer loop
vertex -59.840575 3.000000 31.324055
vertex -60.107780 0.700000 31.689625
vertex -59.840575 0.700000 31.324055
endloop
endfacet
facet normal 1.246574 9.520323 1.071653
outer loop
vertex -59.840575 3.000000 31.324055
vertex -59.840575 0.700000 31.324055
vertex -59.532880 3.000000 30.989828
endloop
endfacet
facet normal 2.089749 8.912614 2.016228
outer loop
vertex -59.532880 3.000000 30.989828
vertex -59.840575 0.700000 31.324055
vertex -59.532880 0.700000 30.989828
endloop
endfacet
facet normal 1.222999 9.367057 1.315943
outer loop
vertex -59.532880 3.000000 30.989828
vertex -59.532880 0.700000 30.989828
vertex -59.188575 3.000000 30.691142
endloop
endfacet
facet normal 2.108470 8.516406 2.548486
outer loop
vertex -59.188575 3.000000 30.691142
vertex -59.532880 0.700000 30.989828
vertex -59.188575 0.700000 30.691142
endloop
endfacet
facet normal 1.193132 9.128305 1.610565
outer loop
vertex -59.188575 3.000000 30.691142
vertex -59.188575 0.700000 30.691142
vertex -58.811981 3.000000 30.431756
endloop
endfacet
facet normal 2.079064 7.919281 3.172537
outer loop
vertex -58.811981 3.000000 30.431756
vertex -59.188575 0.700000 30.691142
vertex -58.811981 0.700000 30.431756
endloop
endfacet
facet normal 1.132247 8.772706 1.945710
outer loop
vertex -58.811981 3.000000 30.431756
vertex -58.811981 0.700000 30.431756
vertex -58.407843 3.000000 30.214932
endloop
endfacet
facet normal 1.951082 7.079510 3.839296
outer loop
vertex -58.407843 3.000000 30.214932
vertex -58.811981 0.700000 30.431756
vertex -58.407843 0.700000 30.214932
endloop
endfacet
facet normal 1.010901 8.290406 2.282199
outer loop
vertex -58.407843 3.000000 30.214932
vertex -58.407843 0.700000 30.214932
vertex -57.981232 3.000000 30.043399
endloop
endfacet
facet normal 1.680196 6.038162 4.446867
outer loop
vertex -57.981232 3.000000 30.043399
vertex -58.407843 0.700000 30.214932
vertex -57.981232 0.700000 30.043399
endloop
endfacet
facet normal 0.811802 7.732612 2.557360
outer loop
vertex -57.981232 3.000000 30.043399
vertex -57.981232 0.700000 30.043399
vertex -57.537522 3.000000 29.919308
endloop
endfacet
facet normal 1.263465 4.959842 4.889474
outer loop
vertex -57.537522 3.000000 29.919308
vertex -57.981232 0.700000 30.043399
vertex -57.537522 0.700000 29.919308
endloop
endfacet
facet normal 0.547635 7.212882 2.728112
outer loop
vertex -57.537522 3.000000 29.919308
vertex -57.537522 0.700000 29.919308
vertex -57.082287 3.000000 29.844225
endloop
endfacet
facet normal 0.746704 4.068476 5.132832
outer loop
vertex -57.082287 3.000000 29.844225
vertex -57.537522 0.700000 29.919308
vertex -57.082287 0.700000 29.844225
endloop
endfacet
facet normal 0.250288 6.841678 2.803268
outer loop
vertex -57.082287 3.000000 29.844225
vertex -57.082287 0.700000 29.844225
vertex -56.621253 3.000000 29.819093
endloop
endfacet
facet normal 0.186938 3.531534 5.221677
outer loop
vertex -56.621253 3.000000 29.819093
vertex -57.082287 0.700000 29.844225
vertex -56.621253 0.700000 29.819093
endloop
endfacet
facet normal -0.056119 6.676051 2.818775
outer loop
vertex -56.621253 3.000000 29.819093
vertex -56.621253 0.700000 29.819093
vertex -56.160218 3.000000 29.844225
endloop
endfacet
facet normal -0.381837 3.421381 5.214606
outer loop
vertex -56.160218 3.000000 29.844225
vertex -56.621253 0.700000 29.819093
vertex -56.160218 0.700000 29.844225
endloop
endfacet
facet normal -0.362627 6.731326 2.797314
outer loop
vertex -56.160218 3.000000 29.844225
vertex -56.160218 0.700000 29.844225
vertex -55.704989 3.000000 29.919308
endloop
endfacet
facet normal -0.943533 3.749004 5.126786
outer loop
vertex -55.704989 3.000000 29.919308
vertex -56.160218 0.700000 29.844225
vertex -55.704989 0.700000 29.919308
endloop
endfacet
facet normal -0.663042 7.003145 2.731422
outer loop
vertex -55.704989 3.000000 29.919308
vertex -55.704989 0.700000 29.919308
vertex -55.261273 3.000000 30.043399
endloop
endfacet
facet normal -1.472281 4.477548 4.919359
outer loop
vertex -55.261273 3.000000 30.043399
vertex -55.704989 0.700000 29.919308
vertex -55.261273 0.700000 30.043399
endloop
endfacet
facet normal -0.938760 7.458953 2.589768
outer loop
vertex -55.261273 3.000000 30.043399
vertex -55.261273 0.700000 30.043399
vertex -54.834667 3.000000 30.214932
endloop
endfacet
facet normal -1.915459 5.488837 4.536110
outer loop
vertex -54.834667 3.000000 30.214932
vertex -55.261273 0.700000 30.043399
vertex -54.834667 0.700000 30.214932
endloop
endfacet
facet normal -1.157120 8.013020 2.347564
outer loop
vertex -54.834667 3.000000 30.214932
vertex -54.834667 0.700000 30.214932
vertex -54.430519 3.000000 30.431756
endloop
endfacet
facet normal -2.215231 6.575431 3.972253
outer loop
vertex -54.430519 3.000000 30.431756
vertex -54.834667 0.700000 30.214932
vertex -54.430519 0.700000 30.431756
endloop
endfacet
facet normal -1.294808 8.543442 2.024927
outer loop
vertex -54.430519 3.000000 30.431756
vertex -54.430519 0.700000 30.431756
vertex -54.053931 3.000000 30.691142
endloop
endfacet
facet normal -2.355214 7.528419 3.306915
outer loop
vertex -54.053931 3.000000 30.691142
vertex -54.430519 0.700000 30.431756
vertex -54.053931 0.700000 30.691142
endloop
endfacet
facet normal -1.361506 8.962871 1.681030
outer loop
vertex -54.053931 3.000000 30.691142
vertex -54.053931 0.700000 30.691142
vertex -53.709625 3.000000 30.989828
endloop
endfacet
facet normal -2.373776 8.244343 2.650794
outer loop
vertex -53.709625 3.000000 30.989828
vertex -54.053931 0.700000 30.691142
vertex -53.709625 0.700000 30.989828
endloop
endfacet
facet normal -1.390255 9.254570 1.367608
outer loop
vertex -53.709625 3.000000 30.989828
vertex -53.709625 0.700000 30.989828
vertex -53.401935 3.000000 31.324055
endloop
endfacet
facet normal -2.330525 8.732198 2.076245
outer loop
vertex -53.401935 3.000000 31.324055
vertex -53.709625 0.700000 30.989828
vertex -53.401935 0.700000 31.324055
endloop
endfacet
facet normal -1.415088 9.443001 1.105609
outer loop
vertex -53.401935 3.000000 31.324055
vertex -53.401935 0.700000 31.324055
vertex -53.134725 3.000000 31.689625
endloop
endfacet
facet normal -2.274204 9.048672 1.602793
outer loop
vertex -53.134725 3.000000 31.689625
vertex -53.401935 0.700000 31.324055
vertex -53.134725 0.700000 31.689625
endloop
endfacet
facet normal -1.464846 9.557512 0.894130
outer loop
vertex -53.134725 3.000000 31.689625
vertex -53.134725 0.700000 31.689625
vertex -52.911364 3.000000 32.081937
endloop
endfacet
facet normal -2.237727 9.248093 1.219789
outer loop
vertex -52.911364 3.000000 32.081937
vertex -53.134725 0.700000 31.689625
vertex -52.911364 0.700000 32.081937
endloop
endfacet
facet normal -1.574365 9.615214 0.724412
outer loop
vertex -52.911364 3.000000 32.081937
vertex -52.911364 0.700000 32.081937
vertex -52.734658 3.000000 32.496058
endloop
endfacet
facet normal -2.251061 9.365065 0.907626
outer loop
vertex -52.734658 3.000000 32.496058
vertex -52.911364 0.700000 32.081937
vertex -52.734658 0.700000 32.496058
endloop
endfacet
facet normal -1.304721 9.689266 0.455559
outer loop
vertex -52.734658 3.000000 32.496058
vertex -52.734658 0.700000 32.496058
vertex -52.606825 3.000000 32.926783
endloop
endfacet
facet normal -1.857313 9.487597 0.515644
outer loop
vertex -52.606825 3.000000 32.926783
vertex -52.734658 0.700000 32.496058
vertex -52.606825 0.700000 32.926783
endloop
endfacet
facet normal -2.718361 8.705080 0.443020
outer loop
vertex -52.606825 3.000000 32.926783
vertex -52.606825 0.700000 32.926783
vertex -52.529478 3.000000 33.368692
endloop
endfacet
facet normal -3.579766 8.483824 0.522643
outer loop
vertex -52.529478 3.000000 33.368692
vertex -52.606825 0.700000 32.926783
vertex -52.529478 0.700000 33.368692
endloop
endfacet
facet normal -4.079904 8.136913 0.355566
outer loop
vertex -52.529478 3.000000 33.368692
vertex -52.529478 0.700000 33.368692
vertex -52.503591 3.000000 33.816230
endloop
endfacet
facet normal -3.160298 8.977842 0.095586
outer loop
vertex -52.503591 3.000000 33.816230
vertex -52.529478 0.700000 33.368692
vertex -52.503591 0.700000 33.816230
endloop
endfacet
facet normal -3.405394 8.829518 -0.098804
outer loop
vertex -52.503591 3.000000 33.816230
vertex -52.503591 0.700000 33.816230
vertex -52.529478 3.000000 34.263767
endloop
endfacet
facet normal -2.872463 9.199912 -0.243933
outer loop
vertex -52.529478 3.000000 34.263767
vertex -52.503591 0.700000 33.816230
vertex -52.529478 0.700000 34.263767
endloop
endfacet
facet normal -2.933770 9.156499 -0.427911
outer loop
vertex -52.529478 3.000000 34.263767
vertex -52.529478 0.700000 34.263767
vertex -52.606825 3.000000 34.705676
endloop
endfacet
facet normal -2.680827 9.297095 -0.542705
outer loop
vertex -52.606825 3.000000 34.705676
vertex -52.529478 0.700000 34.263767
vertex -52.606825 0.700000 34.705676
endloop
endfacet
facet normal -2.600164 9.320108 -0.692356
outer loop
vertex -52.606825 3.000000 34.705676
vertex -52.606825 0.700000 34.705676
vertex -52.734658 3.000000 35.136399
endloop
endfacet
facet normal -2.555208 9.323367 -0.831510
outer loop
vertex -52.734658 3.000000 35.136399
vertex -52.606825 0.700000 34.705676
vertex -52.734658 0.700000 35.136399
endloop
endfacet
facet normal -2.356317 9.398190 -0.927658
outer loop
vertex -52.734658 3.000000 35.136399
vertex -52.734658 0.700000 35.136399
vertex -52.911364 3.000000 35.550523
endloop
endfacet
facet normal -2.476650 9.296145 -1.133280
outer loop
vertex -52.911364 3.000000 35.550523
vertex -52.734658 0.700000 35.136399
vertex -52.911364 0.700000 35.550523
endloop
endfacet
facet normal -2.172454 9.420970 -1.156539
outer loop
vertex -52.911364 3.000000 35.550523
vertex -52.911364 0.700000 35.550523
vertex -53.134725 3.000000 35.942834
endloop
endfacet
facet normal -2.432646 9.214863 -1.468795
outer loop
vertex -53.134725 3.000000 35.942834
vertex -52.911364 0.700000 35.550523
vertex -53.134725 0.700000 35.942834
endloop
endfacet
facet normal -2.029613 9.397412 -1.396302
outer loop
vertex -53.134725 3.000000 35.942834
vertex -53.134725 0.700000 35.942834
vertex -53.401935 3.000000 36.308404
endloop
endfacet
facet normal -2.412614 9.065383 -1.859466
outer loop
vertex -53.401935 3.000000 36.308404
vertex -53.134725 0.700000 35.942834
vertex -53.401935 0.700000 36.308404
endloop
endfacet
facet normal -1.913701 9.323594 -1.662257
outer loop
vertex -53.401935 3.000000 36.308404
vertex -53.401935 0.700000 36.308404
vertex -53.709625 3.000000 36.642631
endloop
endfacet
facet normal -2.403277 8.818589 -2.327328
outer loop
vertex -53.709625 3.000000 36.642631
vertex -53.401935 0.700000 36.308404
vertex -53.709625 0.700000 36.642631
endloop
endfacet
facet normal -1.468301 9.279167 -1.542222
outer loop
vertex -53.709625 3.000000 36.642631
vertex -53.709625 0.700000 36.642631
vertex -54.053931 3.000000 36.941318
endloop
endfacet
facet normal -2.040248 8.522551 -2.463647
outer loop
vertex -54.053931 3.000000 36.941318
vertex -53.709625 0.700000 36.642631
vertex -54.053931 0.700000 36.941318
endloop
endfacet
facet normal -1.317657 9.071726 -1.828987
outer loop
vertex -54.053931 3.000000 36.941318
vertex -54.053931 0.700000 36.941318
vertex -54.430519 3.000000 37.200703
endloop
endfacet
facet normal -2.271805 7.856552 -3.475801
outer loop
vertex -54.430519 3.000000 37.200703
vertex -54.053931 0.700000 36.941318
vertex -54.430519 0.700000 37.200703
endloop
endfacet
facet normal -1.475808 8.653351 -2.556748
outer loop
vertex -54.430519 3.000000 37.200703
vertex -54.430519 0.700000 37.200703
vertex -54.834667 3.000000 37.417524
endloop
endfacet
facet normal -2.101899 7.022869 -4.147078
outer loop
vertex -54.834667 3.000000 37.417524
vertex -54.430519 0.700000 37.200703
vertex -54.834667 0.700000 37.417524
endloop
endfacet
facet normal -1.334609 8.128266 -3.069912
outer loop
vertex -54.834667 3.000000 37.417524
vertex -54.834667 0.700000 37.417524
vertex -55.261273 3.000000 37.589060
endloop
endfacet
facet normal -1.853082 5.932649 -4.926812
outer loop
vertex -55.261273 3.000000 37.589060
vertex -54.834667 0.700000 37.417524
vertex -55.261273 0.700000 37.589060
endloop
endfacet
facet normal -1.061033 7.576570 -3.354417
outer loop
vertex -55.261273 3.000000 37.589060
vertex -55.261273 0.700000 37.589060
vertex -55.704989 3.000000 37.713151
endloop
endfacet
facet normal -1.339816 4.909314 -5.206584
outer loop
vertex -55.704989 3.000000 37.713151
vertex -55.261273 0.700000 37.589060
vertex -55.704989 0.700000 37.713151
endloop
endfacet
facet normal -0.664654 7.113538 -3.363398
outer loop
vertex -55.704989 3.000000 37.713151
vertex -55.704989 0.700000 37.713151
vertex -56.160218 3.000000 37.788234
endloop
endfacet
facet normal -0.787375 4.019669 -5.451005
outer loop
vertex -56.160218 3.000000 37.788234
vertex -55.704989 0.700000 37.713151
vertex -56.160218 0.700000 37.788234
endloop
endfacet
facet normal -0.296733 6.744838 -3.439368
outer loop
vertex -56.160218 3.000000 37.788234
vertex -56.160218 0.700000 37.788234
vertex -56.621253 3.000000 37.813366
endloop
endfacet
facet normal -0.192716 3.483504 -5.539604
outer loop
vertex -56.621253 3.000000 37.813366
vertex -56.160218 0.700000 37.788234
vertex -56.621253 0.700000 37.813366
endloop
endfacet
facet normal 0.079116 6.579935 -3.452872
outer loop
vertex -56.621253 3.000000 37.813366
vertex -56.621253 0.700000 37.813366
vertex -57.082287 3.000000 37.788234
endloop
endfacet
facet normal 0.410609 3.373294 -5.530777
outer loop
vertex -57.082287 3.000000 37.788234
vertex -56.621253 0.700000 37.813366
vertex -57.082287 0.700000 37.788234
endloop
endfacet
facet normal 0.454756 6.634270 -3.426321
outer loop
vertex -57.082287 3.000000 37.788234
vertex -57.082287 0.700000 37.788234
vertex -57.537522 3.000000 37.713151
endloop
endfacet
facet normal 1.006891 3.700035 -5.439622
outer loop
vertex -57.537522 3.000000 37.713151
vertex -57.082287 0.700000 37.788234
vertex -57.537522 0.700000 37.713151
endloop
endfacet
facet normal 0.824772 6.903397 -3.352229
outer loop
vertex -57.537522 3.000000 37.713151
vertex -57.537522 0.700000 37.713151
vertex -57.981232 3.000000 37.589060
endloop
endfacet
facet normal 1.570658 4.426770 -5.227328
outer loop
vertex -57.981232 3.000000 37.589060
vertex -57.537522 0.700000 37.713151
vertex -57.981232 0.700000 37.589060
endloop
endfacet
facet normal 1.171498 7.354433 -3.199477
outer loop
vertex -57.981232 3.000000 37.589060
vertex -57.981232 0.700000 37.589060
vertex -58.407843 3.000000 37.417524
endloop
endfacet
facet normal 2.049831 5.435113 -4.837839
outer loop
vertex -58.407843 3.000000 37.417524
vertex -57.981232 0.700000 37.589060
vertex -58.407843 0.700000 37.417524
endloop
endfacet
facet normal 1.463670 7.901036 -2.943677
outer loop
vertex -58.407843 3.000000 37.417524
vertex -58.407843 0.700000 37.417524
vertex -58.811981 3.000000 37.200703
endloop
endfacet
facet normal 2.387418 6.517181 -4.266630
outer loop
vertex -58.811981 3.000000 37.200703
vertex -58.407843 0.700000 37.417524
vertex -58.811981 0.700000 37.200703
endloop
endfacet
facet normal 1.680178 8.420126 -2.605533
outer loop
vertex -58.811981 3.000000 37.200703
vertex -58.811981 0.700000 37.200703
vertex -59.188575 3.000000 36.941318
endloop
endfacet
facet normal 2.568399 7.463358 -3.593145
outer loop
vertex -59.188575 3.000000 36.941318
vertex -58.811981 0.700000 37.200703
vertex -59.188575 0.700000 36.941318
endloop
endfacet
facet normal 1.834253 8.822427 -2.244845
outer loop
vertex -59.188575 3.000000 36.941318
vertex -59.188575 0.700000 36.941318
vertex -59.532880 3.000000 36.642631
endloop
endfacet
facet normal 2.633334 8.168944 -2.928399
outer loop
vertex -59.532880 3.000000 36.642631
vertex -59.188575 0.700000 36.941318
vertex -59.532880 0.700000 36.642631
endloop
endfacet
facet normal 1.964790 9.087454 -1.914058
outer loop
vertex -59.532880 3.000000 36.642631
vertex -59.532880 0.700000 36.642631
vertex -59.840575 3.000000 36.308404
endloop
endfacet
facet normal 2.645499 8.640475 -2.345099
outer loop
vertex -59.840575 3.000000 36.308404
vertex -59.532880 0.700000 36.642631
vertex -59.840575 0.700000 36.308404
endloop
endfacet
facet normal 2.115924 9.232176 -1.634715
outer loop
vertex -59.840575 3.000000 36.308404
vertex -59.840575 0.700000 36.308404
vertex -60.107780 3.000000 35.942834
endloop
endfacet
facet normal 2.660064 8.929568 -1.863046
outer loop
vertex -60.107780 3.000000 35.942834
vertex -59.840575 0.700000 36.308404
vertex -60.107780 0.700000 35.942834
endloop
endfacet
facet normal 2.335010 9.268872 -1.406258
outer loop
vertex -60.107780 3.000000 35.942834
vertex -60.107780 0.700000 35.942834
vertex -60.331141 3.000000 35.550523
endloop
endfacet
facet normal 2.722034 9.078560 -1.471654
outer loop
vertex -60.331141 3.000000 35.550523
vertex -60.107780 0.700000 35.942834
vertex -60.331141 0.700000 35.550523
endloop
endfacet
facet normal 1.763635 9.482945 -0.863504
outer loop
vertex -60.331141 3.000000 35.550523
vertex -60.331141 0.700000 35.550523
vertex -60.507847 3.000000 35.136399
endloop
endfacet
facet normal 1.956023 9.402331 -0.794845
outer loop
vertex -60.507847 3.000000 35.136399
vertex -60.331141 0.700000 35.550523
vertex -60.507847 0.700000 35.136399
endloop
endfacet
facet normal 1.736936 9.560481 -0.528596
outer loop
vertex -60.507847 3.000000 35.136399
vertex -60.507847 0.700000 35.136399
vertex -60.635680 3.000000 34.705676
endloop
endfacet
facet normal 2.584566 9.321546 -0.701461
outer loop
vertex -60.635680 3.000000 34.705676
vertex -60.507847 0.700000 35.136399
vertex -60.635680 0.700000 34.705676
endloop
endfacet
facet normal 2.664644 9.297972 -0.522913
outer loop
vertex -60.635680 3.000000 34.705676
vertex -60.635680 0.700000 34.705676
vertex -60.713027 3.000000 34.263767
endloop
endfacet
facet normal 2.798793 9.242767 -0.416726
outer loop
vertex -60.713027 3.000000 34.263767
vertex -60.635680 0.700000 34.705676
vertex -60.713027 0.700000 34.263767
endloop
endfacet
facet normal 0.886394 9.348236 -0.186601
outer loop
vertex -60.713027 0.700000 34.263767
vertex -52.529478 0.700000 34.263767
vertex -60.738919 0.700000 33.816230
endloop
endfacet
facet normal -0.870486 9.355685 -0.118067
outer loop
vertex -60.738919 0.700000 33.816230
vertex -52.529478 0.700000 34.263767
vertex -52.503591 0.700000 33.816230
endloop
endfacet
facet normal 0.870486 9.355684 0.118077
outer loop
vertex -60.738919 0.700000 33.816230
vertex -52.503591 0.700000 33.816230
vertex -60.713027 0.700000 33.368692
endloop
endfacet
facet normal -0.886394 9.348237 0.186601
outer loop
vertex -60.713027 0.700000 33.368692
vertex -52.503591 0.700000 33.816230
vertex -52.529478 0.700000 33.368692
endloop
endfacet
facet normal 0.862640 9.333059 0.427257
outer loop
vertex -60.713027 0.700000 33.368692
vertex -52.529478 0.700000 33.368692
vertex -60.635680 0.700000 32.926783
endloop
endfacet
facet normal -0.911124 9.309575 0.503319
outer loop
vertex -60.635680 0.700000 32.926783
vertex -52.529478 0.700000 33.368692
vertex -52.606825 0.700000 32.926783
endloop
endfacet
facet normal 0.862104 9.276870 0.757925
outer loop
vertex -60.635680 0.700000 32.926783
vertex -52.606825 0.700000 32.926783
vertex -60.507847 0.700000 32.496058
endloop
endfacet
facet normal -0.945489 9.233635 0.849873
outer loop
vertex -60.507847 0.700000 32.496058
vertex -52.606825 0.700000 32.926783
vertex -52.734658 0.700000 32.496058
endloop
endfacet
facet normal 0.867947 9.178087 1.129081
outer loop
vertex -60.507847 0.700000 32.496058
vertex -52.734658 0.700000 32.496058
vertex -60.331141 0.700000 32.081937
endloop
endfacet
facet normal -0.990217 9.107848 1.246919
outer loop
vertex -60.331141 0.700000 32.081937
vertex -52.734658 0.700000 32.496058
vertex -52.911364 0.700000 32.081937
endloop
endfacet
facet normal 0.878677 9.019802 1.563367
outer loop
vertex -60.331141 0.700000 32.081937
vertex -52.911364 0.700000 32.081937
vertex -60.107780 0.700000 31.689625
endloop
endfacet
facet normal -1.045528 8.909898 1.719449
outer loop
vertex -60.107780 0.700000 31.689625
vertex -52.911364 0.700000 32.081937
vertex -53.134725 0.700000 31.689625
endloop
endfacet
facet normal 0.891444 8.772929 2.088039
outer loop
vertex -60.107780 0.700000 31.689625
vertex -53.134725 0.700000 31.689625
vertex -59.840575 0.700000 31.324055
endloop
endfacet
facet normal -1.110113 8.602284 2.297042
outer loop
vertex -59.840575 0.700000 31.324055
vertex -53.134725 0.700000 31.689625
vertex -53.401935 0.700000 31.324055
endloop
endfacet
facet normal 0.900633 8.389732 2.733541
outer loop
vertex -59.840575 0.700000 31.324055
vertex -53.401935 0.700000 31.324055
vertex -59.532880 0.700000 30.989828
endloop
endfacet
facet normal -1.178893 8.125316 3.009928
outer loop
vertex -59.532880 0.700000 30.989828
vertex -53.401935 0.700000 31.324055
vertex -53.709625 0.700000 30.989828
endloop
endfacet
facet normal 0.895693 7.797547 3.525159
outer loop
vertex -59.532880 0.700000 30.989828
vertex -53.709625 0.700000 30.989828
vertex -59.188575 0.700000 30.691142
endloop
endfacet
facet normal -1.239459 7.394202 3.874661
outer loop
vertex -59.188575 0.700000 30.691142
vertex -53.709625 0.700000 30.989828
vertex -54.053931 0.700000 30.691142
endloop
endfacet
facet normal 0.859250 6.904037 4.459961
outer loop
vertex -59.188575 0.700000 30.691142
vertex -54.053931 0.700000 30.691142
vertex -58.811981 0.700000 30.431756
endloop
endfacet
facet normal -1.268775 6.319726 4.861979
outer loop
vertex -58.811981 0.700000 30.431756
vertex -54.053931 0.700000 30.691142
vertex -54.430519 0.700000 30.431756
endloop
endfacet
facet normal 0.769874 5.641773 5.468141
outer loop
vertex -58.811981 0.700000 30.431756
vertex -54.430519 0.700000 30.431756
vertex -58.407843 0.700000 30.214932
endloop
endfacet
facet normal -1.236988 4.882455 5.860403
outer loop
vertex -58.407843 0.700000 30.214932
vertex -54.430519 0.700000 30.431756
vertex -54.834667 0.700000 30.214932
endloop
endfacet
facet normal 0.613516 4.067949 6.396225
outer loop
vertex -58.407843 0.700000 30.214932
vertex -54.834667 0.700000 30.214932
vertex -57.981232 0.700000 30.043399
endloop
endfacet
facet normal -1.123066 3.236742 6.696620
outer loop
vertex -57.981232 0.700000 30.043399
vertex -54.834667 0.700000 30.214932
vertex -55.261273 0.700000 30.043399
endloop
endfacet
facet normal 0.395276 2.434184 7.079376
outer loop
vertex -57.981232 0.700000 30.043399
vertex -55.261273 0.700000 30.043399
vertex -57.537522 0.700000 29.919308
endloop
endfacet
facet normal -0.930637 1.704874 7.248457
outer loop
vertex -57.537522 0.700000 29.919308
vertex -55.261273 0.700000 30.043399
vertex -55.704989 0.700000 29.919308
endloop
endfacet
facet normal 0.136621 1.086126 7.463275
outer loop
vertex -57.537522 0.700000 29.919308
vertex -55.704989 0.700000 29.919308
vertex -57.082287 0.700000 29.844225
endloop
endfacet
facet normal -0.685514 0.604658 7.529542
outer loop
vertex -57.082287 0.700000 29.844225
vertex -55.704989 0.700000 29.919308
vertex -56.160218 0.700000 29.844225
endloop
endfacet
facet normal -0.138780 0.276864 7.617508
outer loop
vertex -57.082287 0.700000 29.844225
vertex -56.160218 0.700000 29.844225
vertex -56.621253 0.700000 29.819093
endloop
endfacet
facet normal -0.862639 9.333060 -0.427261
outer loop
vertex -52.529478 0.700000 34.263767
vertex -60.713027 0.700000 34.263767
vertex -52.606825 0.700000 34.705676
endloop
endfacet
facet normal 0.911127 9.309575 -0.503327
outer loop
vertex -52.606825 0.700000 34.705676
vertex -60.713027 0.700000 34.263767
vertex -60.635680 0.700000 34.705676
endloop
endfacet
facet normal -0.862104 9.276868 -0.757926
outer loop
vertex -52.606825 0.700000 34.705676
vertex -60.635680 0.700000 34.705676
vertex -52.734658 0.700000 35.136399
endloop
endfacet
facet normal 0.945484 9.233635 -0.849874
outer loop
vertex -52.734658 0.700000 35.136399
vertex -60.635680 0.700000 34.705676
vertex -60.507847 0.700000 35.136399
endloop
endfacet
facet normal -0.867951 9.178088 -1.129079
outer loop
vertex -52.734658 0.700000 35.136399
vertex -60.507847 0.700000 35.136399
vertex -52.911364 0.700000 35.550523
endloop
endfacet
facet normal 0.990217 9.107850 -1.246916
outer loop
vertex -52.911364 0.700000 35.550523
vertex -60.507847 0.700000 35.136399
vertex -60.331141 0.700000 35.550523
endloop
endfacet
facet normal -0.878673 9.019800 -1.563372
outer loop
vertex -52.911364 0.700000 35.550523
vertex -60.331141 0.700000 35.550523
vertex -53.134725 0.700000 35.942834
endloop
endfacet
facet normal 1.045531 8.909895 -1.719452
outer loop
vertex -53.134725 0.700000 35.942834
vertex -60.331141 0.700000 35.550523
vertex -60.107780 0.700000 35.942834
endloop
endfacet
facet normal -0.891443 8.772929 -2.088039
outer loop
vertex -53.134725 0.700000 35.942834
vertex -60.107780 0.700000 35.942834
vertex -53.401935 0.700000 36.308404
endloop
endfacet
facet normal 1.110114 8.602289 -2.297029
outer loop
vertex -53.401935 0.700000 36.308404
vertex -60.107780 0.700000 35.942834
vertex -59.840575 0.700000 36.308404
endloop
endfacet
facet normal -0.900634 8.389738 -2.733528
outer loop
vertex -53.401935 0.700000 36.308404
vertex -59.840575 0.700000 36.308404
vertex -53.709625 0.700000 36.642631
endloop
endfacet
facet normal 1.178891 8.125316 -3.009929
outer loop
vertex -53.709625 0.700000 36.642631
vertex -59.840575 0.700000 36.308404
vertex -59.532880 0.700000 36.642631
endloop
endfacet
facet normal -0.895699 7.797551 -3.525155
outer loop
vertex -53.709625 0.700000 36.642631
vertex -59.532880 0.700000 36.642631
vertex -54.053931 0.700000 36.941318
endloop
endfacet
facet normal 1.239452 7.394200 -3.874666
outer loop
vertex -54.053931 0.700000 36.941318
vertex -59.532880 0.700000 36.642631
vertex -59.188575 0.700000 36.941318
endloop
endfacet
facet normal -0.859244 6.904027 -4.459973
outer loop
vertex -54.053931 0.700000 36.941318
vertex -59.188575 0.700000 36.941318
vertex -54.430519 0.700000 37.200703
endloop
endfacet
facet normal 1.268783 6.319701 -4.862005
outer loop
vertex -54.430519 0.700000 37.200703
vertex -59.188575 0.700000 36.941318
vertex -58.811981 0.700000 37.200703
endloop
endfacet
facet normal -0.769868 5.641745 -5.468164
outer loop
vertex -54.430519 0.700000 37.200703
vertex -58.811981 0.700000 37.200703
vertex -54.834667 0.700000 37.417524
endloop
endfacet
facet normal 1.236987 4.882458 -5.860401
outer loop
vertex -54.834667 0.700000 37.417524
vertex -58.811981 0.700000 37.200703
vertex -58.407843 0.700000 37.417524
endloop
endfacet
facet normal -0.613517 4.067965 -6.396216
outer loop
vertex -54.834667 0.700000 37.417524
vertex -58.407843 0.700000 37.417524
vertex -55.261273 0.700000 37.589060
endloop
endfacet
facet normal 1.123075 3.236766 -6.696607
outer loop
vertex -55.261273 0.700000 37.589060
vertex -58.407843 0.700000 37.417524
vertex -57.981232 0.700000 37.589060
endloop
endfacet
facet normal -0.395274 2.434194 -7.079371
outer loop
vertex -55.261273 0.700000 37.589060
vertex -57.981232 0.700000 37.589060
vertex -55.704989 0.700000 37.713151
endloop
endfacet
facet normal 0.930642 1.704879 -7.248454
outer loop
vertex -55.704989 0.700000 37.713151
vertex -57.981232 0.700000 37.589060
vertex -57.537522 0.700000 37.713151
endloop
endfacet
facet normal -0.136622 1.086130 -7.463274
outer loop
vertex -55.704989 0.700000 37.713151
vertex -57.537522 0.700000 37.713151
vertex -56.160218 0.700000 37.788234
endloop
endfacet
facet normal 0.685513 0.604659 -7.529541
outer loop
vertex -56.160218 0.700000 37.788234
vertex -57.537522 0.700000 37.713151
vertex -57.082287 0.700000 37.788234
endloop
endfacet
facet normal 0.138777 0.276864 -7.617508
outer loop
vertex -56.160218 0.700000 37.788234
vertex -57.082287 0.700000 37.788234
vertex -56.621253 0.700000 37.813366
endloop
endfacet
facet normal 4.818238 7.108305 -0.377294
outer loop
vertex 52.529478 3.000000 34.263767
vertex 52.529478 0.700000 34.263767
vertex 52.503591 3.000000 33.816230
endloop
endfacet
facet normal 3.834246 8.046293 -0.108580
outer loop
vertex 52.503591 3.000000 33.816230
vertex 52.529478 0.700000 34.263767
vertex 52.503591 0.700000 33.816230
endloop
endfacet
facet normal 5.229519 6.208182 0.196889
outer loop
vertex 52.503591 3.000000 33.816230
vertex 52.503591 0.700000 33.816230
vertex 52.529478 3.000000 33.368692
endloop
endfacet
facet normal 4.022639 7.510126 0.355013
outer loop
vertex 52.529478 3.000000 33.368692
vertex 52.503591 0.700000 33.816230
vertex 52.529478 0.700000 33.368692
endloop
endfacet
facet normal 3.196524 7.723457 0.348262
outer loop
vertex 52.529478 3.000000 33.368692
vertex 52.529478 0.700000 33.368692
vertex 52.606825 3.000000 32.926783
endloop
endfacet
facet normal 1.793406 9.553838 0.351976
outer loop
vertex 52.606825 3.000000 32.926783
vertex 52.529478 0.700000 33.368692
vertex 52.606825 0.700000 32.926783
endloop
endfacet
facet normal 1.245664 9.738740 0.343304
outer loop
vertex 52.606825 3.000000 32.926783
vertex 52.606825 0.700000 32.926783
vertex 52.734658 3.000000 32.496058
endloop
endfacet
facet normal 2.088127 9.485256 0.673187
outer loop
vertex 52.734658 3.000000 32.496058
vertex 52.606825 0.700000 32.926783
vertex 52.734658 0.700000 32.496058
endloop
endfacet
facet normal 1.454512 9.695015 0.563907
outer loop
vertex 52.734658 3.000000 32.496058
vertex 52.734658 0.700000 32.496058
vertex 52.911364 3.000000 32.081937
endloop
endfacet
facet normal 2.041925 9.431080 0.927854
outer loop
vertex 52.911364 3.000000 32.081937
vertex 52.734658 0.700000 32.496058
vertex 52.911364 0.700000 32.081937
endloop
endfacet
facet normal 1.343169 9.671709 0.706205
outer loop
vertex 52.911364 3.000000 32.081937
vertex 52.911364 0.700000 32.081937
vertex 53.134725 3.000000 31.689625
endloop
endfacet
facet normal 2.038084 9.330667 1.223888
outer loop
vertex 53.134725 3.000000 31.689625
vertex 52.911364 0.700000 32.081937
vertex 53.134725 0.700000 31.689625
endloop
endfacet
facet normal 1.281451 9.615919 0.871895
outer loop
vertex 53.134725 3.000000 31.689625
vertex 53.134725 0.700000 31.689625
vertex 53.401935 3.000000 31.324055
endloop
endfacet
facet normal 2.059016 9.168085 1.579968
outer loop
vertex 53.401935 3.000000 31.324055
vertex 53.134725 0.700000 31.689625
vertex 53.401935 0.700000 31.324055
endloop
endfacet
facet normal 1.246576 9.520325 1.071649
outer loop
vertex 53.401935 3.000000 31.324055
vertex 53.401935 0.700000 31.324055
vertex 53.709625 3.000000 30.989828
endloop
endfacet
facet normal 2.089751 8.912618 2.016219
outer loop
vertex 53.709625 3.000000 30.989828
vertex 53.401935 0.700000 31.324055
vertex 53.709625 0.700000 30.989828
endloop
endfacet
facet normal 1.223001 9.367060 1.315938
outer loop
vertex 53.709625 3.000000 30.989828
vertex 53.709625 0.700000 30.989828
vertex 54.053931 3.000000 30.691142
endloop
endfacet
facet normal 2.108475 8.516415 2.548473
outer loop
vertex 54.053931 3.000000 30.691142
vertex 53.709625 0.700000 30.989828
vertex 54.053931 0.700000 30.691142
endloop
endfacet
facet normal 1.193134 9.128311 1.610555
outer loop
vertex 54.053931 3.000000 30.691142
vertex 54.053931 0.700000 30.691142
vertex 54.430519 3.000000 30.431756
endloop
endfacet
facet normal 2.079060 7.919275 3.172539
outer loop
vertex 54.430519 3.000000 30.431756
vertex 54.053931 0.700000 30.691142
vertex 54.430519 0.700000 30.431756
endloop
endfacet
facet normal 1.132241 8.772694 1.945723
outer loop
vertex 54.430519 3.000000 30.431756
vertex 54.430519 0.700000 30.431756
vertex 54.834667 3.000000 30.214932
endloop
endfacet
facet normal 1.951076 7.079498 3.839310
outer loop
vertex 54.834667 3.000000 30.214932
vertex 54.430519 0.700000 30.431756
vertex 54.834667 0.700000 30.214932
endloop
endfacet
facet normal 1.010900 8.290406 2.282200
outer loop
vertex 54.834667 3.000000 30.214932
vertex 54.834667 0.700000 30.214932
vertex 55.261273 3.000000 30.043399
endloop
endfacet
facet normal 1.680193 6.038159 4.446868
outer loop
vertex 55.261273 3.000000 30.043399
vertex 54.834667 0.700000 30.214932
vertex 55.261273 0.700000 30.043399
endloop
endfacet
facet normal 0.811800 7.732609 2.557361
outer loop
vertex 55.261273 3.000000 30.043399
vertex 55.261273 0.700000 30.043399
vertex 55.704989 3.000000 29.919308
endloop
endfacet
facet normal 1.263464 4.959840 4.889476
outer loop
vertex 55.704989 3.000000 29.919308
vertex 55.261273 0.700000 30.043399
vertex 55.704989 0.700000 29.919308
endloop
endfacet
facet normal 0.547637 7.212884 2.728112
outer loop
vertex 55.704989 3.000000 29.919308
vertex 55.704989 0.700000 29.919308
vertex 56.160218 3.000000 29.844225
endloop
endfacet
facet normal 0.746707 4.068479 5.132831
outer loop
vertex 56.160218 3.000000 29.844225
vertex 55.704989 0.700000 29.919308
vertex 56.160218 0.700000 29.844225
endloop
endfacet
facet normal 0.250289 6.841679 2.803267
outer loop
vertex 56.160218 3.000000 29.844225
vertex 56.160218 0.700000 29.844225
vertex 56.621253 3.000000 29.819093
endloop
endfacet
facet normal 0.186939 3.531535 5.221677
outer loop
vertex 56.621253 3.000000 29.819093
vertex 56.160218 0.700000 29.844225
vertex 56.621253 0.700000 29.819093
endloop
endfacet
facet normal -0.056119 6.676051 2.818774
outer loop
vertex 56.621253 3.000000 29.819093
vertex 56.621253 0.700000 29.819093
vertex 57.082287 3.000000 29.844225
endloop
endfacet
facet normal -0.381835 3.421380 5.214605
outer loop
vertex 57.082287 3.000000 29.844225
vertex 56.621253 0.700000 29.819093
vertex 57.082287 0.700000 29.844225
endloop
endfacet
facet normal -0.362624 6.731325 2.797314
outer loop
vertex 57.082287 3.000000 29.844225
vertex 57.082287 0.700000 29.844225
vertex 57.537522 3.000000 29.919308
endloop
endfacet
facet normal -0.943533 3.749005 5.126787
outer loop
vertex 57.537522 3.000000 29.919308
vertex 57.082287 0.700000 29.844225
vertex 57.537522 0.700000 29.919308
endloop
endfacet
facet normal -0.663044 7.003147 2.731421
outer loop
vertex 57.537522 3.000000 29.919308
vertex 57.537522 0.700000 29.919308
vertex 57.981232 3.000000 30.043399
endloop
endfacet
facet normal -1.472280 4.477546 4.919359
outer loop
vertex 57.981232 3.000000 30.043399
vertex 57.537522 0.700000 29.919308
vertex 57.981232 0.700000 30.043399
endloop
endfacet
facet normal -0.938758 7.458950 2.589770
outer loop
vertex 57.981232 3.000000 30.043399
vertex 57.981232 0.700000 30.043399
vertex 58.407843 3.000000 30.214932
endloop
endfacet
facet normal -1.915465 5.488845 4.536104
outer loop
vertex 58.407843 3.000000 30.214932
vertex 57.981232 0.700000 30.043399
vertex 58.407843 0.700000 30.214932
endloop
endfacet
facet normal -1.157129 8.013031 2.347556
outer loop
vertex 58.407843 3.000000 30.214932
vertex 58.407843 0.700000 30.214932
vertex 58.811981 3.000000 30.431756
endloop
endfacet
facet normal -2.215239 6.575443 3.972242
outer loop
vertex 58.811981 3.000000 30.431756
vertex 58.407843 0.700000 30.214932
vertex 58.811981 0.700000 30.431756
endloop
endfacet
facet normal -1.294808 8.543442 2.024926
outer loop
vertex 58.811981 3.000000 30.431756
vertex 58.811981 0.700000 30.431756
vertex 59.188575 3.000000 30.691142
endloop
endfacet
facet normal -2.355212 7.528415 3.306921
outer loop
vertex 59.188575 3.000000 30.691142
vertex 58.811981 0.700000 30.431756
vertex 59.188575 0.700000 30.691142
endloop
endfacet
facet normal -1.361502 8.962868 1.681034
outer loop
vertex 59.188575 3.000000 30.691142
vertex 59.188575 0.700000 30.691142
vertex 59.532880 3.000000 30.989828
endloop
endfacet
facet normal -2.373771 8.244335 2.650807
outer loop
vertex 59.532880 3.000000 30.989828
vertex 59.188575 0.700000 30.691142
vertex 59.532880 0.700000 30.989828
endloop
endfacet
facet normal -1.390252 9.254565 1.367618
outer loop
vertex 59.532880 3.000000 30.989828
vertex 59.532880 0.700000 30.989828
vertex 59.840575 3.000000 31.324055
endloop
endfacet
facet normal -2.330524 8.732195 2.076251
outer loop
vertex 59.840575 3.000000 31.324055
vertex 59.532880 0.700000 30.989828
vertex 59.840575 0.700000 31.324055
endloop
endfacet
facet normal -1.415092 9.443003 1.105605
outer loop
vertex 59.840575 3.000000 31.324055
vertex 59.840575 0.700000 31.324055
vertex 60.107780 3.000000 31.689625
endloop
endfacet
facet normal -2.274207 9.048675 1.602784
outer loop
vertex 60.107780 3.000000 31.689625
vertex 59.840575 0.700000 31.324055
vertex 60.107780 0.700000 31.689625
endloop
endfacet
facet normal -1.231629 9.579570 0.772835
outer loop
vertex 60.107780 3.000000 31.689625
vertex 60.107780 0.700000 31.689625
vertex 60.331141 3.000000 32.081937
endloop
endfacet
facet normal -2.004509 9.270152 1.098495
outer loop
vertex 60.331141 3.000000 32.081937
vertex 60.107780 0.700000 31.689625
vertex 60.331141 0.700000 32.081937
endloop
endfacet
facet normal -3.028219 7.941141 1.248011
outer loop
vertex 60.331141 3.000000 32.081937
vertex 60.331141 0.700000 32.081937
vertex 60.507847 3.000000 32.496058
endloop
endfacet
facet normal -3.938134 7.668934 1.552514
outer loop
vertex 60.507847 3.000000 32.496058
vertex 60.331141 0.700000 32.081937
vertex 60.507847 0.700000 32.496058
endloop
endfacet
facet normal -4.816430 6.793786 1.566648
outer loop
vertex 60.507847 3.000000 32.496058
vertex 60.507847 0.700000 32.496058
vertex 60.635680 3.000000 32.926783
endloop
endfacet
facet normal -3.681949 8.288248 0.981845
outer loop
vertex 60.635680 3.000000 32.926783
vertex 60.507847 0.700000 32.496058
vertex 60.635680 0.700000 32.926783
endloop
endfacet
facet normal -4.403890 7.691917 0.890359
outer loop
vertex 60.635680 3.000000 32.926783
vertex 60.635680 0.700000 32.926783
vertex 60.713027 3.000000 33.368692
endloop
endfacet
facet normal -3.440658 8.670009 0.503788
outer loop
vertex 60.713027 3.000000 33.368692
vertex 60.635680 0.700000 32.926783
vertex 60.713027 0.700000 33.368692
endloop
endfacet
facet normal -4.019953 8.246704 0.338243
outer loop
vertex 60.713027 3.000000 33.368692
vertex 60.713027 0.700000 33.368692
vertex 60.738919 3.000000 33.816230
endloop
endfacet
facet normal -3.239454 8.901448 0.097121
outer loop
vertex 60.738919 3.000000 33.816230
vertex 60.713027 0.700000 33.368692
vertex 60.738919 0.700000 33.816230
endloop
endfacet
facet normal -3.692553 8.590593 -0.117373
outer loop
vertex 60.738919 3.000000 33.816230
vertex 60.738919 0.700000 33.816230
vertex 60.713027 3.000000 34.263767
endloop
endfacet
facet normal -3.080466 9.037382 -0.264038
outer loop
vertex 60.713027 3.000000 34.263767
vertex 60.738919 0.700000 33.816230
vertex 60.713027 0.700000 34.263767
endloop
endfacet
facet normal -3.420184 8.804530 -0.507850
outer loop
vertex 60.713027 3.000000 34.263767
vertex 60.713027 0.700000 34.263767
vertex 60.635680 3.000000 34.705676
endloop
endfacet
facet normal -2.959238 9.107656 -0.602546
outer loop
vertex 60.635680 3.000000 34.705676
vertex 60.713027 0.700000 34.263767
vertex 60.635680 0.700000 34.705676
endloop
endfacet
facet normal -3.193795 8.933613 -0.859041
outer loop
vertex 60.635680 3.000000 34.705676
vertex 60.635680 0.700000 34.705676
vertex 60.507847 3.000000 35.136399
endloop
endfacet
facet normal -2.870427 9.126310 -0.938358
outer loop
vertex 60.507847 3.000000 35.136399
vertex 60.635680 0.700000 34.705676
vertex 60.507847 0.700000 35.136399
endloop
endfacet
facet normal -3.003944 9.001602 -1.191584
outer loop
vertex 60.507847 3.000000 35.136399
vertex 60.507847 0.700000 35.136399
vertex 60.331141 3.000000 35.550523
endloop
endfacet
facet normal -2.809056 9.096614 -1.290358
outer loop
vertex 60.331141 3.000000 35.550523
vertex 60.507847 0.700000 35.136399
vertex 60.331141 0.700000 35.550523
endloop
endfacet
facet normal -2.842279 9.019099 -1.523051
outer loop
vertex 60.331141 3.000000 35.550523
vertex 60.331141 0.700000 35.550523
vertex 60.107780 3.000000 35.942834
endloop
endfacet
facet normal -2.770066 9.012526 -1.678221
outer loop
vertex 60.107780 3.000000 35.942834
vertex 60.331141 0.700000 35.550523
vertex 60.107780 0.700000 35.942834
endloop
endfacet
facet normal -2.701196 8.987105 -1.869860
outer loop
vertex 60.107780 3.000000 35.942834
vertex 60.107780 0.700000 35.942834
vertex 59.840575 3.000000 36.308404
endloop
endfacet
facet normal -2.746778 8.857413 -2.123594
outer loop
vertex 59.840575 3.000000 36.308404
vertex 60.107780 0.700000 35.942834
vertex 59.840575 0.700000 36.308404
endloop
endfacet
facet normal -2.572444 8.897620 -2.248480
outer loop
vertex 59.840575 3.000000 36.308404
vertex 59.840575 0.700000 36.308404
vertex 59.532880 3.000000 36.642631
endloop
endfacet
facet normal -2.727857 8.600584 -2.649424
outer loop
vertex 59.532880 3.000000 36.642631
vertex 59.840575 0.700000 36.308404
vertex 59.532880 0.700000 36.642631
endloop
endfacet
facet normal -2.444892 8.732319 -2.674956
outer loop
vertex 59.532880 3.000000 36.642631
vertex 59.532880 0.700000 36.642631
vertex 59.188575 3.000000 36.941318
endloop
endfacet
facet normal -2.692255 8.193698 -3.274303
outer loop
vertex 59.188575 3.000000 36.941318
vertex 59.532880 0.700000 36.642631
vertex 59.188575 0.700000 36.941318
endloop
endfacet
facet normal -2.300962 8.461446 -3.160876
outer loop
vertex 59.188575 3.000000 36.941318
vertex 59.188575 0.700000 36.941318
vertex 58.811981 3.000000 37.200703
endloop
endfacet
facet normal -2.603105 7.575128 -3.997035
outer loop
vertex 58.811981 3.000000 37.200703
vertex 59.188575 0.700000 36.941318
vertex 58.811981 0.700000 37.200703
endloop
endfacet
facet normal -2.113343 8.049351 -3.702844
outer loop
vertex 58.811981 3.000000 37.200703
vertex 58.811981 0.700000 37.200703
vertex 58.407843 3.000000 37.417524
endloop
endfacet
facet normal -2.408136 6.700299 -4.771936
outer loop
vertex 58.407843 3.000000 37.417524
vertex 58.811981 0.700000 37.200703
vertex 58.407843 0.700000 37.417524
endloop
endfacet
facet normal -1.847757 7.478282 -4.269226
outer loop
vertex 58.407843 3.000000 37.417524
vertex 58.407843 0.700000 37.417524
vertex 57.981232 3.000000 37.589060
endloop
endfacet
facet normal -2.060001 5.605251 -5.501255
outer loop
vertex 57.981232 3.000000 37.589060
vertex 58.407843 0.700000 37.417524
vertex 57.981232 0.700000 37.589060
endloop
endfacet
facet normal -1.479286 6.785694 -4.806614
outer loop
vertex 57.981232 3.000000 37.589060
vertex 57.981232 0.700000 37.589060
vertex 57.537522 3.000000 37.713151
endloop
endfacet
facet normal -1.551150 4.445838 -6.084338
outer loop
vertex 57.537522 3.000000 37.713151
vertex 57.981232 0.700000 37.589060
vertex 57.537522 0.700000 37.713151
endloop
endfacet
facet normal -0.832497 6.700270 -3.900915
outer loop
vertex 57.537522 3.000000 37.713151
vertex 57.537522 0.700000 37.713151
vertex 57.082287 3.000000 37.788234
endloop
endfacet
facet normal -0.743884 4.069879 -5.110768
outer loop
vertex 57.082287 3.000000 37.788234
vertex 57.537522 0.700000 37.713151
vertex 57.082287 0.700000 37.788234
endloop
endfacet
facet normal -0.275741 6.012040 -4.337222
outer loop
vertex 57.082287 3.000000 37.788234
vertex 57.082287 0.700000 37.788234
vertex 56.621253 3.000000 37.813366
endloop
endfacet
facet normal -0.215212 2.700493 -6.777696
outer loop
vertex 56.621253 3.000000 37.813366
vertex 57.082287 0.700000 37.788234
vertex 56.621253 0.700000 37.813366
endloop
endfacet
facet normal 0.157267 5.151402 -5.796873
outer loop
vertex 56.621253 3.000000 37.813366
vertex 56.621253 0.700000 37.813366
vertex 56.160218 3.000000 37.788234
endloop
endfacet
facet normal 0.511259 2.727773 -6.636685
outer loop
vertex 56.160218 3.000000 37.788234
vertex 56.621253 0.700000 37.813366
vertex 56.160218 0.700000 37.788234
endloop
endfacet
facet normal 0.755826 5.436270 -5.521820
outer loop
vertex 56.160218 3.000000 37.788234
vertex 56.160218 0.700000 37.788234
vertex 55.704989 3.000000 37.713151
endloop
endfacet
facet normal 1.207311 3.147555 -6.429212
outer loop
vertex 55.704989 3.000000 37.713151
vertex 56.160218 0.700000 37.788234
vertex 55.704989 0.700000 37.713151
endloop
endfacet
facet normal 1.308470 5.861255 -5.228705
outer loop
vertex 55.704989 3.000000 37.713151
vertex 55.704989 0.700000 37.713151
vertex 55.261273 3.000000 37.589060
endloop
endfacet
facet normal 1.853939 3.937110 -6.114213
outer loop
vertex 55.261273 3.000000 37.589060
vertex 55.704989 0.700000 37.713151
vertex 55.261273 0.700000 37.589060
endloop
endfacet
facet normal 1.808713 6.416444 -4.881193
outer loop
vertex 55.261273 3.000000 37.589060
vertex 55.261273 0.700000 37.589060
vertex 54.834667 3.000000 37.417524
endloop
endfacet
facet normal 2.403757 4.986775 -5.632677
outer loop
vertex 54.834667 3.000000 37.417524
vertex 55.261273 0.700000 37.589060
vertex 54.834667 0.700000 37.417524
endloop
endfacet
facet normal 2.233106 7.029520 -4.448933
outer loop
vertex 54.834667 3.000000 37.417524
vertex 54.834667 0.700000 37.417524
vertex 54.430519 3.000000 37.200703
endloop
endfacet
facet normal 2.802922 6.093995 -4.977055
outer loop
vertex 54.430519 3.000000 37.200703
vertex 54.834667 0.700000 37.417524
vertex 54.430519 0.700000 37.200703
endloop
endfacet
facet normal 2.565400 7.585999 -3.946555
outer loop
vertex 54.430519 3.000000 37.200703
vertex 54.430519 0.700000 37.200703
vertex 54.053931 3.000000 36.941318
endloop
endfacet
facet normal 3.038110 7.052410 -4.223747
outer loop
vertex 54.053931 3.000000 36.941318
vertex 54.430519 0.700000 37.200703
vertex 54.053931 0.700000 36.941318
endloop
endfacet
facet normal 2.820504 8.001787 -3.427860
outer loop
vertex 54.053931 3.000000 36.941318
vertex 54.053931 0.700000 36.941318
vertex 53.709625 3.000000 36.642631
endloop
endfacet
facet normal 3.149878 7.759261 -3.480798
outer loop
vertex 53.709625 3.000000 36.642631
vertex 54.053931 0.700000 36.941318
vertex 53.709625 0.700000 36.642631
endloop
endfacet
facet normal 3.035000 8.259916 -2.939041
outer loop
vertex 53.709625 3.000000 36.642631
vertex 53.709625 0.700000 36.642631
vertex 53.401935 3.000000 36.308404
endloop
endfacet
facet normal 3.199168 8.222627 -2.817674
outer loop
vertex 53.401935 3.000000 36.308404
vertex 53.709625 0.700000 36.642631
vertex 53.401935 0.700000 36.308404
endloop
endfacet
facet normal 3.244017 8.381385 -2.494761
outer loop
vertex 53.401935 3.000000 36.308404
vertex 53.401935 0.700000 36.308404
vertex 53.134725 3.000000 35.942834
endloop
endfacet
facet normal 3.234489 8.496627 -2.250517
outer loop
vertex 53.134725 3.000000 35.942834
vertex 53.401935 0.700000 36.308404
vertex 53.134725 0.700000 35.942834
endloop
endfacet
facet normal 3.472252 8.388629 -2.086427
outer loop
vertex 53.134725 3.000000 35.942834
vertex 53.134725 0.700000 35.942834
vertex 52.911364 3.000000 35.550523
endloop
endfacet
facet normal 3.284850 8.631254 -1.764361
outer loop
vertex 52.911364 3.000000 35.550523
vertex 53.134725 0.700000 35.942834
vertex 52.911364 0.700000 35.550523
endloop
endfacet
facet normal 3.736142 8.289318 -1.695064
outer loop
vertex 52.911364 3.000000 35.550523
vertex 52.911364 0.700000 35.550523
vertex 52.734658 3.000000 35.136399
endloop
endfacet
facet normal 3.365714 8.656009 -1.333703
outer loop
vertex 52.734658 3.000000 35.136399
vertex 52.911364 0.700000 35.550523
vertex 52.734658 0.700000 35.136399
endloop
endfacet
facet normal 4.046972 8.071430 -1.297496
outer loop
vertex 52.734658 3.000000 35.136399
vertex 52.734658 0.700000 35.136399
vertex 52.606825 3.000000 34.705676
endloop
endfacet
facet normal 3.484911 8.578817 -0.931503
outer loop
vertex 52.606825 3.000000 34.705676
vertex 52.734658 0.700000 35.136399
vertex 52.606825 0.700000 34.705676
endloop
endfacet
facet normal 4.410347 7.699239 -0.867613
outer loop
vertex 52.606825 3.000000 34.705676
vertex 52.606825 0.700000 34.705676
vertex 52.529478 3.000000 34.263767
endloop
endfacet
facet normal 3.644152 8.386764 -0.531377
outer loop
vertex 52.529478 3.000000 34.263767
vertex 52.606825 0.700000 34.705676
vertex 52.529478 0.700000 34.263767
endloop
endfacet
facet normal 0.886394 9.348237 -0.186601
outer loop
vertex 52.529478 0.700000 34.263767
vertex 60.713027 0.700000 34.263767
vertex 52.503591 0.700000 33.816230
endloop
endfacet
facet normal -0.870486 9.355684 -0.118077
outer loop
vertex 52.503591 0.700000 33.816230
vertex 60.713027 0.700000 34.263767
vertex 60.738919 0.700000 33.816230
endloop
endfacet
facet normal 0.870486 9.355685 0.118067
outer loop
vertex 52.503591 0.700000 33.816230
vertex 60.738919 0.700000 33.816230
vertex 52.529478 0.700000 33.368692
endloop
endfacet
facet normal -0.886394 9.348236 0.186601
outer loop
vertex 52.529478 0.700000 33.368692
vertex 60.738919 0.700000 33.816230
vertex 60.713027 0.700000 33.368692
endloop
endfacet
facet normal 0.862641 9.333059 0.427260
outer loop
vertex 52.529478 0.700000 33.368692
vertex 60.713027 0.700000 33.368692
vertex 52.606825 0.700000 32.926783
endloop
endfacet
facet normal -0.911124 9.309575 0.503326
outer loop
vertex 52.606825 0.700000 32.926783
vertex 60.713027 0.700000 33.368692
vertex 60.635680 0.700000 32.926783
endloop
endfacet
facet normal 0.862104 9.276870 0.757925
outer loop
vertex 52.606825 0.700000 32.926783
vertex 60.635680 0.700000 32.926783
vertex 52.734658 0.700000 32.496058
endloop
endfacet
facet normal -0.945489 9.233635 0.849873
outer loop
vertex 52.734658 0.700000 32.496058
vertex 60.635680 0.700000 32.926783
vertex 60.507847 0.700000 32.496058
endloop
endfacet
facet normal 0.867947 9.178087 1.129081
outer loop
vertex 52.734658 0.700000 32.496058
vertex 60.507847 0.700000 32.496058
vertex 52.911364 0.700000 32.081937
endloop
endfacet
facet normal -0.990217 9.107848 1.246919
outer loop
vertex 52.911364 0.700000 32.081937
vertex 60.507847 0.700000 32.496058
vertex 60.331141 0.700000 32.081937
endloop
endfacet
facet normal 0.878676 9.019799 1.563375
outer loop
vertex 52.911364 0.700000 32.081937
vertex 60.331141 0.700000 32.081937
vertex 53.134725 0.700000 31.689625
endloop
endfacet
facet normal -1.045530 8.909896 1.719453
outer loop
vertex 53.134725 0.700000 31.689625
vertex 60.331141 0.700000 32.081937
vertex 60.107780 0.700000 31.689625
endloop
endfacet
facet normal 0.891443 8.772929 2.088039
outer loop
vertex 53.134725 0.700000 31.689625
vertex 60.107780 0.700000 31.689625
vertex 53.401935 0.700000 31.324055
endloop
endfacet
facet normal -1.110114 8.602289 2.297029
outer loop
vertex 53.401935 0.700000 31.324055
vertex 60.107780 0.700000 31.689625
vertex 59.840575 0.700000 31.324055
endloop
endfacet
facet normal 0.900634 8.389738 2.733528
outer loop
vertex 53.401935 0.700000 31.324055
vertex 59.840575 0.700000 31.324055
vertex 53.709625 0.700000 30.989828
endloop
endfacet
facet normal -1.178891 8.125316 3.009929
outer loop
vertex 53.709625 0.700000 30.989828
vertex 59.840575 0.700000 31.324055
vertex 59.532880 0.700000 30.989828
endloop
endfacet
facet normal 0.895699 7.797551 3.525155
outer loop
vertex 53.709625 0.700000 30.989828
vertex 59.532880 0.700000 30.989828
vertex 54.053931 0.700000 30.691142
endloop
endfacet
facet normal -1.239452 7.394200 3.874666
outer loop
vertex 54.053931 0.700000 30.691142
vertex 59.532880 0.700000 30.989828
vertex 59.188575 0.700000 30.691142
endloop
endfacet
facet normal 0.859249 6.904028 4.459969
outer loop
vertex 54.053931 0.700000 30.691142
vertex 59.188575 0.700000 30.691142
vertex 54.430519 0.700000 30.431756
endloop
endfacet
facet normal -1.268779 6.319710 4.861996
outer loop
vertex 54.430519 0.700000 30.431756
vertex 59.188575 0.700000 30.691142
vertex 58.811981 0.700000 30.431756
endloop
endfacet
facet normal 0.769868 5.641761 5.468154
outer loop
vertex 54.430519 0.700000 30.431756
vertex 58.811981 0.700000 30.431756
vertex 54.834667 0.700000 30.214932
endloop
endfacet
facet normal -1.236996 4.882467 5.860395
outer loop
vertex 54.834667 0.700000 30.214932
vertex 58.811981 0.700000 30.431756
vertex 58.407843 0.700000 30.214932
endloop
endfacet
facet normal 0.613505 4.067957 6.396219
outer loop
vertex 54.834667 0.700000 30.214932
vertex 58.407843 0.700000 30.214932
vertex 55.261273 0.700000 30.043399
endloop
endfacet
facet normal -1.123074 3.236747 6.696615
outer loop
vertex 55.261273 0.700000 30.043399
vertex 58.407843 0.700000 30.214932
vertex 57.981232 0.700000 30.043399
endloop
endfacet
facet normal 0.395279 2.434180 7.079379
outer loop
vertex 55.261273 0.700000 30.043399
vertex 57.981232 0.700000 30.043399
vertex 55.704989 0.700000 29.919308
endloop
endfacet
facet normal -0.930634 1.704875 7.248457
outer loop
vertex 55.704989 0.700000 29.919308
vertex 57.981232 0.700000 30.043399
vertex 57.537522 0.700000 29.919308
endloop
endfacet
facet normal 0.136622 1.086130 7.463274
outer loop
vertex 55.704989 0.700000 29.919308
vertex 57.537522 0.700000 29.919308
vertex 56.160218 0.700000 29.844225
endloop
endfacet
facet normal -0.685513 0.604659 7.529541
outer loop
vertex 56.160218 0.700000 29.844225
vertex 57.537522 0.700000 29.919308
vertex 57.082287 0.700000 29.844225
endloop
endfacet
facet normal -0.138777 0.276864 7.617508
outer loop
vertex 56.160218 0.700000 29.844225
vertex 57.082287 0.700000 29.844225
vertex 56.621253 0.700000 29.819093
endloop
endfacet
facet normal -0.862639 9.333060 -0.427257
outer loop
vertex 60.713027 0.700000 34.263767
vertex 52.529478 0.700000 34.263767
vertex 60.635680 0.700000 34.705676
endloop
endfacet
facet normal 0.911127 9.309575 -0.503321
outer loop
vertex 60.635680 0.700000 34.705676
vertex 52.529478 0.700000 34.263767
vertex 52.606825 0.700000 34.705676
endloop
endfacet
facet normal -0.862104 9.276868 -0.757926
outer loop
vertex 60.635680 0.700000 34.705676
vertex 52.606825 0.700000 34.705676
vertex 60.507847 0.700000 35.136399
endloop
endfacet
facet normal 0.945484 9.233635 -0.849874
outer loop
vertex 60.507847 0.700000 35.136399
vertex 52.606825 0.700000 34.705676
vertex 52.734658 0.700000 35.136399
endloop
endfacet
facet normal -0.867951 9.178088 -1.129079
outer loop
vertex 60.507847 0.700000 35.136399
vertex 52.734658 0.700000 35.136399
vertex 60.331141 0.700000 35.550523
endloop
endfacet
facet normal 0.990217 9.107850 -1.246916
outer loop
vertex 60.331141 0.700000 35.550523
vertex 52.734658 0.700000 35.136399
vertex 52.911364 0.700000 35.550523
endloop
endfacet
facet normal -0.878674 9.019802 -1.563364
outer loop
vertex 60.331141 0.700000 35.550523
vertex 52.911364 0.700000 35.550523
vertex 60.107780 0.700000 35.942834
endloop
endfacet
facet normal 1.045530 8.909897 -1.719448
outer loop
vertex 60.107780 0.700000 35.942834
vertex 52.911364 0.700000 35.550523
vertex 53.134725 0.700000 35.942834
endloop
endfacet
facet normal -0.891444 8.772929 -2.088039
outer loop
vertex 60.107780 0.700000 35.942834
vertex 53.134725 0.700000 35.942834
vertex 59.840575 0.700000 36.308404
endloop
endfacet
facet normal 1.110113 8.602284 -2.297042
outer loop
vertex 59.840575 0.700000 36.308404
vertex 53.134725 0.700000 35.942834
vertex 53.401935 0.700000 36.308404
endloop
endfacet
facet normal -0.900633 8.389732 -2.733541
outer loop
vertex 59.840575 0.700000 36.308404
vertex 53.401935 0.700000 36.308404
vertex 59.532880 0.700000 36.642631
endloop
endfacet
facet normal 1.178893 8.125316 -3.009928
outer loop
vertex 59.532880 0.700000 36.642631
vertex 53.401935 0.700000 36.308404
vertex 53.709625 0.700000 36.642631
endloop
endfacet
facet normal -0.895693 7.797547 -3.525159
outer loop
vertex 59.532880 0.700000 36.642631
vertex 53.709625 0.700000 36.642631
vertex 59.188575 0.700000 36.941318
endloop
endfacet
facet normal 1.239459 7.394202 -3.874661
outer loop
vertex 59.188575 0.700000 36.941318
vertex 53.709625 0.700000 36.642631
vertex 54.053931 0.700000 36.941318
endloop
endfacet
facet normal -0.859245 6.904036 -4.459965
outer loop
vertex 59.188575 0.700000 36.941318
vertex 54.053931 0.700000 36.941318
vertex 58.811981 0.700000 37.200703
endloop
endfacet
facet normal 1.268779 6.319717 -4.861988
outer loop
vertex 58.811981 0.700000 37.200703
vertex 54.053931 0.700000 36.941318
vertex 54.430519 0.700000 37.200703
endloop
endfacet
facet normal -0.769874 5.641757 -5.468152
outer loop
vertex 58.811981 0.700000 37.200703
vertex 54.430519 0.700000 37.200703
vertex 58.407843 0.700000 37.417524
endloop
endfacet
facet normal 1.236979 4.882446 -5.860410
outer loop
vertex 58.407843 0.700000 37.417524
vertex 54.430519 0.700000 37.200703
vertex 54.834667 0.700000 37.417524
endloop
endfacet
facet normal -0.613527 4.067957 -6.396223
outer loop
vertex 58.407843 0.700000 37.417524
vertex 54.834667 0.700000 37.417524
vertex 57.981232 0.700000 37.589060
endloop
endfacet
facet normal 1.123067 3.236761 -6.696613
outer loop
vertex 57.981232 0.700000 37.589060
vertex 54.834667 0.700000 37.417524
vertex 55.261273 0.700000 37.589060
endloop
endfacet
facet normal -0.395272 2.434198 -7.079369
outer loop
vertex 57.981232 0.700000 37.589060
vertex 55.261273 0.700000 37.589060
vertex 57.537522 0.700000 37.713151
endloop
endfacet
facet normal 0.930644 1.704878 -7.248453
outer loop
vertex 57.537522 0.700000 37.713151
vertex 55.261273 0.700000 37.589060
vertex 55.704989 0.700000 37.713151
endloop
endfacet
facet normal -0.136621 1.086126 -7.463275
outer loop
vertex 57.537522 0.700000 37.713151
vertex 55.704989 0.700000 37.713151
vertex 57.082287 0.700000 37.788234
endloop
endfacet
facet normal 0.685514 0.604658 -7.529542
outer loop
vertex 57.082287 0.700000 37.788234
vertex 55.704989 0.700000 37.713151
vertex 56.160218 0.700000 37.788234
endloop
endfacet
facet normal 0.138780 0.276864 -7.617508
outer loop
vertex 57.082287 0.700000 37.788234
vertex 56.160218 0.700000 37.788234
vertex 56.621253 0.700000 37.813366
endloop
endfacet
facet normal 2.445179 9.435779 -0.206535
outer loop
vertex 36.381776 3.000000 -100.783973
vertex 36.381776 0.700000 -100.783973
vertex 36.355884 3.000000 -101.231503
endloop
endfacet
facet normal 2.535631 9.395577 -0.083549
outer loop
vertex 36.355884 3.000000 -101.231503
vertex 36.381776 0.700000 -100.783973
vertex 36.355884 0.700000 -101.231503
endloop
endfacet
facet normal 2.428372 9.447416 0.076824
outer loop
vertex 36.355884 3.000000 -101.231503
vertex 36.355884 0.700000 -101.231503
vertex 36.381776 3.000000 -101.679042
endloop
endfacet
facet normal 2.520107 9.400076 0.209916
outer loop
vertex 36.381776 3.000000 -101.679042
vertex 36.355884 0.700000 -101.231503
vertex 36.381776 0.700000 -101.679042
endloop
endfacet
facet normal 2.423106 9.438733 0.359865
outer loop
vertex 36.381776 3.000000 -101.679042
vertex 36.381776 0.700000 -101.679042
vertex 36.459123 3.000000 -102.120952
endloop
endfacet
facet normal 2.522525 9.379162 0.508678
outer loop
vertex 36.459123 3.000000 -102.120952
vertex 36.381776 0.700000 -101.679042
vertex 36.459123 0.700000 -102.120952
endloop
endfacet
facet normal 2.429099 9.408561 0.653996
outer loop
vertex 36.459123 3.000000 -102.120952
vertex 36.459123 0.700000 -102.120952
vertex 36.586953 3.000000 -102.551679
endloop
endfacet
facet normal 2.542442 9.329753 0.827175
outer loop
vertex 36.586953 3.000000 -102.551679
vertex 36.459123 0.700000 -102.120952
vertex 36.586953 0.700000 -102.551679
endloop
endfacet
facet normal 2.446155 9.352623 0.971817
outer loop
vertex 36.586953 3.000000 -102.551679
vertex 36.586953 0.700000 -102.551679
vertex 36.763662 3.000000 -102.965803
endloop
endfacet
facet normal 2.579251 9.244192 1.181772
outer loop
vertex 36.763662 3.000000 -102.965803
vertex 36.586953 0.700000 -102.551679
vertex 36.763662 0.700000 -102.965803
endloop
endfacet
facet normal 2.473975 9.262333 1.328500
outer loop
vertex 36.763662 3.000000 -102.965803
vertex 36.763662 0.700000 -102.965803
vertex 36.987023 3.000000 -103.358112
endloop
endfacet
facet normal 2.631564 9.108181 1.592260
outer loop
vertex 36.987023 3.000000 -103.358112
vertex 36.763662 0.700000 -102.965803
vertex 36.987023 0.700000 -103.358112
endloop
endfacet
facet normal 2.511618 9.122291 1.743521
outer loop
vertex 36.987023 3.000000 -103.358112
vertex 36.987023 0.700000 -103.358112
vertex 37.254228 3.000000 -103.723682
endloop
endfacet
facet normal 2.695703 8.896944 2.083217
outer loop
vertex 37.254228 3.000000 -103.723682
vertex 36.987023 0.700000 -103.358112
vertex 37.254228 0.700000 -103.723682
endloop
endfacet
facet normal 2.556234 8.905465 2.242693
outer loop
vertex 37.254228 3.000000 -103.723682
vertex 37.254228 0.700000 -103.723682
vertex 37.561921 3.000000 -104.057909
endloop
endfacet
facet normal 2.762727 8.568898 2.684007
outer loop
vertex 37.561921 3.000000 -104.057909
vertex 37.254228 0.700000 -103.723682
vertex 37.561921 0.700000 -104.057909
endloop
endfacet
facet normal 2.600560 8.564147 2.859729
outer loop
vertex 37.561921 3.000000 -104.057909
vertex 37.561921 0.700000 -104.057909
vertex 37.906226 3.000000 -104.356598
endloop
endfacet
facet normal 2.813053 8.057219 3.424482
outer loop
vertex 37.906226 3.000000 -104.356598
vertex 37.561921 0.700000 -104.057909
vertex 37.906226 0.700000 -104.356598
endloop
endfacet
facet normal 2.627562 8.013862 3.634870
outer loop
vertex 37.906226 3.000000 -104.356598
vertex 37.906226 0.700000 -104.356598
vertex 38.282819 3.000000 -104.615981
endloop
endfacet
facet normal 2.808900 7.264020 4.320854
outer loop
vertex 38.282819 3.000000 -104.615981
vertex 37.906226 0.700000 -104.356598
vertex 38.282819 0.700000 -104.615981
endloop
endfacet
facet normal 2.601024 7.106825 4.601876
outer loop
vertex 38.282819 3.000000 -104.615981
vertex 38.282819 0.700000 -104.615981
vertex 38.686957 3.000000 -104.832800
endloop
endfacet
facet normal 2.690003 6.068860 5.347171
outer loop
vertex 38.686957 3.000000 -104.832800
vertex 38.282819 0.700000 -104.615981
vertex 38.686957 0.700000 -104.832800
endloop
endfacet
facet normal 2.451302 5.602306 5.737486
outer loop
vertex 38.686957 3.000000 -104.832800
vertex 38.686957 0.700000 -104.832800
vertex 39.113571 3.000000 -105.004333
endloop
endfacet
facet normal 2.381675 4.360683 6.394299
outer loop
vertex 39.113571 3.000000 -105.004333
vertex 38.686957 0.700000 -104.832800
vertex 39.113571 0.700000 -105.004333
endloop
endfacet
facet normal 1.482978 6.059889 4.378889
outer loop
vertex 39.113571 3.000000 -105.004333
vertex 39.113571 0.700000 -105.004333
vertex 39.557282 3.000000 -105.128429
endloop
endfacet
facet normal 1.233177 4.964596 4.763575
outer loop
vertex 39.557282 3.000000 -105.128429
vertex 39.113571 0.700000 -105.004333
vertex 39.557282 0.700000 -105.128429
endloop
endfacet
facet normal 0.695954 6.543224 3.999696
outer loop
vertex 39.557282 3.000000 -105.128429
vertex 39.557282 0.700000 -105.128429
vertex 40.012516 3.000000 -105.203512
endloop
endfacet
facet normal 0.925344 3.394087 6.530304
outer loop
vertex 40.012516 3.000000 -105.203512
vertex 39.557282 0.700000 -105.128429
vertex 40.012516 0.700000 -105.203512
endloop
endfacet
facet normal 0.447621 5.805602 5.229898
outer loop
vertex 40.012516 3.000000 -105.203512
vertex 40.012516 0.700000 -105.203512
vertex 40.473548 3.000000 -105.228647
endloop
endfacet
facet normal 0.205646 3.169869 6.250830
outer loop
vertex 40.473548 3.000000 -105.228647
vertex 40.012516 0.700000 -105.203512
vertex 40.473548 0.700000 -105.228647
endloop
endfacet
facet normal -0.109528 6.089646 4.640199
outer loop
vertex 40.473548 3.000000 -105.228647
vertex 40.473548 0.700000 -105.228647
vertex 40.934580 3.000000 -105.203512
endloop
endfacet
facet normal -0.453952 3.196647 6.006875
outer loop
vertex 40.934580 3.000000 -105.203512
vertex 40.473548 0.700000 -105.228647
vertex 40.934580 0.700000 -105.203512
endloop
endfacet
facet normal -0.562350 6.351608 4.219677
outer loop
vertex 40.934580 3.000000 -105.203512
vertex 40.934580 0.700000 -105.203512
vertex 41.389814 3.000000 -105.128429
endloop
endfacet
facet normal -1.071167 3.594029 5.756875
outer loop
vertex 41.389814 3.000000 -105.128429
vertex 40.934580 0.700000 -105.203512
vertex 41.389814 0.700000 -105.128429
endloop
endfacet
facet normal -0.954036 6.732925 3.872951
outer loop
vertex 41.389814 3.000000 -105.128429
vertex 41.389814 0.700000 -105.128429
vertex 41.833527 3.000000 -105.004333
endloop
endfacet
facet normal -1.635667 4.362323 5.430789
outer loop
vertex 41.833527 3.000000 -105.004333
vertex 41.389814 0.700000 -105.128429
vertex 41.833527 0.700000 -105.004333
endloop
endfacet
facet normal -1.288943 7.253032 3.520741
outer loop
vertex 41.833527 3.000000 -105.004333
vertex 41.833527 0.700000 -105.004333
vertex 42.260136 3.000000 -104.832800
endloop
endfacet
facet normal -2.102270 5.398160 4.955648
outer loop
vertex 42.260136 3.000000 -104.832800
vertex 41.833527 0.700000 -105.004333
vertex 42.260136 0.700000 -104.832800
endloop
endfacet
facet normal -1.545608 7.847771 3.111930
outer loop
vertex 42.260136 3.000000 -104.832800
vertex 42.260136 0.700000 -104.832800
vertex 42.664279 3.000000 -104.615981
endloop
endfacet
facet normal -2.416899 6.500854 4.317095
outer loop
vertex 42.664279 3.000000 -104.615981
vertex 42.260136 0.700000 -104.832800
vertex 42.664279 0.700000 -104.615981
endloop
endfacet
facet normal -1.706144 8.405457 2.651248
outer loop
vertex 42.664279 3.000000 -104.615981
vertex 42.664279 0.700000 -104.615981
vertex 43.040870 3.000000 -104.356598
endloop
endfacet
facet normal -2.564872 7.464985 3.588417
outer loop
vertex 43.040870 3.000000 -104.356598
vertex 42.664279 0.700000 -104.615981
vertex 43.040870 0.700000 -104.356598
endloop
endfacet
facet normal -1.782234 8.844179 2.188240
outer loop
vertex 43.040870 3.000000 -104.356598
vertex 43.040870 0.700000 -104.356598
vertex 43.385175 3.000000 -104.057909
endloop
endfacet
facet normal -2.584841 8.189059 2.876526
outer loop
vertex 43.385175 3.000000 -104.057909
vertex 43.040870 0.700000 -104.356598
vertex 43.385175 0.700000 -104.057909
endloop
endfacet
facet normal -1.806166 9.150473 1.768188
outer loop
vertex 43.385175 3.000000 -104.057909
vertex 43.385175 0.700000 -104.057909
vertex 43.692871 3.000000 -103.723682
endloop
endfacet
facet normal -2.535372 8.683380 2.251097
outer loop
vertex 43.692871 3.000000 -103.723682
vertex 43.385175 0.700000 -104.057909
vertex 43.692871 0.700000 -103.723682
endloop
endfacet
facet normal -1.807884 9.351435 1.407223
outer loop
vertex 43.692871 3.000000 -103.723682
vertex 43.692871 0.700000 -103.723682
vertex 43.960075 3.000000 -103.358112
endloop
endfacet
facet normal -2.462148 9.005926 1.729554
outer loop
vertex 43.960075 3.000000 -103.358112
vertex 43.692871 0.700000 -103.723682
vertex 43.960075 0.700000 -103.358112
endloop
endfacet
facet normal -1.805912 9.479750 1.100530
outer loop
vertex 43.960075 3.000000 -103.358112
vertex 43.960075 0.700000 -103.358112
vertex 44.183437 3.000000 -102.965803
endloop
endfacet
facet normal -2.390852 9.213078 1.299422
outer loop
vertex 44.183437 3.000000 -102.965803
vertex 43.960075 0.700000 -103.358112
vertex 44.183437 0.700000 -102.965803
endloop
endfacet
facet normal -1.809787 9.559976 0.835505
outer loop
vertex 44.183437 3.000000 -102.965803
vertex 44.183437 0.700000 -102.965803
vertex 44.360143 3.000000 -102.551679
endloop
endfacet
facet normal -2.333360 9.344842 0.939081
outer loop
vertex 44.360143 3.000000 -102.551679
vertex 44.183437 0.700000 -102.965803
vertex 44.360143 0.700000 -102.551679
endloop
endfacet
facet normal -1.392571 9.668964 0.488433
outer loop
vertex 44.360143 3.000000 -102.551679
vertex 44.360143 0.700000 -102.551679
vertex 44.487975 3.000000 -102.120952
endloop
endfacet
facet normal -1.862866 9.487518 0.517061
outer loop
vertex 44.487975 3.000000 -102.120952
vertex 44.360143 0.700000 -102.551679
vertex 44.487975 0.700000 -102.120952
endloop
endfacet
facet normal -2.190546 9.288358 0.372099
outer loop
vertex 44.487975 3.000000 -102.120952
vertex 44.487975 0.700000 -102.120952
vertex 44.565323 3.000000 -101.679042
endloop
endfacet
facet normal -3.046398 9.067181 0.450309
outer loop
vertex 44.565323 3.000000 -101.679042
vertex 44.487975 0.700000 -102.120952
vertex 44.565323 0.700000 -101.679042
endloop
endfacet
facet normal -3.278452 8.936215 0.278068
outer loop
vertex 44.565323 3.000000 -101.679042
vertex 44.565323 0.700000 -101.679042
vertex 44.591214 3.000000 -101.231503
endloop
endfacet
facet normal -2.892207 9.193789 0.090425
outer loop
vertex 44.591214 3.000000 -101.231503
vertex 44.565323 0.700000 -101.679042
vertex 44.591214 0.700000 -101.231503
endloop
endfacet
facet normal -3.041502 9.108626 -0.094729
outer loop
vertex 44.591214 3.000000 -101.231503
vertex 44.591214 0.700000 -101.231503
vertex 44.565323 3.000000 -100.783973
endloop
endfacet
facet normal -2.776661 9.263073 -0.234698
outer loop
vertex 44.565323 3.000000 -100.783973
vertex 44.591214 0.700000 -101.231503
vertex 44.565323 0.700000 -100.783973
endloop
endfacet
facet normal -2.850387 9.212476 -0.421340
outer loop
vertex 44.565323 3.000000 -100.783973
vertex 44.565323 0.700000 -100.783973
vertex 44.487975 3.000000 -100.342064
endloop
endfacet
facet normal -2.693247 9.289911 -0.545376
outer loop
vertex 44.487975 3.000000 -100.342064
vertex 44.565323 0.700000 -100.783973
vertex 44.487975 0.700000 -100.342064
endloop
endfacet
facet normal -2.694347 9.269211 -0.722736
outer loop
vertex 44.487975 3.000000 -100.342064
vertex 44.487975 0.700000 -100.342064
vertex 44.360143 3.000000 -99.911336
endloop
endfacet
facet normal -2.636975 9.279652 -0.859221
outer loop
vertex 44.360143 3.000000 -99.911336
vertex 44.487975 0.700000 -100.342064
vertex 44.360143 0.700000 -99.911336
endloop
endfacet
facet normal -2.565287 9.288836 -1.015481
outer loop
vertex 44.360143 3.000000 -99.911336
vertex 44.360143 0.700000 -99.911336
vertex 44.183437 3.000000 -99.497212
endloop
endfacet
facet normal -2.603851 9.230508 -1.193390
outer loop
vertex 44.183437 3.000000 -99.497212
vertex 44.360143 0.700000 -99.911336
vertex 44.183437 0.700000 -99.497212
endloop
endfacet
facet normal -2.456829 9.273934 -1.314208
outer loop
vertex 44.183437 3.000000 -99.497212
vertex 44.183437 0.700000 -99.497212
vertex 43.960075 3.000000 -99.104903
endloop
endfacet
facet normal -2.589818 9.133467 -1.566346
outer loop
vertex 43.960075 3.000000 -99.104903
vertex 44.183437 0.700000 -99.497212
vertex 43.960075 0.700000 -99.104903
endloop
endfacet
facet normal -1.764072 9.425828 -1.159721
outer loop
vertex 43.960075 3.000000 -99.104903
vertex 43.960075 0.700000 -99.104903
vertex 43.692871 3.000000 -98.739333
endloop
endfacet
facet normal -1.989901 9.175194 -1.525333
outer loop
vertex 43.692871 3.000000 -98.739333
vertex 43.960075 0.700000 -99.104903
vertex 43.692871 0.700000 -98.739333
endloop
endfacet
facet normal -2.421633 8.339614 -2.251615
outer loop
vertex 43.692871 3.000000 -98.739333
vertex 43.692871 0.700000 -98.739333
vertex 43.385175 3.000000 -98.405106
endloop
endfacet
facet normal -3.333926 7.724794 -3.250819
outer loop
vertex 43.385175 3.000000 -98.405106
vertex 43.692871 0.700000 -98.739333
vertex 43.385175 0.700000 -98.405106
endloop
endfacet
facet normal -3.494161 7.186658 -3.827373
outer loop
vertex 43.385175 3.000000 -98.405106
vertex 43.385175 0.700000 -98.405106
vertex 43.040870 3.000000 -98.106417
endloop
endfacet
facet normal -3.135455 7.523834 -3.825316
outer loop
vertex 43.040870 3.000000 -98.106417
vertex 43.385175 0.700000 -98.405106
vertex 43.040870 0.700000 -98.106417
endloop
endfacet
facet normal -3.050502 7.277143 -4.193881
outer loop
vertex 43.040870 3.000000 -98.106417
vertex 43.040870 0.700000 -98.106417
vertex 42.664279 3.000000 -97.847034
endloop
endfacet
facet normal -2.909437 7.060682 -4.479035
outer loop
vertex 42.664279 3.000000 -97.847034
vertex 43.040870 0.700000 -98.106417
vertex 42.664279 0.700000 -97.847034
endloop
endfacet
facet normal -2.614194 7.145872 -4.581770
outer loop
vertex 42.664279 3.000000 -97.847034
vertex 42.664279 0.700000 -97.847034
vertex 42.260136 3.000000 -97.630215
endloop
endfacet
facet normal -2.602662 6.311258 -5.168866
outer loop
vertex 42.260136 3.000000 -97.630215
vertex 42.664279 0.700000 -97.847034
vertex 42.260136 0.700000 -97.630215
endloop
endfacet
facet normal -2.148664 6.812090 -4.961417
outer loop
vertex 42.260136 3.000000 -97.630215
vertex 42.260136 0.700000 -97.630215
vertex 41.833527 3.000000 -97.458672
endloop
endfacet
facet normal -2.166384 5.328105 -5.796521
outer loop
vertex 41.833527 3.000000 -97.458672
vertex 42.260136 0.700000 -97.630215
vertex 41.833527 0.700000 -97.458672
endloop
endfacet
facet normal -1.627571 6.345342 -5.276045
outer loop
vertex 41.833527 3.000000 -97.458672
vertex 41.833527 0.700000 -97.458672
vertex 41.389814 3.000000 -97.334586
endloop
endfacet
facet normal -1.593053 4.282634 -6.258496
outer loop
vertex 41.389814 3.000000 -97.334586
vertex 41.833527 0.700000 -97.458672
vertex 41.389814 0.700000 -97.334586
endloop
endfacet
facet normal -1.054760 5.869715 -5.486108
outer loop
vertex 41.389814 3.000000 -97.334586
vertex 41.389814 0.700000 -97.334586
vertex 40.934580 3.000000 -97.259503
endloop
endfacet
facet normal -0.924239 3.402532 -6.521803
outer loop
vertex 40.934580 3.000000 -97.259503
vertex 41.389814 0.700000 -97.334586
vertex 40.934580 0.700000 -97.259503
endloop
endfacet
facet normal -0.453460 5.500804 -5.602555
outer loop
vertex 40.934580 3.000000 -97.259503
vertex 40.934580 0.700000 -97.259503
vertex 40.473548 3.000000 -97.234369
endloop
endfacet
facet normal -0.212572 2.856590 -6.631997
outer loop
vertex 40.473548 3.000000 -97.234369
vertex 40.934580 0.700000 -97.259503
vertex 40.473548 0.700000 -97.234369
endloop
endfacet
facet normal 0.160961 5.295829 -5.662588
outer loop
vertex 40.473548 3.000000 -97.234369
vertex 40.473548 0.700000 -97.234369
vertex 40.012516 3.000000 -97.259503
endloop
endfacet
facet normal 0.512311 2.716107 -6.648097
outer loop
vertex 40.012516 3.000000 -97.259503
vertex 40.473548 0.700000 -97.234369
vertex 40.012516 0.700000 -97.259503
endloop
endfacet
facet normal 0.788461 5.265712 -5.689236
outer loop
vertex 40.012516 3.000000 -97.259503
vertex 40.012516 0.700000 -97.259503
vertex 39.557282 3.000000 -97.334586
endloop
endfacet
facet normal 1.238886 2.988660 -6.585221
outer loop
vertex 39.557282 3.000000 -97.334586
vertex 40.012516 0.700000 -97.259503
vertex 39.557282 0.700000 -97.334586
endloop
endfacet
facet normal 1.432516 5.396140 -5.674233
outer loop
vertex 39.557282 3.000000 -97.334586
vertex 39.557282 0.700000 -97.334586
vertex 39.113571 3.000000 -97.458672
endloop
endfacet
facet normal 1.946408 3.630876 -6.403734
outer loop
vertex 39.113571 3.000000 -97.458672
vertex 39.557282 0.700000 -97.334586
vertex 39.113571 0.700000 -97.458672
endloop
endfacet
facet normal 2.084990 5.637224 -5.583427
outer loop
vertex 39.113571 3.000000 -97.458672
vertex 39.113571 0.700000 -97.458672
vertex 38.686957 3.000000 -97.630215
endloop
endfacet
facet normal 2.587568 4.513806 -6.045377
outer loop
vertex 38.686957 3.000000 -97.630215
vertex 39.113571 0.700000 -97.458672
vertex 38.686957 0.700000 -97.630215
endloop
endfacet
facet normal 2.723315 5.875594 -5.385503
outer loop
vertex 38.686957 3.000000 -97.630215
vertex 38.686957 0.700000 -97.630215
vertex 38.282819 3.000000 -97.847034
endloop
endfacet
facet normal 3.109332 5.413050 -5.500918
outer loop
vertex 38.282819 3.000000 -97.847034
vertex 38.686957 0.700000 -97.630215
vertex 38.282819 0.700000 -97.847034
endloop
endfacet
facet normal 2.274644 7.363096 -3.668718
outer loop
vertex 38.282819 3.000000 -97.847034
vertex 38.282819 0.700000 -97.847034
vertex 37.906226 3.000000 -98.106417
endloop
endfacet
facet normal 2.440948 7.510465 -3.422046
outer loop
vertex 37.906226 3.000000 -98.106417
vertex 38.282819 0.700000 -97.847034
vertex 37.906226 0.700000 -98.106417
endloop
endfacet
facet normal 1.362997 8.952730 -1.706046
outer loop
vertex 37.906226 3.000000 -98.106417
vertex 37.906226 0.700000 -98.106417
vertex 37.561921 3.000000 -98.405106
endloop
endfacet
facet normal 2.289528 8.252131 -2.560701
outer loop
vertex 37.561921 3.000000 -98.405106
vertex 37.906226 0.700000 -98.106417
vertex 37.561921 0.700000 -98.405106
endloop
endfacet
facet normal 1.205600 9.272018 -1.191809
outer loop
vertex 37.561921 3.000000 -98.405106
vertex 37.561921 0.700000 -98.405106
vertex 37.254228 3.000000 -98.739333
endloop
endfacet
facet normal 2.230119 8.741854 -1.990538
outer loop
vertex 37.254228 3.000000 -98.739333
vertex 37.561921 0.700000 -98.405106
vertex 37.254228 0.700000 -98.739333
endloop
endfacet
facet normal 1.151978 9.467156 -0.910154
outer loop
vertex 37.254228 3.000000 -98.739333
vertex 37.254228 0.700000 -98.739333
vertex 36.987023 3.000000 -99.104903
endloop
endfacet
facet normal 2.111496 9.063177 -1.493036
outer loop
vertex 36.987023 3.000000 -99.104903
vertex 37.254228 0.700000 -98.739333
vertex 36.987023 0.700000 -99.104903
endloop
endfacet
facet normal 1.072459 9.594014 -0.664931
outer loop
vertex 36.987023 3.000000 -99.104903
vertex 36.987023 0.700000 -99.104903
vertex 36.763662 3.000000 -99.497212
endloop
endfacet
facet normal 2.008051 9.270092 -1.100343
outer loop
vertex 36.763662 3.000000 -99.497212
vertex 36.987023 0.700000 -99.104903
vertex 36.763662 0.700000 -99.497212
endloop
endfacet
facet normal 1.789849 9.473606 -0.775132
outer loop
vertex 36.763662 3.000000 -99.497212
vertex 36.763662 0.700000 -99.497212
vertex 36.586953 3.000000 -99.911336
endloop
endfacet
facet normal 2.696223 9.201456 -1.077789
outer loop
vertex 36.586953 3.000000 -99.911336
vertex 36.763662 0.700000 -99.497212
vertex 36.586953 0.700000 -99.911336
endloop
endfacet
facet normal 2.515629 9.341593 -0.821366
outer loop
vertex 36.586953 3.000000 -99.911336
vertex 36.586953 0.700000 -99.911336
vertex 36.459123 3.000000 -100.342064
endloop
endfacet
facet normal 2.623062 9.303532 -0.711286
outer loop
vertex 36.459123 3.000000 -100.342064
vertex 36.586953 0.700000 -99.911336
vertex 36.459123 0.700000 -100.342064
endloop
endfacet
facet normal 2.474057 9.402141 -0.501668
outer loop
vertex 36.459123 3.000000 -100.342064
vertex 36.459123 0.700000 -100.342064
vertex 36.381776 3.000000 -100.783973
endloop
endfacet
facet normal 2.569707 9.364954 -0.385651
outer loop
vertex 36.381776 3.000000 -100.783973
vertex 36.459123 0.700000 -100.342064
vertex 36.381776 0.700000 -100.783973
endloop
endfacet
facet normal 0.886392 9.348233 -0.186606
outer loop
vertex 36.381776 0.700000 -100.783973
vertex 44.565323 0.700000 -100.783973
vertex 36.355884 0.700000 -101.231503
endloop
endfacet
facet normal -0.870479 9.355682 -0.118075
outer loop
vertex 36.355884 0.700000 -101.231503
vertex 44.565323 0.700000 -100.783973
vertex 44.591214 0.700000 -101.231503
endloop
endfacet
facet normal 0.870496 9.355685 0.118073
outer loop
vertex 36.355884 0.700000 -101.231503
vertex 44.591214 0.700000 -101.231503
vertex 36.381776 0.700000 -101.679042
endloop
endfacet
facet normal -0.886392 9.348239 0.186603
outer loop
vertex 36.381776 0.700000 -101.679042
vertex 44.591214 0.700000 -101.231503
vertex 44.565323 0.700000 -101.679042
endloop
endfacet
facet normal 0.862639 9.333058 0.427259
outer loop
vertex 36.381776 0.700000 -101.679042
vertex 44.565323 0.700000 -101.679042
vertex 36.459123 0.700000 -102.120952
endloop
endfacet
facet normal -0.911122 9.309574 0.503322
outer loop
vertex 36.459123 0.700000 -102.120952
vertex 44.565323 0.700000 -101.679042
vertex 44.487975 0.700000 -102.120952
endloop
endfacet
facet normal 0.862107 9.276870 0.757920
outer loop
vertex 36.459123 0.700000 -102.120952
vertex 44.487975 0.700000 -102.120952
vertex 36.586953 0.700000 -102.551679
endloop
endfacet
facet normal -0.945488 9.233636 0.849870
outer loop
vertex 36.586953 0.700000 -102.551679
vertex 44.487975 0.700000 -102.120952
vertex 44.360143 0.700000 -102.551679
endloop
endfacet
facet normal 0.867944 9.178089 1.129080
outer loop
vertex 36.586953 0.700000 -102.551679
vertex 44.360143 0.700000 -102.551679
vertex 36.763662 0.700000 -102.965803
endloop
endfacet
facet normal -0.990224 9.107848 1.246919
outer loop
vertex 36.763662 0.700000 -102.965803
vertex 44.360143 0.700000 -102.551679
vertex 44.183437 0.700000 -102.965803
endloop
endfacet
facet normal 0.878672 9.019799 1.563371
outer loop
vertex 36.763662 0.700000 -102.965803
vertex 44.183437 0.700000 -102.965803
vertex 36.987023 0.700000 -103.358112
endloop
endfacet
facet normal -1.045529 8.909895 1.719450
outer loop
vertex 36.987023 0.700000 -103.358112
vertex 44.183437 0.700000 -102.965803
vertex 43.960075 0.700000 -103.358112
endloop
endfacet
facet normal 0.891447 8.772930 2.088035
outer loop
vertex 36.987023 0.700000 -103.358112
vertex 43.960075 0.700000 -103.358112
vertex 37.254228 0.700000 -103.723682
endloop
endfacet
facet normal -1.110112 8.602290 2.297030
outer loop
vertex 37.254228 0.700000 -103.723682
vertex 43.960075 0.700000 -103.358112
vertex 43.692871 0.700000 -103.723682
endloop
endfacet
facet normal 0.900637 8.389737 2.733527
outer loop
vertex 37.254228 0.700000 -103.723682
vertex 43.692871 0.700000 -103.723682
vertex 37.561921 0.700000 -104.057909
endloop
endfacet
facet normal -1.178887 8.125319 3.009924
outer loop
vertex 37.561921 0.700000 -104.057909
vertex 43.692871 0.700000 -103.723682
vertex 43.385175 0.700000 -104.057909
endloop
endfacet
facet normal 0.895696 7.797552 3.525157
outer loop
vertex 37.561921 0.700000 -104.057909
vertex 43.385175 0.700000 -104.057909
vertex 37.906226 0.700000 -104.356598
endloop
endfacet
facet normal -1.239463 7.394199 3.874668
outer loop
vertex 37.906226 0.700000 -104.356598
vertex 43.385175 0.700000 -104.057909
vertex 43.040870 0.700000 -104.356598
endloop
endfacet
facet normal 0.859233 6.904024 4.459977
outer loop
vertex 37.906226 0.700000 -104.356598
vertex 43.040870 0.700000 -104.356598
vertex 38.282819 0.700000 -104.615981
endloop
endfacet
facet normal -1.268782 6.319690 4.862012
outer loop
vertex 38.282819 0.700000 -104.615981
vertex 43.040870 0.700000 -104.356598
vertex 42.664279 0.700000 -104.615981
endloop
endfacet
facet normal 0.769864 5.641721 5.468184
outer loop
vertex 38.282819 0.700000 -104.615981
vertex 42.664279 0.700000 -104.615981
vertex 38.686957 0.700000 -104.832800
endloop
endfacet
facet normal -1.236980 4.882414 5.860436
outer loop
vertex 38.686957 0.700000 -104.832800
vertex 42.664279 0.700000 -104.615981
vertex 42.260136 0.700000 -104.832800
endloop
endfacet
facet normal 0.613532 4.067930 6.396238
outer loop
vertex 38.686957 0.700000 -104.832800
vertex 42.260136 0.700000 -104.832800
vertex 39.113571 0.700000 -105.004333
endloop
endfacet
facet normal -1.123050 3.236759 6.696614
outer loop
vertex 39.113571 0.700000 -105.004333
vertex 42.260136 0.700000 -104.832800
vertex 41.833527 0.700000 -105.004333
endloop
endfacet
facet normal 0.395293 2.434220 7.079361
outer loop
vertex 39.113571 0.700000 -105.004333
vertex 41.833527 0.700000 -105.004333
vertex 39.557282 0.700000 -105.128429
endloop
endfacet
facet normal -0.930651 1.704911 7.248443
outer loop
vertex 39.557282 0.700000 -105.128429
vertex 41.833527 0.700000 -105.004333
vertex 41.389814 0.700000 -105.128429
endloop
endfacet
facet normal 0.136622 1.086151 7.463265
outer loop
vertex 39.557282 0.700000 -105.128429
vertex 41.389814 0.700000 -105.128429
vertex 40.012516 0.700000 -105.203512
endloop
endfacet
facet normal -0.685524 0.604667 7.529535
outer loop
vertex 40.012516 0.700000 -105.203512
vertex 41.389814 0.700000 -105.128429
vertex 40.934580 0.700000 -105.203512
endloop
endfacet
facet normal -0.138778 0.276869 7.617506
outer loop
vertex 40.012516 0.700000 -105.203512
vertex 40.934580 0.700000 -105.203512
vertex 40.473548 0.700000 -105.228647
endloop
endfacet
facet normal -0.862651 9.333058 -0.427265
outer loop
vertex 44.565323 0.700000 -100.783973
vertex 36.381776 0.700000 -100.783973
vertex 44.487975 0.700000 -100.342064
endloop
endfacet
facet normal 0.911117 9.309577 -0.503324
outer loop
vertex 44.487975 0.700000 -100.342064
vertex 36.381776 0.700000 -100.783973
vertex 36.459123 0.700000 -100.342064
endloop
endfacet
facet normal -0.862107 9.276871 -0.757920
outer loop
vertex 44.487975 0.700000 -100.342064
vertex 36.459123 0.700000 -100.342064
vertex 44.360143 0.700000 -99.911336
endloop
endfacet
facet normal 0.945488 9.233637 -0.849865
outer loop
vertex 44.360143 0.700000 -99.911336
vertex 36.459123 0.700000 -100.342064
vertex 36.586953 0.700000 -99.911336
endloop
endfacet
facet normal -0.867944 9.178090 -1.129075
outer loop
vertex 44.360143 0.700000 -99.911336
vertex 36.586953 0.700000 -99.911336
vertex 44.183437 0.700000 -99.497212
endloop
endfacet
facet normal 0.990224 9.107847 -1.246919
outer loop
vertex 44.183437 0.700000 -99.497212
vertex 36.586953 0.700000 -99.911336
vertex 36.763662 0.700000 -99.497212
endloop
endfacet
facet normal -0.878673 9.019799 -1.563373
outer loop
vertex 44.183437 0.700000 -99.497212
vertex 36.763662 0.700000 -99.497212
vertex 43.960075 0.700000 -99.104903
endloop
endfacet
facet normal 1.045529 8.909894 -1.719454
outer loop
vertex 43.960075 0.700000 -99.104903
vertex 36.763662 0.700000 -99.497212
vertex 36.987023 0.700000 -99.104903
endloop
endfacet
facet normal -0.891447 8.772929 -2.088039
outer loop
vertex 43.960075 0.700000 -99.104903
vertex 36.987023 0.700000 -99.104903
vertex 43.692871 0.700000 -98.739333
endloop
endfacet
facet normal 1.110113 8.602289 -2.297032
outer loop
vertex 43.692871 0.700000 -98.739333
vertex 36.987023 0.700000 -99.104903
vertex 37.254228 0.700000 -98.739333
endloop
endfacet
facet normal -0.900635 8.389735 -2.733531
outer loop
vertex 43.692871 0.700000 -98.739333
vertex 37.254228 0.700000 -98.739333
vertex 43.385175 0.700000 -98.405106
endloop
endfacet
facet normal 1.178889 8.125321 -3.009919
outer loop
vertex 43.385175 0.700000 -98.405106
vertex 37.254228 0.700000 -98.739333
vertex 37.561921 0.700000 -98.405106
endloop
endfacet
facet normal -0.895695 7.797557 -3.525150
outer loop
vertex 43.385175 0.700000 -98.405106
vertex 37.561921 0.700000 -98.405106
vertex 43.040870 0.700000 -98.106417
endloop
endfacet
facet normal 1.239462 7.394203 -3.874661
outer loop
vertex 43.040870 0.700000 -98.106417
vertex 37.561921 0.700000 -98.405106
vertex 37.906226 0.700000 -98.106417
endloop
endfacet
facet normal -0.859232 6.904020 -4.459981
outer loop
vertex 43.040870 0.700000 -98.106417
vertex 37.906226 0.700000 -98.106417
vertex 42.664279 0.700000 -97.847034
endloop
endfacet
facet normal 1.268784 6.319683 -4.862020
outer loop
vertex 42.664279 0.700000 -97.847034
vertex 37.906226 0.700000 -98.106417
vertex 38.282819 0.700000 -97.847034
endloop
endfacet
facet normal -0.769888 5.641731 -5.468170
outer loop
vertex 42.664279 0.700000 -97.847034
vertex 38.282819 0.700000 -97.847034
vertex 42.260136 0.700000 -97.630215
endloop
endfacet
facet normal 1.236964 4.882467 -5.860396
outer loop
vertex 42.260136 0.700000 -97.630215
vertex 38.282819 0.700000 -97.847034
vertex 38.686957 0.700000 -97.630215
endloop
endfacet
facet normal -0.613530 4.068010 -6.396196
outer loop
vertex 42.260136 0.700000 -97.630215
vertex 38.686957 0.700000 -97.630215
vertex 41.833527 0.700000 -97.458672
endloop
endfacet
facet normal 1.123091 3.236805 -6.696591
outer loop
vertex 41.833527 0.700000 -97.458672
vertex 38.686957 0.700000 -97.630215
vertex 39.113571 0.700000 -97.458672
endloop
endfacet
facet normal -0.395245 2.434192 -7.079367
outer loop
vertex 41.833527 0.700000 -97.458672
vertex 39.113571 0.700000 -97.458672
vertex 41.389814 0.700000 -97.334586
endloop
endfacet
facet normal 0.930649 1.704845 -7.248460
outer loop
vertex 41.389814 0.700000 -97.334586
vertex 39.113571 0.700000 -97.458672
vertex 39.557282 0.700000 -97.334586
endloop
endfacet
facet normal -0.136637 1.086104 -7.463283
outer loop
vertex 41.389814 0.700000 -97.334586
vertex 39.557282 0.700000 -97.334586
vertex 40.934580 0.700000 -97.259503
endloop
endfacet
facet normal 0.685492 0.604655 -7.529545
outer loop
vertex 40.934580 0.700000 -97.259503
vertex 39.557282 0.700000 -97.334586
vertex 40.012516 0.700000 -97.259503
endloop
endfacet
facet normal 0.138778 0.276869 -7.617506
outer loop
vertex 40.934580 0.700000 -97.259503
vertex 40.012516 0.700000 -97.259503
vertex 40.473548 0.700000 -97.234369
endloop
endfacet
facet normal -0.411827 -2.941280 1.805764
outer loop
vertex -49.489351 0.200000 -49.503847
vertex -49.489351 0.200000 -45.585085
vertex -49.489351 3.000000 -49.503847
endloop
endfacet
facet normal -0.299254 3.216971 0.180020
outer loop
vertex -49.489351 3.000000 -49.503847
vertex -49.489351 0.200000 -45.585085
vertex -49.489351 3.000000 -45.585085
endloop
endfacet
facet normal 0.088454 -2.855879 2.193054
outer loop
vertex -66.952422 0.200000 -49.503847
vertex -49.489351 0.200000 -49.503847
vertex -66.952422 3.000000 -49.503847
endloop
endfacet
facet normal -0.337114 3.666749 2.325042
outer loop
vertex -66.952422 3.000000 -49.503847
vertex -49.489351 0.200000 -49.503847
vertex -49.489351 3.000000 -49.503847
endloop
endfacet
facet normal 0.220764 -3.278847 0.239812
outer loop
vertex -66.952422 0.200000 -45.585085
vertex -66.952422 0.200000 -49.503847
vertex -66.952422 3.000000 -45.585085
endloop
endfacet
facet normal 0.260899 3.326627 0.822925
outer loop
vertex -66.952422 3.000000 -45.585085
vertex -66.952422 0.200000 -49.503847
vertex -66.952422 3.000000 -49.503847
endloop
endfacet
facet normal -0.044206 -3.354511 -0.472790
outer loop
vertex -49.489351 0.200000 -45.585085
vertex -66.952422 0.200000 -45.585085
vertex -49.489351 3.000000 -45.585085
endloop
endfacet
facet normal 0.002681 3.310453 -0.479520
outer loop
vertex -49.489351 3.000000 -45.585085
vertex -66.952422 0.200000 -45.585085
vertex -66.952422 3.000000 -45.585085
endloop
endfacet
facet normal -0.295194 -3.230261 0.572606
outer loop
vertex 66.952422 0.200000 -76.151430
vertex 66.952422 0.200000 -71.971417
vertex 66.952422 3.000000 -76.151430
endloop
endfacet
facet normal -0.245641 3.328835 -0.230778
outer loop
vertex 66.952422 3.000000 -76.151430
vertex 66.952422 0.200000 -71.971417
vertex 66.952422 3.000000 -71.971417
endloop
endfacet
facet normal 0.178228 -3.380150 1.744605
outer loop
vertex 49.489351 0.200000 -76.151430
vertex 66.952422 0.200000 -76.151430
vertex 49.489351 3.000000 -76.151430
endloop
endfacet
facet normal -0.077813 3.239008 1.638108
outer loop
vertex 49.489351 3.000000 -76.151430
vertex 66.952422 0.200000 -76.151430
vertex 66.952422 3.000000 -76.151430
endloop
endfacet
facet normal 0.497554 -3.019949 -1.236587
outer loop
vertex 49.489351 0.200000 -71.971417
vertex 49.489351 0.200000 -76.151430
vertex 49.489351 3.000000 -71.971417
endloop
endfacet
facet normal 0.461302 3.126875 0.696765
outer loop
vertex 49.489351 3.000000 -71.971417
vertex 49.489351 0.200000 -76.151430
vertex 49.489351 3.000000 -76.151430
endloop
endfacet
facet normal -0.009293 -2.980767 -1.563074
outer loop
vertex 66.952422 0.200000 -71.971417
vertex 49.489351 0.200000 -71.971417
vertex 66.952422 3.000000 -71.971417
endloop
endfacet
facet normal 0.320743 3.603974 -1.751928
outer loop
vertex 66.952422 3.000000 -71.971417
vertex 49.489351 0.200000 -71.971417
vertex 49.489351 3.000000 -71.971417
endloop
endfacet
facet normal -0.237297 -3.277077 -0.241279
outer loop
vertex 66.952422 0.200000 42.913621
vertex 66.952422 0.200000 47.093630
vertex 66.952422 3.000000 42.913621
endloop
endfacet
facet normal -0.279515 3.329753 -0.817851
outer loop
vertex 66.952422 3.000000 42.913621
vertex 66.952422 0.200000 47.093630
vertex 66.952422 3.000000 47.093630
endloop
endfacet
facet normal 0.075012 -3.406591 0.703230
outer loop
vertex 49.489346 0.200000 42.913621
vertex 66.952422 0.200000 42.913621
vertex 49.489346 3.000000 42.913621
endloop
endfacet
facet normal 0.024086 3.258265 0.711367
outer loop
vertex 49.489346 3.000000 42.913621
vertex 66.952422 0.200000 42.913621
vertex 66.952422 3.000000 42.913621
endloop
endfacet
facet normal 0.460042 -2.922914 -1.877903
outer loop
vertex 49.489346 0.200000 47.093630
vertex 49.489346 0.200000 42.913621
vertex 49.489346 3.000000 47.093630
endloop
endfacet
facet normal 0.362937 3.150483 0.017854
outer loop
vertex 49.489346 3.000000 47.093630
vertex 49.489346 0.200000 42.913621
vertex 49.489346 3.000000 42.913621
endloop
endfacet
facet normal -0.090108 -2.819882 -2.228669
outer loop
vertex 66.952422 0.200000 47.093630
vertex 49.489346 0.200000 47.093630
vertex 66.952422 3.000000 47.093630
endloop
endfacet
facet normal 0.380916 3.686404 -2.391682
outer loop
vertex 66.952422 3.000000 47.093630
vertex 49.489346 0.200000 47.093630
vertex 49.489346 3.000000 47.093630
endloop
endfacet
facet normal -0.365927 -3.091436 1.283055
outer loop
vertex -49.489351 0.200000 69.561199
vertex -49.489351 0.200000 73.479961
vertex -49.489351 3.000000 69.561199
endloop
endfacet
facet normal -0.285554 3.263415 -0.056967
outer loop
vertex -49.489351 3.000000 69.561199
vertex -49.489351 0.200000 73.479961
vertex -49.489351 3.000000 73.479961
endloop
endfacet
facet normal 0.020769 -3.037054 1.480557
outer loop
vertex -66.952422 0.200000 69.561199
vertex -49.489351 0.200000 69.561199
vertex -66.952422 3.000000 69.561199
endloop
endfacet
facet normal -0.275540 3.557812 1.633512
outer loop
vertex -66.952422 3.000000 69.561199
vertex -49.489351 0.200000 69.561199
vertex -49.489351 3.000000 69.561199
endloop
endfacet
facet normal 0.252818 -3.259008 -0.429535
outer loop
vertex -66.952422 0.200000 73.479961
vertex -66.952422 0.200000 69.561199
vertex -66.952422 3.000000 73.479961
endloop
endfacet
facet normal 0.219244 3.332446 0.267198
outer loop
vertex -66.952422 3.000000 73.479961
vertex -66.952422 0.200000 69.561199
vertex -66.952422 3.000000 69.561199
endloop
endfacet
facet normal -0.047202 -3.286544 -0.961534
outer loop
vertex -49.489351 0.200000 73.479961
vertex -66.952422 0.200000 73.479961
vertex -49.489351 3.000000 73.479961
endloop
endfacet
facet normal 0.103997 3.362295 -0.995014
outer loop
vertex -49.489351 3.000000 73.479961
vertex -66.952422 0.200000 73.479961
vertex -66.952422 3.000000 73.479961
endloop
endfacet
facet normal -4.737569 -7.493200 0.344511
outer loop
vertex 60.128051 2.700000 -61.107610
vertex 63.491884 0.200000 -61.287011
vertex 60.153563 2.700000 -60.737635
endloop
endfacet
facet normal -4.017978 -8.240582 0.094464
outer loop
vertex 60.153563 2.700000 -60.737635
vertex 63.491884 0.200000 -61.287011
vertex 63.517668 0.200000 -60.737635
endloop
endfacet
facet normal -4.265190 -8.047725 -0.121771
outer loop
vertex 60.153563 2.700000 -60.737635
vertex 63.517668 0.200000 -60.737635
vertex 63.491884 0.200000 -60.188258
endloop
endfacet
facet normal -3.936660 -8.251273 0.543854
outer loop
vertex 63.491884 0.200000 -61.287011
vertex 60.128051 2.700000 -61.107610
vertex 63.414742 0.200000 -61.831833
endloop
endfacet
facet normal -4.573078 -7.548317 0.942441
outer loop
vertex 63.414742 0.200000 -61.831833
vertex 60.128051 2.700000 -61.107610
vertex 60.051966 2.700000 -61.470982
endloop
endfacet
facet normal -3.546468 -8.452534 0.920865
outer loop
vertex 63.414742 0.200000 -61.831833
vertex 60.051966 2.700000 -61.470982
vertex 63.286879 0.200000 -62.367592
endloop
endfacet
facet normal -3.387502 -8.520912 1.050829
outer loop
vertex 63.286879 0.200000 -62.367592
vertex 60.051966 2.700000 -61.470982
vertex 63.109362 0.200000 -62.889841
endloop
endfacet
facet normal -4.283782 -7.616681 1.562269
outer loop
vertex 63.109362 0.200000 -62.889841
vertex 60.051966 2.700000 -61.470982
vertex 59.926664 2.700000 -61.821270
endloop
endfacet
facet normal -3.316094 -8.464065 1.461788
outer loop
vertex 63.109362 0.200000 -62.889841
vertex 59.926664 2.700000 -61.821270
vertex 62.883659 0.200000 -63.394257
endloop
endfacet
facet normal -4.018612 -7.637627 2.093736
outer loop
vertex 62.883659 0.200000 -63.394257
vertex 59.926664 2.700000 -61.821270
vertex 59.754383 2.700000 -62.152223
endloop
endfacet
facet normal -2.929533 -8.594584 1.728916
outer loop
vertex 62.883659 0.200000 -63.394257
vertex 59.754383 2.700000 -62.152223
vertex 62.611640 0.200000 -63.876662
endloop
endfacet
facet normal -2.810643 -8.620269 1.826650
outer loop
vertex 62.611640 0.200000 -63.876662
vertex 59.754383 2.700000 -62.152223
vertex 62.295547 0.200000 -64.333052
endloop
endfacet
facet normal -3.647449 -7.663280 2.627882
outer loop
vertex 62.295547 0.200000 -64.333052
vertex 59.754383 2.700000 -62.152223
vertex 59.538198 2.700000 -62.457928
endloop
endfacet
facet normal -2.690292 -8.543010 2.219087
outer loop
vertex 62.295547 0.200000 -64.333052
vertex 59.538198 2.700000 -62.457928
vertex 61.938018 0.200000 -64.759653
endloop
endfacet
facet normal -3.279446 -7.669956 3.077227
outer loop
vertex 61.938018 0.200000 -64.759653
vertex 59.538198 2.700000 -62.457928
vertex 59.281968 2.700000 -62.732938
endloop
endfacet
facet normal -2.293652 -8.643011 2.397003
outer loop
vertex 61.938018 0.200000 -64.759653
vertex 59.281968 2.700000 -62.732938
vertex 61.542011 0.200000 -65.152924
endloop
endfacet
facet normal -2.189647 -8.646832 2.486147
outer loop
vertex 61.542011 0.200000 -65.152924
vertex 59.281968 2.700000 -62.732938
vertex 61.110800 0.200000 -65.509609
endloop
endfacet
facet normal -2.819439 -7.673725 3.517814
outer loop
vertex 61.110800 0.200000 -65.509609
vertex 59.281968 2.700000 -62.732938
vertex 58.990263 2.700000 -62.972339
endloop
endfacet
facet normal -2.001216 -8.554491 2.858843
outer loop
vertex 61.110800 0.200000 -65.509609
vertex 58.990263 2.700000 -62.972339
vertex 60.647958 0.200000 -65.826750
endloop
endfacet
facet normal -2.407985 -7.635981 3.867424
outer loop
vertex 60.647958 0.200000 -65.826750
vertex 58.990263 2.700000 -62.972339
vertex 58.668292 2.700000 -63.171862
endloop
endfacet
facet normal -1.693313 -8.545780 3.085034
outer loop
vertex 60.647958 0.200000 -65.826750
vertex 58.668292 2.700000 -63.171862
vertex 60.157331 0.200000 -66.101725
endloop
endfacet
facet normal -1.935075 -7.664976 4.124846
outer loop
vertex 60.157331 0.200000 -66.101725
vertex 58.668292 2.700000 -63.171862
vertex 58.321795 2.700000 -63.327948
endloop
endfacet
facet normal -1.298761 -8.624235 3.140790
outer loop
vertex 60.157331 0.200000 -66.101725
vertex 58.321795 2.700000 -63.327948
vertex 59.642977 0.200000 -66.332252
endloop
endfacet
facet normal -1.185552 -8.600557 3.242028
outer loop
vertex 59.642977 0.200000 -66.332252
vertex 58.321795 2.700000 -63.327948
vertex 59.109159 0.200000 -66.516417
endloop
endfacet
facet normal -1.363423 -7.641367 4.413134
outer loop
vertex 59.109159 0.200000 -66.516417
vertex 58.321795 2.700000 -63.327948
vertex 57.956957 2.700000 -63.437808
endloop
endfacet
facet normal -0.866211 -8.473178 3.588115
outer loop
vertex 59.109159 0.200000 -66.516417
vertex 57.956957 2.700000 -63.437808
vertex 58.560300 0.200000 -66.652696
endloop
endfacet
facet normal -0.812085 -7.621925 4.595463
outer loop
vertex 58.560300 0.200000 -66.652696
vertex 57.956957 2.700000 -63.437808
vertex 57.580297 2.700000 -63.499482
endloop
endfacet
facet normal -0.463676 -8.532333 3.589082
outer loop
vertex 58.560300 0.200000 -66.652696
vertex 57.580297 2.700000 -63.499482
vertex 58.000954 0.200000 -66.739963
endloop
endfacet
facet normal -0.292493 -8.754956 2.805524
outer loop
vertex 58.000954 0.200000 -66.739963
vertex 57.580297 2.700000 -63.499482
vertex 57.435745 0.200000 -66.777494
endloop
endfacet
facet normal -0.150681 -7.844599 3.866415
outer loop
vertex 57.435745 0.200000 -66.777494
vertex 57.580297 2.700000 -63.499482
vertex 57.198524 2.700000 -63.511875
endloop
endfacet
facet normal 0.122177 -8.626812 3.026427
outer loop
vertex 57.435745 0.200000 -66.777494
vertex 57.198524 2.700000 -63.511875
vertex 56.869361 0.200000 -66.764972
endloop
endfacet
facet normal 0.415964 -7.572388 4.743796
outer loop
vertex 56.869361 0.200000 -66.764972
vertex 57.198524 2.700000 -63.511875
vertex 56.818455 2.700000 -63.474756
endloop
endfacet
facet normal 0.493609 -8.485122 3.672522
outer loop
vertex 56.869361 0.200000 -66.764972
vertex 56.818455 2.700000 -63.474756
vertex 56.306499 0.200000 -66.702511
endloop
endfacet
facet normal 0.639632 -8.529279 3.565629
outer loop
vertex 56.306499 0.200000 -66.702511
vertex 56.818455 2.700000 -63.474756
vertex 55.751819 0.200000 -66.590623
endloop
endfacet
facet normal 1.048587 -7.616577 4.554945
outer loop
vertex 55.751819 0.200000 -66.590623
vertex 56.818455 2.700000 -63.474756
vertex 56.446877 2.700000 -63.388795
endloop
endfacet
facet normal 1.059006 -8.455991 3.569046
outer loop
vertex 55.751819 0.200000 -66.590623
vertex 56.446877 2.700000 -63.388795
vertex 55.209921 0.200000 -66.430232
endloop
endfacet
facet normal 1.595515 -7.629630 4.355799
outer loop
vertex 55.209921 0.200000 -66.430232
vertex 56.446877 2.700000 -63.388795
vertex 56.090411 2.700000 -63.255526
endloop
endfacet
facet normal 1.364732 -8.574980 3.230997
outer loop
vertex 55.209921 0.200000 -66.430232
vertex 56.090411 2.700000 -63.255526
vertex 54.685291 0.200000 -66.222671
endloop
endfacet
facet normal 1.487941 -8.588016 3.143117
outer loop
vertex 54.685291 0.200000 -66.222671
vertex 56.090411 2.700000 -63.255526
vertex 54.182276 0.200000 -65.969661
endloop
endfacet
facet normal 2.166556 -7.642677 4.055416
outer loop
vertex 54.182276 0.200000 -65.969661
vertex 56.090411 2.700000 -63.255526
vertex 55.755433 2.700000 -63.077330
endloop
endfacet
facet normal 1.905471 -8.496058 3.078701
outer loop
vertex 54.182276 0.200000 -65.969661
vertex 55.755433 2.700000 -63.077330
vertex 53.705051 0.200000 -65.673295
endloop
endfacet
facet normal 2.650917 -7.643618 3.735080
outer loop
vertex 53.705051 0.200000 -65.673295
vertex 55.755433 2.700000 -63.077330
vertex 55.447907 2.700000 -62.857372
endloop
endfacet
facet normal 2.136007 -8.591260 2.708138
outer loop
vertex 53.705051 0.200000 -65.673295
vertex 55.447907 2.700000 -62.857372
vertex 53.257563 0.200000 -65.336033
endloop
endfacet
facet normal 2.259221 -8.582327 2.624225
outer loop
vertex 53.257563 0.200000 -65.336033
vertex 55.447907 2.700000 -62.857372
vertex 52.843523 0.200000 -64.960666
endloop
endfacet
facet normal 3.150842 -7.634680 3.323472
outer loop
vertex 52.843523 0.200000 -64.960666
vertex 55.447907 2.700000 -62.857372
vertex 55.173326 2.700000 -62.599589
endloop
endfacet
facet normal 2.676244 -8.468578 2.478281
outer loop
vertex 52.843523 0.200000 -64.960666
vertex 55.173326 2.700000 -62.599589
vertex 52.466360 0.200000 -64.550309
endloop
endfacet
facet normal 3.552890 -7.624144 2.894618
outer loop
vertex 52.466360 0.200000 -64.550309
vertex 55.173326 2.700000 -62.599589
vertex 54.936592 2.700000 -62.308584
endloop
endfacet
facet normal 2.842953 -8.545639 2.078792
outer loop
vertex 52.466360 0.200000 -64.550309
vertex 54.936592 2.700000 -62.308584
vertex 52.129205 0.200000 -64.108350
endloop
endfacet
facet normal 2.987377 -8.508586 1.983618
outer loop
vertex 52.129205 0.200000 -64.108350
vertex 54.936592 2.700000 -62.308584
vertex 51.834846 0.200000 -63.638467
endloop
endfacet
facet normal 3.975706 -7.587064 2.380215
outer loop
vertex 51.834846 0.200000 -63.638467
vertex 54.936592 2.700000 -62.308584
vertex 54.741925 2.700000 -61.989544
endloop
endfacet
facet normal 2.643352 -8.636673 1.403729
outer loop
vertex 51.834846 0.200000 -63.638467
vertex 54.741925 2.700000 -61.989544
vertex 51.585726 0.200000 -63.144545
endloop
endfacet
facet normal 3.518218 -7.839842 1.519817
outer loop
vertex 51.585726 0.200000 -63.144545
vertex 54.741925 2.700000 -61.989544
vertex 54.592805 2.700000 -61.648161
endloop
endfacet
facet normal 2.451687 -8.832612 0.867012
outer loop
vertex 51.585726 0.200000 -63.144545
vertex 54.592805 2.700000 -61.648161
vertex 51.383903 0.200000 -62.630677
endloop
endfacet
facet normal 3.017585 -8.684316 0.976170
outer loop
vertex 51.383903 0.200000 -62.630677
vertex 54.592805 2.700000 -61.648161
vertex 51.231056 0.200000 -62.101123
endloop
endfacet
facet normal 4.244062 -7.691500 1.148516
outer loop
vertex 51.231056 0.200000 -62.101123
vertex 54.592805 2.700000 -61.648161
vertex 54.491886 2.700000 -61.290534
endloop
endfacet
facet normal 3.288442 -8.586463 0.656173
outer loop
vertex 51.231056 0.200000 -62.101123
vertex 54.491886 2.700000 -61.290534
vertex 51.128449 0.200000 -61.560272
endloop
endfacet
facet normal 4.387081 -7.650165 0.621757
outer loop
vertex 51.128449 0.200000 -61.560272
vertex 54.491886 2.700000 -61.290534
vertex 54.440970 2.700000 -60.923036
endloop
endfacet
facet normal 3.361840 -8.576189 0.281828
outer loop
vertex 51.128449 0.200000 -61.560272
vertex 54.440970 2.700000 -60.923036
vertex 51.076932 0.200000 -61.012604
endloop
endfacet
facet normal 4.410883 -7.681189 0.075296
outer loop
vertex 51.076932 0.200000 -61.012604
vertex 54.440970 2.700000 -60.923036
vertex 54.440970 2.700000 -60.552233
endloop
endfacet
facet normal 3.225850 -8.659713 -0.102719
outer loop
vertex 51.076932 0.200000 -61.012604
vertex 54.440970 2.700000 -60.552233
vertex 51.076932 0.200000 -60.462660
endloop
endfacet
facet normal 3.469512 -8.526726 -0.273212
outer loop
vertex 51.076932 0.200000 -60.462660
vertex 54.440970 2.700000 -60.552233
vertex 51.128449 0.200000 -59.914992
endloop
endfacet
facet normal 4.626639 -7.548278 -0.602344
outer loop
vertex 51.128449 0.200000 -59.914992
vertex 54.440970 2.700000 -60.552233
vertex 54.491886 2.700000 -60.184735
endloop
endfacet
facet normal 3.823995 -8.302120 -0.753555
outer loop
vertex 51.128449 0.200000 -59.914992
vertex 54.491886 2.700000 -60.184735
vertex 51.231056 0.200000 -59.374141
endloop
endfacet
facet normal 4.522441 -7.543930 -1.204116
outer loop
vertex 51.231056 0.200000 -59.374141
vertex 54.491886 2.700000 -60.184735
vertex 54.592805 2.700000 -59.827108
endloop
endfacet
facet normal 3.589417 -8.402006 -1.139767
outer loop
vertex 51.231056 0.200000 -59.374141
vertex 54.592805 2.700000 -59.827108
vertex 51.383903 0.200000 -58.844592
endloop
endfacet
facet normal 3.571398 -8.376046 -1.327991
outer loop
vertex 51.383903 0.200000 -58.844592
vertex 54.592805 2.700000 -59.827108
vertex 51.585726 0.200000 -58.330724
endloop
endfacet
facet normal 4.346417 -7.518026 -1.873483
outer loop
vertex 51.585726 0.200000 -58.330724
vertex 54.592805 2.700000 -59.827108
vertex 54.741925 2.700000 -59.485725
endloop
endfacet
facet normal 3.599465 -8.222799 -1.837330
outer loop
vertex 51.585726 0.200000 -58.330724
vertex 54.741925 2.700000 -59.485725
vertex 51.834846 0.200000 -57.836802
endloop
endfacet
facet normal 4.111901 -7.494928 -2.443131
outer loop
vertex 51.834846 0.200000 -57.836802
vertex 54.741925 2.700000 -59.485725
vertex 54.936592 2.700000 -59.166686
endloop
endfacet
facet normal 3.321284 -8.288132 -2.192902
outer loop
vertex 51.834846 0.200000 -57.836802
vertex 54.936592 2.700000 -59.166686
vertex 52.129205 0.200000 -57.366919
endloop
endfacet
facet normal 3.298419 -8.212076 -2.422440
outer loop
vertex 52.129205 0.200000 -57.366919
vertex 54.936592 2.700000 -59.166686
vertex 52.466360 0.200000 -56.924965
endloop
endfacet
facet normal 3.812342 -7.418909 -3.093088
outer loop
vertex 52.466360 0.200000 -56.924965
vertex 54.936592 2.700000 -59.166686
vertex 55.173326 2.700000 -58.875670
endloop
endfacet
facet normal 3.229860 -7.988261 -2.984990
outer loop
vertex 52.466360 0.200000 -56.924965
vertex 55.173326 2.700000 -58.875670
vertex 52.843523 0.200000 -56.514603
endloop
endfacet
facet normal 3.457376 -7.359554 -3.617572
outer loop
vertex 52.843523 0.200000 -56.514603
vertex 55.173326 2.700000 -58.875670
vertex 55.447907 2.700000 -58.617897
endloop
endfacet
facet normal 2.925783 -7.967633 -3.365644
outer loop
vertex 52.843523 0.200000 -56.514603
vertex 55.447907 2.700000 -58.617897
vertex 53.257563 0.200000 -56.139236
endloop
endfacet
facet normal 2.016885 -8.456562 -2.440850
outer loop
vertex 53.257563 0.200000 -56.139236
vertex 55.447907 2.700000 -58.617897
vertex 53.705051 0.200000 -55.801969
endloop
endfacet
facet normal 2.173089 -7.848503 -3.022087
outer loop
vertex 53.705051 0.200000 -55.801969
vertex 55.447907 2.700000 -58.617897
vertex 55.755433 2.700000 -58.397944
endloop
endfacet
facet normal 1.057361 -8.903074 -1.707497
outer loop
vertex 53.705051 0.200000 -55.801969
vertex 55.755433 2.700000 -58.397944
vertex 54.182276 0.200000 -55.505608
endloop
endfacet
facet normal 1.811849 -7.844804 -3.386959
outer loop
vertex 54.182276 0.200000 -55.505608
vertex 55.755433 2.700000 -58.397944
vertex 56.090411 2.700000 -58.219738
endloop
endfacet
facet normal 0.856899 -8.935926 -1.876748
outer loop
vertex 54.182276 0.200000 -55.505608
vertex 56.090411 2.700000 -58.219738
vertex 54.685291 0.200000 -55.252598
endloop
endfacet
facet normal 0.836079 -8.936416 -1.877702
outer loop
vertex 54.685291 0.200000 -55.252598
vertex 56.090411 2.700000 -58.219738
vertex 55.209921 0.200000 -55.045037
endloop
endfacet
facet normal 1.344058 -7.845291 -3.602336
outer loop
vertex 55.209921 0.200000 -55.045037
vertex 56.090411 2.700000 -58.219738
vertex 56.446877 2.700000 -58.086469
endloop
endfacet
facet normal 0.607441 -8.900482 -2.018191
outer loop
vertex 55.209921 0.200000 -55.045037
vertex 56.446877 2.700000 -58.086469
vertex 55.751819 0.200000 -54.884646
endloop
endfacet
facet normal 0.866143 -7.845432 -3.751934
outer loop
vertex 55.751819 0.200000 -54.884646
vertex 56.446877 2.700000 -58.086469
vertex 56.818455 2.700000 -58.000508
endloop
endfacet
facet normal 0.335037 -8.936796 -2.028900
outer loop
vertex 55.751819 0.200000 -54.884646
vertex 56.818455 2.700000 -58.000508
vertex 56.306499 0.200000 -54.772758
endloop
endfacet
facet normal 0.316914 -8.936895 -2.030152
outer loop
vertex 56.306499 0.200000 -54.772758
vertex 56.818455 2.700000 -58.000508
vertex 56.869361 0.200000 -54.710292
endloop
endfacet
facet normal 0.361751 -7.845514 -3.837228
outer loop
vertex 56.869361 0.200000 -54.710292
vertex 56.818455 2.700000 -58.000508
vertex 57.198524 2.700000 -57.963395
endloop
endfacet
facet normal 0.065463 -8.903820 -2.004187
outer loop
vertex 56.869361 0.200000 -54.710292
vertex 57.198524 2.700000 -57.963395
vertex 57.435745 0.200000 -54.697775
endloop
endfacet
facet normal -0.134720 -7.848544 -3.750162
outer loop
vertex 57.435745 0.200000 -54.697775
vertex 57.198524 2.700000 -57.963395
vertex 57.580297 2.700000 -57.975782
endloop
endfacet
facet normal -0.201359 -8.939943 -1.943189
outer loop
vertex 57.435745 0.200000 -54.697775
vertex 57.580297 2.700000 -57.975782
vertex 58.000954 0.200000 -54.735306
endloop
endfacet
facet normal -0.221813 -8.936888 -2.043638
outer loop
vertex 58.000954 0.200000 -54.735306
vertex 57.580297 2.700000 -57.975782
vertex 58.560300 0.200000 -54.822573
endloop
endfacet
facet normal -0.645608 -7.845450 -3.798202
outer loop
vertex 58.560300 0.200000 -54.822573
vertex 57.580297 2.700000 -57.975782
vertex 57.956957 2.700000 -58.037461
endloop
endfacet
facet normal -0.485074 -8.900600 -2.049906
outer loop
vertex 58.560300 0.200000 -54.822573
vertex 57.956957 2.700000 -58.037461
vertex 59.109159 0.200000 -54.958852
endloop
endfacet
facet normal -1.130814 -7.845364 -3.676677
outer loop
vertex 59.109159 0.200000 -54.958852
vertex 57.956957 2.700000 -58.037461
vertex 58.321795 2.700000 -58.147321
endloop
endfacet
facet normal -0.729491 -8.936636 -1.920118
outer loop
vertex 59.109159 0.200000 -54.958852
vertex 58.321795 2.700000 -58.147321
vertex 59.642977 0.200000 -55.143017
endloop
endfacet
facet normal -0.749301 -8.936257 -1.918857
outer loop
vertex 59.642977 0.200000 -55.143017
vertex 58.321795 2.700000 -58.147321
vertex 60.157331 0.200000 -55.373544
endloop
endfacet
facet normal -1.609799 -7.844926 -3.490341
outer loop
vertex 60.157331 0.200000 -55.373544
vertex 58.321795 2.700000 -58.147321
vertex 58.668292 2.700000 -58.303407
endloop
endfacet
facet normal -1.007623 -8.899372 -1.859613
outer loop
vertex 60.157331 0.200000 -55.373544
vertex 58.668292 2.700000 -58.303407
vertex 60.647958 0.200000 -55.648514
endloop
endfacet
facet normal -2.029599 -7.809667 -3.287039
outer loop
vertex 60.647958 0.200000 -55.648514
vertex 58.668292 2.700000 -58.303407
vertex 58.990263 2.700000 -58.502930
endloop
endfacet
facet normal -1.215688 -8.898601 -1.737278
outer loop
vertex 60.647958 0.200000 -55.648514
vertex 58.990263 2.700000 -58.502930
vertex 61.110800 0.200000 -55.965660
endloop
endfacet
facet normal -2.395459 -7.844117 -2.989007
outer loop
vertex 61.110800 0.200000 -55.965660
vertex 58.990263 2.700000 -58.502930
vertex 59.281968 2.700000 -58.742331
endloop
endfacet
facet normal -1.391590 -8.934545 -1.533253
outer loop
vertex 61.110800 0.200000 -55.965660
vertex 59.281968 2.700000 -58.742331
vertex 61.542011 0.200000 -56.322345
endloop
endfacet
facet normal -1.421728 -8.933099 -1.531661
outer loop
vertex 61.542011 0.200000 -56.322345
vertex 59.281968 2.700000 -58.742331
vertex 61.938018 0.200000 -56.715616
endloop
endfacet
facet normal -2.783014 -7.842733 -2.637505
outer loop
vertex 61.938018 0.200000 -56.715616
vertex 59.281968 2.700000 -58.742331
vertex 59.538198 2.700000 -59.017331
endloop
endfacet
facet normal -1.668346 -8.894131 -1.379138
outer loop
vertex 61.938018 0.200000 -56.715616
vertex 59.538198 2.700000 -59.017331
vertex 62.295547 0.200000 -57.142212
endloop
endfacet
facet normal -3.110423 -7.841533 -2.242557
outer loop
vertex 62.295547 0.200000 -57.142212
vertex 59.538198 2.700000 -59.017331
vertex 59.754383 2.700000 -59.323046
endloop
endfacet
facet normal -1.796425 -8.929638 -1.133215
outer loop
vertex 62.295547 0.200000 -57.142212
vertex 59.754383 2.700000 -59.323046
vertex 62.611640 0.200000 -57.598607
endloop
endfacet
facet normal -1.851905 -8.925031 -1.130378
outer loop
vertex 62.611640 0.200000 -57.598607
vertex 59.754383 2.700000 -59.323046
vertex 62.883659 0.200000 -58.081007
endloop
endfacet
facet normal -3.419941 -7.836971 -1.804386
outer loop
vertex 62.883659 0.200000 -58.081007
vertex 59.754383 2.700000 -59.323046
vertex 59.926664 2.700000 -59.653994
endloop
endfacet
facet normal -2.098814 -8.879017 -0.929097
outer loop
vertex 62.883659 0.200000 -58.081007
vertex 59.926664 2.700000 -59.653994
vertex 63.109362 0.200000 -58.585428
endloop
endfacet
facet normal -3.657924 -7.832236 -1.336432
outer loop
vertex 63.109362 0.200000 -58.585428
vertex 59.926664 2.700000 -59.653994
vertex 60.051966 2.700000 -60.004282
endloop
endfacet
facet normal -1.992903 -8.925260 -0.594978
outer loop
vertex 63.109362 0.200000 -58.585428
vertex 60.051966 2.700000 -60.004282
vertex 63.286879 0.200000 -59.107677
endloop
endfacet
facet normal -3.275313 -8.220836 -0.801260
outer loop
vertex 63.286879 0.200000 -59.107677
vertex 60.051966 2.700000 -60.004282
vertex 63.414742 0.200000 -59.643436
endloop
endfacet
facet normal -5.072643 -7.127836 -1.053410
outer loop
vertex 63.414742 0.200000 -59.643436
vertex 60.051966 2.700000 -60.004282
vertex 60.128051 2.700000 -60.367659
endloop
endfacet
facet normal -4.684888 -7.637947 -0.671090
outer loop
vertex 63.414742 0.200000 -59.643436
vertex 60.128051 2.700000 -60.367659
vertex 63.491884 0.200000 -60.188258
endloop
endfacet
facet normal -4.983756 -7.300336 -0.379638
outer loop
vertex 63.491884 0.200000 -60.188258
vertex 60.128051 2.700000 -60.367659
vertex 60.153563 2.700000 -60.737635
endloop
endfacet
facet normal 1.963554 -7.877690 1.266142
outer loop
vertex -49.489351 0.200000 -49.503847
vertex -45.751830 0.200000 -59.580929
vertex -49.489351 0.200000 -45.585085
endloop
endfacet
facet normal 2.855888 -8.206633 -0.048556
outer loop
vertex -49.489351 0.200000 -45.585085
vertex -45.751830 0.200000 -59.580929
vertex -45.751830 0.200000 54.063166
endloop
endfacet
facet normal 0.719346 -9.844976 -0.040032
outer loop
vertex -49.489351 0.200000 -45.585085
vertex -45.751830 0.200000 54.063166
vertex -54.945170 0.200000 52.732800
endloop
endfacet
facet normal 0.166810 -9.369604 1.182360
outer loop
vertex -54.945170 0.200000 52.732800
vertex -45.751830 0.200000 54.063166
vertex -54.430816 0.200000 52.963326
endloop
endfacet
facet normal -0.471777 -8.958289 2.207943
outer loop
vertex -54.430816 0.200000 52.963326
vertex -45.751830 0.200000 54.063166
vertex -53.940189 0.200000 53.238296
endloop
endfacet
facet normal -0.596569 -9.070776 1.942351
outer loop
vertex -53.940189 0.200000 53.238296
vertex -45.751830 0.200000 54.063166
vertex -53.477352 0.200000 53.555442
endloop
endfacet
facet normal -0.594187 -9.234272 1.613443
outer loop
vertex -53.477352 0.200000 53.555442
vertex -45.751830 0.200000 54.063166
vertex -53.046141 0.200000 53.912128
endloop
endfacet
facet normal -0.664151 -9.294564 1.414953
outer loop
vertex -53.046141 0.200000 53.912128
vertex -45.751830 0.200000 54.063166
vertex -52.650129 0.200000 54.305398
endloop
endfacet
facet normal -0.835343 -9.257268 1.316312
outer loop
vertex -52.650129 0.200000 54.305398
vertex -45.751830 0.200000 54.063166
vertex -52.292601 0.200000 54.731994
endloop
endfacet
facet normal -0.787096 -9.361244 1.058529
outer loop
vertex -52.292601 0.200000 54.731994
vertex -45.751830 0.200000 54.063166
vertex -51.976512 0.200000 55.188389
endloop
endfacet
facet normal -0.845876 -9.380248 0.893696
outer loop
vertex -51.976512 0.200000 55.188389
vertex -45.751830 0.200000 54.063166
vertex -51.704493 0.200000 55.670790
endloop
endfacet
facet normal -1.029934 -9.315807 0.789425
outer loop
vertex -51.704493 0.200000 55.670790
vertex -45.751830 0.200000 54.063166
vertex -51.478785 0.200000 56.175210
endloop
endfacet
facet normal -0.744743 -9.480296 0.515940
outer loop
vertex -51.478785 0.200000 56.175210
vertex -45.751830 0.200000 54.063166
vertex -51.301269 0.200000 56.697460
endloop
endfacet
facet normal 1.617741 -9.103964 0.086591
outer loop
vertex -51.301269 0.200000 56.697460
vertex -45.751830 0.200000 54.063166
vertex -45.725902 0.200000 54.832062
endloop
endfacet
facet normal 0.140275 -9.103646 0.229380
outer loop
vertex -51.301269 0.200000 56.697460
vertex -45.725902 0.200000 54.832062
vertex -51.173405 0.200000 57.233218
endloop
endfacet
facet normal 2.174561 -8.564554 -0.119406
outer loop
vertex -51.173405 0.200000 57.233218
vertex -45.725902 0.200000 54.832062
vertex -45.648221 0.200000 55.597670
endloop
endfacet
facet normal -0.028598 -9.048913 0.027971
outer loop
vertex -51.173405 0.200000 57.233218
vertex -45.648221 0.200000 55.597670
vertex -51.096263 0.200000 57.778040
endloop
endfacet
facet normal 2.129770 -8.572148 -0.390172
outer loop
vertex -51.096263 0.200000 57.778040
vertex -45.648221 0.200000 55.597670
vertex -45.519126 0.200000 56.356705
endloop
endfacet
facet normal 0.065265 -9.108601 -0.210110
outer loop
vertex -51.096263 0.200000 57.778040
vertex -45.519126 0.200000 56.356705
vertex -51.070479 0.200000 58.327417
endloop
endfacet
facet normal 2.197520 -8.651570 -0.641596
outer loop
vertex -51.070479 0.200000 58.327417
vertex -45.519126 0.200000 56.356705
vertex -45.339165 0.200000 57.105918
endloop
endfacet
facet normal 0.038515 -9.132415 -0.430394
outer loop
vertex -51.070479 0.200000 58.327417
vertex -45.339165 0.200000 57.105918
vertex -51.096263 0.200000 58.876794
endloop
endfacet
facet normal 1.987548 -8.649657 -0.880310
outer loop
vertex -51.096263 0.200000 58.876794
vertex -45.339165 0.200000 57.105918
vertex -45.109110 0.200000 57.842101
endloop
endfacet
facet normal -0.108559 -9.117683 -0.652369
outer loop
vertex -51.096263 0.200000 58.876794
vertex -45.109110 0.200000 57.842101
vertex -51.173405 0.200000 59.421616
endloop
endfacet
facet normal 1.896492 -8.711570 -1.114051
outer loop
vertex -51.173405 0.200000 59.421616
vertex -45.109110 0.200000 57.842101
vertex -44.829950 0.200000 58.562099
endloop
endfacet
facet normal 0.453729 -9.295163 -0.695451
outer loop
vertex -51.173405 0.200000 59.421616
vertex -44.829950 0.200000 58.562099
vertex -51.301269 0.200000 59.957374
endloop
endfacet
facet normal 1.408253 -9.419833 -0.678360
outer loop
vertex -51.301269 0.200000 59.957374
vertex -44.829950 0.200000 58.562099
vertex -44.502877 0.200000 59.262839
endloop
endfacet
facet normal 0.021099 -9.689944 0.875818
outer loop
vertex -51.301269 0.200000 59.957374
vertex -44.502877 0.200000 59.262839
vertex -49.489351 0.200000 69.561199
endloop
endfacet
facet normal 1.225054 -9.232287 0.271922
outer loop
vertex -49.489351 0.200000 69.561199
vertex -44.502877 0.200000 59.262839
vertex -44.129292 0.200000 59.941309
endloop
endfacet
facet normal 2.005810 -8.816459 -0.296508
outer loop
vertex -49.489351 0.200000 69.561199
vertex -44.129292 0.200000 59.941309
vertex -43.710796 0.200000 60.594615
endloop
endfacet
facet normal 0.044801 -9.460758 1.599742
outer loop
vertex -66.952422 0.200000 -49.503847
vertex -57.718786 0.200000 -54.710292
vertex -49.489351 0.200000 -49.503847
endloop
endfacet
facet normal -0.164184 -9.220554 0.146898
outer loop
vertex -49.489351 0.200000 -49.503847
vertex -57.718786 0.200000 -54.710292
vertex -57.152407 0.200000 -54.697775
endloop
endfacet
facet normal -0.267012 -9.034166 -0.574534
outer loop
vertex -49.489351 0.200000 -49.503847
vertex -57.152407 0.200000 -54.697775
vertex -56.587199 0.200000 -54.735306
endloop
endfacet
facet normal 1.200387 -9.202200 1.522815
outer loop
vertex -66.952422 0.200000 -45.585085
vertex -67.490675 0.200000 -111.681534
vertex -66.952422 0.200000 -49.503847
endloop
endfacet
facet normal 1.236167 -9.204822 1.647605
outer loop
vertex -66.952422 0.200000 -49.503847
vertex -67.490675 0.200000 -111.681534
vertex -63.357096 0.200000 -62.101123
endloop
endfacet
facet normal 1.662776 -9.321766 0.621741
outer loop
vertex -66.952422 0.200000 -49.503847
vertex -63.357096 0.200000 -62.101123
vertex -63.459704 0.200000 -61.560272
endloop
endfacet
facet normal -0.008776 -9.995949 -0.154685
outer loop
vertex -49.489351 0.200000 -45.585085
vertex -57.718786 0.200000 52.300074
vertex -66.952422 0.200000 -45.585085
endloop
endfacet
facet normal 0.025822 -9.994961 -0.024641
outer loop
vertex -66.952422 0.200000 -45.585085
vertex -57.718786 0.200000 52.300074
vertex -58.281648 0.200000 52.362541
endloop
endfacet
facet normal 0.051317 -9.991881 0.075051
outer loop
vertex -66.952422 0.200000 -45.585085
vertex -58.281648 0.200000 52.362541
vertex -58.836323 0.200000 52.474428
endloop
endfacet
facet normal -1.900905 -8.864701 0.880222
outer loop
vertex 66.952422 0.200000 -76.151430
vertex 67.490675 0.200000 -111.681534
vertex 66.952422 0.200000 -71.971417
endloop
endfacet
facet normal -1.841448 -8.959153 0.383424
outer loop
vertex 66.952422 0.200000 -71.971417
vertex 67.490675 0.200000 -111.681534
vertex 66.952422 0.200000 42.913621
endloop
endfacet
facet normal -0.153013 -9.976638 -0.144079
outer loop
vertex 66.952422 0.200000 -71.971417
vertex 66.952422 0.200000 42.913621
vertex 63.286879 0.200000 -59.107677
endloop
endfacet
facet normal -0.262414 -9.980338 0.018216
outer loop
vertex 63.286879 0.200000 -59.107677
vertex 66.952422 0.200000 42.913621
vertex 63.109362 0.200000 -58.585428
endloop
endfacet
facet normal -0.427382 -9.968901 -0.070013
outer loop
vertex 63.109362 0.200000 -58.585428
vertex 66.952422 0.200000 42.913621
vertex 62.883659 0.200000 -58.081007
endloop
endfacet
facet normal -0.314956 -9.980113 -0.055196
outer loop
vertex 62.883659 0.200000 -58.081007
vertex 66.952422 0.200000 42.913621
vertex 62.611640 0.200000 -57.598607
endloop
endfacet
facet normal -0.259477 -9.984720 -0.058033
outer loop
vertex 62.611640 0.200000 -57.598607
vertex 66.952422 0.200000 42.913621
vertex 62.295547 0.200000 -57.142212
endloop
endfacet
facet normal -0.250952 -9.984058 -0.084719
outer loop
vertex 62.295547 0.200000 -57.142212
vertex 66.952422 0.200000 42.913621
vertex 61.938018 0.200000 -56.715616
endloop
endfacet
facet normal -0.191161 -9.988186 -0.064599
outer loop
vertex 61.938018 0.200000 -56.715616
vertex 66.952422 0.200000 42.913621
vertex 61.542011 0.200000 -56.322345
endloop
endfacet
facet normal -0.161023 -9.989632 -0.066190
outer loop
vertex 61.542011 0.200000 -56.322345
vertex 66.952422 0.200000 42.913621
vertex 61.110800 0.200000 -55.965660
endloop
endfacet
facet normal -0.155711 -9.988591 -0.092949
outer loop
vertex 61.110800 0.200000 -55.965660
vertex 66.952422 0.200000 42.913621
vertex 60.647958 0.200000 -55.648514
endloop
endfacet
facet normal -0.128980 -9.989344 -0.096498
outer loop
vertex 60.647958 0.200000 -55.648514
vertex 66.952422 0.200000 42.913621
vertex 60.157331 0.200000 -55.373544
endloop
endfacet
facet normal -0.096329 -9.991306 -0.072796
outer loop
vertex 60.157331 0.200000 -55.373544
vertex 66.952422 0.200000 42.913621
vertex 59.642977 0.200000 -55.143017
endloop
endfacet
facet normal -0.076519 -9.991685 -0.074057
outer loop
vertex 59.642977 0.200000 -55.143017
vertex 66.952422 0.200000 42.913621
vertex 59.109159 0.200000 -54.958852
endloop
endfacet
facet normal -0.065605 -9.990514 -0.101715
outer loop
vertex 59.109159 0.200000 -54.958852
vertex 66.952422 0.200000 42.913621
vertex 58.560300 0.200000 -54.822573
endloop
endfacet
facet normal -0.043088 -9.991944 -0.077177
outer loop
vertex 58.560300 0.200000 -54.822573
vertex 66.952422 0.200000 42.913621
vertex 58.000954 0.200000 -54.735306
endloop
endfacet
facet normal -0.022633 -9.995000 0.023272
outer loop
vertex 58.000954 0.200000 -54.735306
vertex 66.952422 0.200000 42.913621
vertex 57.435745 0.200000 -54.697775
endloop
endfacet
facet normal 0.009950 -9.995964 0.154106
outer loop
vertex 57.435745 0.200000 -54.697775
vertex 66.952422 0.200000 42.913621
vertex 49.489346 0.200000 42.913621
endloop
endfacet
facet normal 0.031408 -9.996183 -0.066381
outer loop
vertex 57.435745 0.200000 -54.697775
vertex 49.489346 0.200000 42.913621
vertex 56.869361 0.200000 -54.710292
endloop
endfacet
facet normal 0.044311 -9.994446 -0.141063
outer loop
vertex 56.869361 0.200000 -54.710292
vertex 49.489346 0.200000 42.913621
vertex 56.306499 0.200000 -54.772758
endloop
endfacet
facet normal 0.062435 -9.994347 -0.139812
outer loop
vertex 56.306499 0.200000 -54.772758
vertex 49.489346 0.200000 42.913621
vertex 55.751819 0.200000 -54.884646
endloop
endfacet
facet normal 0.087118 -9.992826 -0.164426
outer loop
vertex 55.751819 0.200000 -54.884646
vertex 49.489346 0.200000 42.913621
vertex 55.209921 0.200000 -55.045037
endloop
endfacet
facet normal 0.096790 -9.993974 -0.137114
outer loop
vertex 55.209921 0.200000 -55.045037
vertex 49.489346 0.200000 42.913621
vertex 54.685291 0.200000 -55.252598
endloop
endfacet
facet normal 0.117610 -9.993484 -0.136160
outer loop
vertex 54.685291 0.200000 -55.252598
vertex 49.489346 0.200000 42.913621
vertex 54.182276 0.200000 -55.505608
endloop
endfacet
facet normal 0.090067 -9.995417 -0.068156
outer loop
vertex 54.182276 0.200000 -55.505608
vertex 49.489346 0.200000 42.913621
vertex 53.705051 0.200000 -55.801969
endloop
endfacet
facet normal -0.774308 -9.817727 0.037298
outer loop
vertex 53.705051 0.200000 -55.801969
vertex 49.489346 0.200000 42.913621
vertex 45.751830 0.200000 -59.580929
endloop
endfacet
facet normal 0.036781 -9.333444 -1.020806
outer loop
vertex 53.705051 0.200000 -55.801969
vertex 45.751830 0.200000 -59.580929
vertex 53.257563 0.200000 -56.139236
endloop
endfacet
facet normal 0.945680 -8.844515 -1.945600
outer loop
vertex 53.257563 0.200000 -56.139236
vertex 45.751830 0.200000 -59.580929
vertex 52.843523 0.200000 -56.514603
endloop
endfacet
facet normal 1.057523 -8.899942 -1.723896
outer loop
vertex 52.843523 0.200000 -56.514603
vertex 45.751830 0.200000 -59.580929
vertex 52.466360 0.200000 -56.924965
endloop
endfacet
facet normal 0.992583 -9.088964 -1.377359
outer loop
vertex 52.466360 0.200000 -56.924965
vertex 45.751830 0.200000 -59.580929
vertex 52.129205 0.200000 -57.366919
endloop
endfacet
facet normal 1.015448 -9.165020 -1.147821
outer loop
vertex 52.129205 0.200000 -57.366919
vertex 45.751830 0.200000 -59.580929
vertex 51.834846 0.200000 -57.836802
endloop
endfacet
facet normal 1.150434 -9.134517 -0.996656
outer loop
vertex 51.834846 0.200000 -57.836802
vertex 45.751830 0.200000 -59.580929
vertex 51.585726 0.200000 -58.330724
endloop
endfacet
facet normal 1.048994 -9.252938 -0.733914
outer loop
vertex 51.585726 0.200000 -58.330724
vertex 45.751830 0.200000 -59.580929
vertex 51.383903 0.200000 -58.844592
endloop
endfacet
facet normal 1.067012 -9.278898 -0.545691
outer loop
vertex 51.383903 0.200000 -58.844592
vertex 45.751830 0.200000 -59.580929
vertex 51.231056 0.200000 -59.374141
endloop
endfacet
facet normal 1.216959 -9.213895 -0.394024
outer loop
vertex 51.231056 0.200000 -59.374141
vertex 45.751830 0.200000 -59.580929
vertex 51.128449 0.200000 -59.914992
endloop
endfacet
facet normal 0.855450 -9.403623 -0.173366
outer loop
vertex 51.128449 0.200000 -59.914992
vertex 45.751830 0.200000 -59.580929
vertex 51.076932 0.200000 -60.462660
endloop
endfacet
facet normal -1.678100 -9.004567 0.055207
outer loop
vertex 51.076932 0.200000 -60.462660
vertex 45.751830 0.200000 -59.580929
vertex 45.725902 0.200000 -60.349825
endloop
endfacet
facet normal -0.097803 -9.018852 0.082185
outer loop
vertex 51.076932 0.200000 -60.462660
vertex 45.725902 0.200000 -60.349825
vertex 51.076932 0.200000 -61.012604
endloop
endfacet
facet normal -2.237334 -8.446239 0.298180
outer loop
vertex 51.076932 0.200000 -61.012604
vertex 45.725902 0.200000 -60.349825
vertex 45.648221 0.200000 -61.115433
endloop
endfacet
facet normal 0.037276 -8.982100 0.319807
outer loop
vertex 51.076932 0.200000 -61.012604
vertex 45.648221 0.200000 -61.115433
vertex 51.128449 0.200000 -61.560272
endloop
endfacet
facet normal -2.196512 -8.483796 0.574719
outer loop
vertex 51.128449 0.200000 -61.560272
vertex 45.648221 0.200000 -61.115433
vertex 45.519126 0.200000 -61.874468
endloop
endfacet
facet normal 0.029413 -9.014184 0.571156
outer loop
vertex 51.128449 0.200000 -61.560272
vertex 45.519126 0.200000 -61.874468
vertex 51.231056 0.200000 -62.101123
endloop
endfacet
facet normal -2.139227 -8.541603 0.836490
outer loop
vertex 51.231056 0.200000 -62.101123
vertex 45.519126 0.200000 -61.874468
vertex 45.339165 0.200000 -62.623681
endloop
endfacet
facet normal -0.106675 -9.106698 0.749160
outer loop
vertex 51.231056 0.200000 -62.101123
vertex 45.339165 0.200000 -62.623681
vertex 51.383903 0.200000 -62.630677
endloop
endfacet
facet normal -1.126527 -9.238368 0.664627
outer loop
vertex 51.383903 0.200000 -62.630677
vertex 45.339165 0.200000 -62.623681
vertex 45.109110 0.200000 -63.359864
endloop
endfacet
facet normal 0.447498 -9.865589 0.365485
outer loop
vertex 51.383903 0.200000 -62.630677
vertex 45.109110 0.200000 -63.359864
vertex 51.585726 0.200000 -63.144545
endloop
endfacet
facet normal 0.008394 -9.623524 -0.947383
outer loop
vertex 51.585726 0.200000 -63.144545
vertex 45.109110 0.200000 -63.359864
vertex 49.489351 0.200000 -71.971417
endloop
endfacet
facet normal 1.137717 -9.387378 -0.561943
outer loop
vertex 51.585726 0.200000 -63.144545
vertex 49.489351 0.200000 -71.971417
vertex 51.834846 0.200000 -63.638467
endloop
endfacet
facet normal 1.624578 -9.224465 -0.184052
outer loop
vertex 51.834846 0.200000 -63.638467
vertex 49.489351 0.200000 -71.971417
vertex 52.129205 0.200000 -64.108350
endloop
endfacet
facet normal 1.480154 -9.261518 -0.088878
outer loop
vertex 52.129205 0.200000 -64.108350
vertex 49.489351 0.200000 -71.971417
vertex 52.466360 0.200000 -64.550309
endloop
endfacet
facet normal 1.449001 -9.219256 0.093380
outer loop
vertex 52.466360 0.200000 -64.550309
vertex 49.489351 0.200000 -71.971417
vertex 52.843523 0.200000 -64.960666
endloop
endfacet
facet normal 1.223232 -9.298214 0.082610
outer loop
vertex 52.843523 0.200000 -64.960666
vertex 49.489351 0.200000 -71.971417
vertex 53.257563 0.200000 -65.336033
endloop
endfacet
facet normal 1.100017 -9.307147 0.166523
outer loop
vertex 53.257563 0.200000 -65.336033
vertex 49.489351 0.200000 -71.971417
vertex 53.705051 0.200000 -65.673295
endloop
endfacet
facet normal 1.054939 -9.246730 0.366106
outer loop
vertex 53.705051 0.200000 -65.673295
vertex 49.489351 0.200000 -71.971417
vertex 54.182276 0.200000 -65.969661
endloop
endfacet
facet normal 0.863917 -9.303909 0.331156
outer loop
vertex 54.182276 0.200000 -65.969661
vertex 49.489351 0.200000 -71.971417
vertex 54.685291 0.200000 -66.222671
endloop
endfacet
facet normal 0.740708 -9.290872 0.419037
outer loop
vertex 54.685291 0.200000 -66.222671
vertex 49.489351 0.200000 -71.971417
vertex 55.209921 0.200000 -66.430232
endloop
endfacet
facet normal 0.656307 -9.206674 0.643948
outer loop
vertex 55.209921 0.200000 -66.430232
vertex 49.489351 0.200000 -71.971417
vertex 55.751819 0.200000 -66.590623
endloop
endfacet
facet normal 0.482717 -9.245177 0.606614
outer loop
vertex 55.751819 0.200000 -66.590623
vertex 49.489351 0.200000 -71.971417
vertex 56.306499 0.200000 -66.702511
endloop
endfacet
facet normal 0.336694 -9.201019 0.713507
outer loop
vertex 56.306499 0.200000 -66.702511
vertex 49.489351 0.200000 -71.971417
vertex 56.869361 0.200000 -66.764972
endloop
endfacet
facet normal 0.206077 -9.377527 0.019370
outer loop
vertex 56.869361 0.200000 -66.764972
vertex 49.489351 0.200000 -71.971417
vertex 57.435745 0.200000 -66.777494
endloop
endfacet
facet normal 0.010953 -9.633662 -1.244880
outer loop
vertex 57.435745 0.200000 -66.777494
vertex 49.489351 0.200000 -71.971417
vertex 66.952422 0.200000 -71.971417
endloop
endfacet
facet normal -0.214759 -9.793304 0.701287
outer loop
vertex 57.435745 0.200000 -66.777494
vertex 66.952422 0.200000 -71.971417
vertex 58.000954 0.200000 -66.739963
endloop
endfacet
facet normal -0.385942 -9.570681 1.484845
outer loop
vertex 58.000954 0.200000 -66.739963
vertex 66.952422 0.200000 -71.971417
vertex 58.560300 0.200000 -66.652696
endloop
endfacet
facet normal -0.545723 -9.546390 1.503417
outer loop
vertex 58.560300 0.200000 -66.652696
vertex 66.952422 0.200000 -71.971417
vertex 59.109159 0.200000 -66.516417
endloop
endfacet
facet normal -0.633917 -9.638910 1.259655
outer loop
vertex 59.109159 0.200000 -66.516417
vertex 66.952422 0.200000 -71.971417
vertex 59.642977 0.200000 -66.332252
endloop
endfacet
facet normal -0.747127 -9.662589 1.158417
outer loop
vertex 59.642977 0.200000 -66.332252
vertex 66.952422 0.200000 -71.971417
vertex 60.157331 0.200000 -66.101725
endloop
endfacet
facet normal -0.914383 -9.619062 1.187385
outer loop
vertex 60.157331 0.200000 -66.101725
vertex 66.952422 0.200000 -71.971417
vertex 60.647958 0.200000 -65.826750
endloop
endfacet
facet normal -1.041475 -9.627707 1.080802
outer loop
vertex 60.647958 0.200000 -65.826750
vertex 66.952422 0.200000 -71.971417
vertex 61.110800 0.200000 -65.509609
endloop
endfacet
facet normal -1.061551 -9.685148 0.884616
outer loop
vertex 61.110800 0.200000 -65.509609
vertex 66.952422 0.200000 -71.971417
vertex 61.542011 0.200000 -65.152924
endloop
endfacet
facet normal -1.165557 -9.681327 0.795472
outer loop
vertex 61.542011 0.200000 -65.152924
vertex 66.952422 0.200000 -71.971417
vertex 61.938018 0.200000 -64.759653
endloop
endfacet
facet normal -1.374548 -9.616174 0.792488
outer loop
vertex 61.938018 0.200000 -64.759653
vertex 66.952422 0.200000 -71.971417
vertex 62.295547 0.200000 -64.333052
endloop
endfacet
facet normal -1.377319 -9.658592 0.617931
outer loop
vertex 62.295547 0.200000 -64.333052
vertex 66.952422 0.200000 -71.971417
vertex 62.611640 0.200000 -63.876662
endloop
endfacet
facet normal -1.496209 -9.632907 0.520196
outer loop
vertex 62.611640 0.200000 -63.876662
vertex 66.952422 0.200000 -71.971417
vertex 62.883659 0.200000 -63.394257
endloop
endfacet
facet normal -1.748076 -9.537196 0.471602
outer loop
vertex 62.883659 0.200000 -63.394257
vertex 66.952422 0.200000 -71.971417
vertex 63.109362 0.200000 -62.889841
endloop
endfacet
facet normal -1.761983 -9.559242 0.304692
outer loop
vertex 63.109362 0.200000 -62.889841
vertex 66.952422 0.200000 -71.971417
vertex 63.286879 0.200000 -62.367592
endloop
endfacet
facet normal -1.920949 -9.490864 0.174728
outer loop
vertex 63.286879 0.200000 -62.367592
vertex 66.952422 0.200000 -71.971417
vertex 63.414742 0.200000 -61.831833
endloop
endfacet
facet normal -2.238313 -9.324391 0.043532
outer loop
vertex 63.414742 0.200000 -61.831833
vertex 66.952422 0.200000 -71.971417
vertex 63.491884 0.200000 -61.287011
endloop
endfacet
facet normal -2.327298 -9.278918 -0.153001
outer loop
vertex 63.491884 0.200000 -61.287011
vertex 66.952422 0.200000 -71.971417
vertex 63.517668 0.200000 -60.737635
endloop
endfacet
facet normal -2.574510 -9.086061 -0.369236
outer loop
vertex 63.517668 0.200000 -60.737635
vertex 66.952422 0.200000 -71.971417
vertex 63.491884 0.200000 -60.188258
endloop
endfacet
facet normal -2.987566 -8.711071 -0.663498
outer loop
vertex 63.491884 0.200000 -60.188258
vertex 66.952422 0.200000 -71.971417
vertex 63.414742 0.200000 -59.643436
endloop
endfacet
facet normal -1.651244 -9.259179 -0.550254
outer loop
vertex 63.414742 0.200000 -59.643436
vertex 66.952422 0.200000 -71.971417
vertex 63.286879 0.200000 -59.107677
endloop
endfacet
facet normal -0.099373 -9.797019 0.434028
outer loop
vertex 49.489351 0.200000 -76.151430
vertex 58.177670 0.200000 -83.597079
vertex 66.952422 0.200000 -76.151430
endloop
endfacet
facet normal -0.413522 -9.810334 0.334351
outer loop
vertex 66.952422 0.200000 -76.151430
vertex 58.177670 0.200000 -83.597079
vertex 58.177670 0.200000 -91.303974
endloop
endfacet
facet normal -1.941729 -8.865126 1.351488
outer loop
vertex 66.952422 0.200000 -76.151430
vertex 58.177670 0.200000 -91.303974
vertex 67.490675 0.200000 -111.681534
endloop
endfacet
facet normal -1.822895 -8.952175 0.941110
outer loop
vertex 67.490675 0.200000 -111.681534
vertex 58.177670 0.200000 -91.303974
vertex 36.972681 0.200000 -91.303974
endloop
endfacet
facet normal -1.820754 -8.942807 1.013203
outer loop
vertex 67.490675 0.200000 -111.681534
vertex 36.972681 0.200000 -91.303974
vertex 22.337659 0.200000 -102.028318
endloop
endfacet
facet normal -0.819784 -9.821649 0.492148
outer loop
vertex 22.337659 0.200000 -102.028318
vertex 36.972681 0.200000 -91.303974
vertex 22.337659 0.200000 -77.868485
endloop
endfacet
facet normal -0.476995 -9.800552 -0.198385
outer loop
vertex 22.337659 0.200000 -77.868485
vertex 36.972681 0.200000 -91.303974
vertex 36.972681 0.200000 -83.597079
endloop
endfacet
facet normal -0.524169 -9.795520 -0.149413
outer loop
vertex 22.337659 0.200000 -77.868485
vertex 36.972681 0.200000 -83.597079
vertex 29.065869 0.200000 -71.337215
endloop
endfacet
facet normal 0.176977 -9.464406 1.156148
outer loop
vertex 29.065869 0.200000 -71.337215
vertex 36.972681 0.200000 -83.597079
vertex 33.641051 0.200000 -71.337215
endloop
endfacet
facet normal 0.101806 -9.195836 1.936990
outer loop
vertex 33.641051 0.200000 -71.337215
vertex 36.972681 0.200000 -83.597079
vertex 34.433135 0.200000 -71.312046
endloop
endfacet
facet normal -0.033005 -9.383703 1.647620
outer loop
vertex 34.433135 0.200000 -71.312046
vertex 36.972681 0.200000 -83.597079
vertex 35.221825 0.200000 -71.236639
endloop
endfacet
facet normal -0.162494 -9.384079 1.627919
outer loop
vertex 35.221825 0.200000 -71.236639
vertex 36.972681 0.200000 -83.597079
vertex 36.003748 0.200000 -71.111322
endloop
endfacet
facet normal -0.293755 -9.376074 1.613581
outer loop
vertex 36.003748 0.200000 -71.111322
vertex 36.972681 0.200000 -83.597079
vertex 36.775550 0.200000 -70.936630
endloop
endfacet
facet normal -0.429033 -9.359208 1.604414
outer loop
vertex 36.775550 0.200000 -70.936630
vertex 36.972681 0.200000 -83.597079
vertex 37.533934 0.200000 -70.713308
endloop
endfacet
facet normal -0.570781 -9.332433 1.600354
outer loop
vertex 37.533934 0.200000 -70.713308
vertex 36.972681 0.200000 -83.597079
vertex 38.275646 0.200000 -70.442320
endloop
endfacet
facet normal -0.721791 -9.294000 1.601461
outer loop
vertex 38.275646 0.200000 -70.442320
vertex 36.972681 0.200000 -83.597079
vertex 38.997512 0.200000 -70.124820
endloop
endfacet
facet normal -0.885359 -9.241221 1.607892
outer loop
vertex 38.997512 0.200000 -70.124820
vertex 36.972681 0.200000 -83.597079
vertex 39.696440 0.200000 -69.762170
endloop
endfacet
facet normal -0.464789 -9.576037 0.715285
outer loop
vertex 39.696440 0.200000 -69.762170
vertex 36.972681 0.200000 -83.597079
vertex 40.369439 0.200000 -69.355924
endloop
endfacet
facet normal 0.266235 -9.912720 0.030995
outer loop
vertex 40.369439 0.200000 -69.355924
vertex 36.972681 0.200000 -83.597079
vertex 49.489351 0.200000 -76.151430
endloop
endfacet
facet normal -0.613007 -9.598721 1.340649
outer loop
vertex 40.369439 0.200000 -69.355924
vertex 49.489351 0.200000 -76.151430
vertex 41.013627 0.200000 -68.907816
endloop
endfacet
facet normal -1.287840 -9.244154 2.090580
outer loop
vertex 41.013627 0.200000 -68.907816
vertex 49.489351 0.200000 -76.151430
vertex 41.626243 0.200000 -68.419775
endloop
endfacet
facet normal -1.392528 -9.248889 1.984341
outer loop
vertex 41.626243 0.200000 -68.419775
vertex 49.489351 0.200000 -76.151430
vertex 42.204664 0.200000 -67.893878
endloop
endfacet
facet normal -1.017863 -9.542018 1.455145
outer loop
vertex 42.204664 0.200000 -67.893878
vertex 49.489351 0.200000 -76.151430
vertex 42.746416 0.200000 -67.332387
endloop
endfacet
facet normal -0.084407 -9.558877 -0.468946
outer loop
vertex 42.746416 0.200000 -67.332387
vertex 49.489351 0.200000 -76.151430
vertex 49.489351 0.200000 -71.971417
endloop
endfacet
facet normal -1.359455 -9.006482 0.077062
outer loop
vertex 42.746416 0.200000 -67.332387
vertex 49.489351 0.200000 -71.971417
vertex 43.249176 0.200000 -66.737701
endloop
endfacet
facet normal -2.169171 -8.478931 0.542703
outer loop
vertex 43.249176 0.200000 -66.737701
vertex 49.489351 0.200000 -71.971417
vertex 43.710796 0.200000 -66.112373
endloop
endfacet
facet normal -2.293606 -8.452883 0.398522
outer loop
vertex 43.710796 0.200000 -66.112373
vertex 49.489351 0.200000 -71.971417
vertex 44.129292 0.200000 -65.459072
endloop
endfacet
facet normal -2.428376 -8.405926 0.254736
outer loop
vertex 44.129292 0.200000 -65.459072
vertex 49.489351 0.200000 -71.971417
vertex 44.502877 0.200000 -64.780602
endloop
endfacet
facet normal -2.575868 -8.335021 0.108567
outer loop
vertex 44.502877 0.200000 -64.780602
vertex 49.489351 0.200000 -71.971417
vertex 44.829950 0.200000 -64.079868
endloop
endfacet
facet normal -1.549333 -8.950002 -0.444117
outer loop
vertex 44.829950 0.200000 -64.079868
vertex 49.489351 0.200000 -71.971417
vertex 45.109110 0.200000 -63.359864
endloop
endfacet
facet normal -1.372741 -8.893693 -1.719326
outer loop
vertex 66.952422 0.200000 42.913621
vertex 67.490675 0.200000 109.271317
vertex 66.952422 0.200000 47.093630
endloop
endfacet
facet normal -1.409250 -8.896249 -1.840954
outer loop
vertex 66.952422 0.200000 47.093630
vertex 67.490675 0.200000 109.271317
vertex 63.414742 0.200000 59.421616
endloop
endfacet
facet normal -1.602523 -9.397033 -0.539125
outer loop
vertex 66.952422 0.200000 47.093630
vertex 63.414742 0.200000 59.421616
vertex 63.491884 0.200000 58.876794
endloop
endfacet
facet normal -2.926587 -8.154133 0.048817
outer loop
vertex 45.751830 0.200000 -59.580929
vertex 49.489346 0.200000 42.913621
vertex 45.751830 0.200000 54.063166
endloop
endfacet
facet normal -1.958452 -7.819594 -1.304926
outer loop
vertex 45.751830 0.200000 54.063166
vertex 49.489346 0.200000 42.913621
vertex 49.489346 0.200000 47.093630
endloop
endfacet
facet normal -1.792557 -7.808781 -1.269804
outer loop
vertex 45.751830 0.200000 54.063166
vertex 49.489346 0.200000 47.093630
vertex 51.585726 0.200000 55.920506
endloop
endfacet
facet normal 1.191040 -9.210953 -0.786194
outer loop
vertex 51.585726 0.200000 55.920506
vertex 49.489346 0.200000 47.093630
vertex 51.834846 0.200000 55.426585
endloop
endfacet
facet normal 1.652752 -9.050915 -0.419487
outer loop
vertex 51.834846 0.200000 55.426585
vertex 49.489346 0.200000 47.093630
vertex 52.129205 0.200000 54.956701
endloop
endfacet
facet normal 1.508333 -9.087966 -0.324314
outer loop
vertex 52.129205 0.200000 54.956701
vertex 49.489346 0.200000 47.093630
vertex 52.466360 0.200000 54.514747
endloop
endfacet
facet normal 1.477179 -9.045704 -0.142057
outer loop
vertex 52.466360 0.200000 54.514747
vertex 49.489346 0.200000 47.093630
vertex 52.843523 0.200000 54.104385
endloop
endfacet
facet normal 1.251407 -9.124664 -0.152828
outer loop
vertex 52.843523 0.200000 54.104385
vertex 49.489346 0.200000 47.093630
vertex 53.257563 0.200000 53.729019
endloop
endfacet
facet normal 1.128194 -9.133597 -0.068914
outer loop
vertex 53.257563 0.200000 53.729019
vertex 49.489346 0.200000 47.093630
vertex 53.705051 0.200000 53.391752
endloop
endfacet
facet normal 1.083116 -9.073179 0.130671
outer loop
vertex 53.705051 0.200000 53.391752
vertex 49.489346 0.200000 47.093630
vertex 54.182276 0.200000 53.095390
endloop
endfacet
facet normal 0.892097 -9.130357 0.095721
outer loop
vertex 54.182276 0.200000 53.095390
vertex 49.489346 0.200000 47.093630
vertex 54.685291 0.200000 52.842380
endloop
endfacet
facet normal 0.768885 -9.117321 0.183601
outer loop
vertex 54.685291 0.200000 52.842380
vertex 49.489346 0.200000 47.093630
vertex 55.209921 0.200000 52.634820
endloop
endfacet
facet normal 0.684484 -9.033123 0.408512
outer loop
vertex 55.209921 0.200000 52.634820
vertex 49.489346 0.200000 47.093630
vertex 55.751819 0.200000 52.474428
endloop
endfacet
facet normal 0.510897 -9.071627 0.371177
outer loop
vertex 55.751819 0.200000 52.474428
vertex 49.489346 0.200000 47.093630
vertex 56.306499 0.200000 52.362541
endloop
endfacet
facet normal 0.364871 -9.027469 0.478069
outer loop
vertex 56.306499 0.200000 52.362541
vertex 49.489346 0.200000 47.093630
vertex 56.869361 0.200000 52.300074
endloop
endfacet
facet normal 0.234251 -9.203977 -0.216066
outer loop
vertex 56.869361 0.200000 52.300074
vertex 49.489346 0.200000 47.093630
vertex 57.435745 0.200000 52.287557
endloop
endfacet
facet normal -0.037550 -9.426058 -1.640490
outer loop
vertex 57.435745 0.200000 52.287557
vertex 49.489346 0.200000 47.093630
vertex 66.952422 0.200000 47.093630
endloop
endfacet
facet normal -0.291438 -9.759251 0.541112
outer loop
vertex 57.435745 0.200000 52.287557
vertex 66.952422 0.200000 47.093630
vertex 58.000954 0.200000 52.325089
endloop
endfacet
facet normal -0.462624 -9.536628 1.324670
outer loop
vertex 58.000954 0.200000 52.325089
vertex 66.952422 0.200000 47.093630
vertex 58.560300 0.200000 52.412355
endloop
endfacet
facet normal -0.622405 -9.512338 1.343241
outer loop
vertex 58.560300 0.200000 52.412355
vertex 66.952422 0.200000 47.093630
vertex 59.109159 0.200000 52.548634
endloop
endfacet
facet normal -0.710596 -9.604857 1.099480
outer loop
vertex 59.109159 0.200000 52.548634
vertex 66.952422 0.200000 47.093630
vertex 59.642977 0.200000 52.732800
endloop
endfacet
facet normal -0.823804 -9.628536 0.998244
outer loop
vertex 59.642977 0.200000 52.732800
vertex 66.952422 0.200000 47.093630
vertex 60.157331 0.200000 52.963326
endloop
endfacet
facet normal -0.991060 -9.585009 1.027212
outer loop
vertex 60.157331 0.200000 52.963326
vertex 66.952422 0.200000 47.093630
vertex 60.647958 0.200000 53.238296
endloop
endfacet
facet normal -1.118155 -9.593655 0.920625
outer loop
vertex 60.647958 0.200000 53.238296
vertex 66.952422 0.200000 47.093630
vertex 61.110800 0.200000 53.555442
endloop
endfacet
facet normal -1.138232 -9.651096 0.724439
outer loop
vertex 61.110800 0.200000 53.555442
vertex 66.952422 0.200000 47.093630
vertex 61.542011 0.200000 53.912128
endloop
endfacet
facet normal -1.242230 -9.647275 0.635300
outer loop
vertex 61.542011 0.200000 53.912128
vertex 66.952422 0.200000 47.093630
vertex 61.938018 0.200000 54.305398
endloop
endfacet
facet normal -1.451226 -9.582120 0.632315
outer loop
vertex 61.938018 0.200000 54.305398
vertex 66.952422 0.200000 47.093630
vertex 62.295547 0.200000 54.731994
endloop
endfacet
facet normal -1.454003 -9.624537 0.457755
outer loop
vertex 62.295547 0.200000 54.731994
vertex 66.952422 0.200000 47.093630
vertex 62.611640 0.200000 55.188389
endloop
endfacet
facet normal -1.572886 -9.598854 0.360022
outer loop
vertex 62.611640 0.200000 55.188389
vertex 66.952422 0.200000 47.093630
vertex 62.883659 0.200000 55.670790
endloop
endfacet
facet normal -1.824755 -9.503144 0.311428
outer loop
vertex 62.883659 0.200000 55.670790
vertex 66.952422 0.200000 47.093630
vertex 63.109362 0.200000 56.175210
endloop
endfacet
facet normal -1.838663 -9.525189 0.144516
outer loop
vertex 63.109362 0.200000 56.175210
vertex 66.952422 0.200000 47.093630
vertex 63.286879 0.200000 56.697460
endloop
endfacet
facet normal -1.997630 -9.456810 0.014553
outer loop
vertex 63.286879 0.200000 56.697460
vertex 66.952422 0.200000 47.093630
vertex 63.414742 0.200000 57.233218
endloop
endfacet
facet normal -2.314994 -9.290337 -0.116643
outer loop
vertex 63.414742 0.200000 57.233218
vertex 66.952422 0.200000 47.093630
vertex 63.491884 0.200000 57.778040
endloop
endfacet
facet normal -2.403977 -9.244865 -0.313175
outer loop
vertex 63.491884 0.200000 57.778040
vertex 66.952422 0.200000 47.093630
vertex 63.517668 0.200000 58.327417
endloop
endfacet
facet normal -2.651189 -9.052008 -0.529410
outer loop
vertex 63.517668 0.200000 58.327417
vertex 66.952422 0.200000 47.093630
vertex 63.491884 0.200000 58.876794
endloop
endfacet
facet normal 0.104670 -9.655353 0.545385
outer loop
vertex -49.489351 0.200000 69.561199
vertex -41.626243 0.200000 62.902011
vertex -49.489351 0.200000 73.479961
endloop
endfacet
facet normal 0.814164 -9.680025 -1.262657
outer loop
vertex -49.489351 0.200000 73.479961
vertex -41.626243 0.200000 62.902011
vertex -41.013627 0.200000 63.390053
endloop
endfacet
facet normal 1.072180 -9.466386 -1.753997
outer loop
vertex -49.489351 0.200000 73.479961
vertex -41.013627 0.200000 63.390053
vertex -40.369439 0.200000 63.838161
endloop
endfacet
facet normal 0.007597 -9.689568 1.158902
outer loop
vertex -66.952422 0.200000 69.561199
vertex -57.718786 0.200000 64.354755
vertex -49.489351 0.200000 69.561199
endloop
endfacet
facet normal -0.132054 -9.417256 -0.139460
outer loop
vertex -49.489351 0.200000 69.561199
vertex -57.718786 0.200000 64.354755
vertex -57.152407 0.200000 64.367277
endloop
endfacet
facet normal -0.234883 -9.230868 -0.860892
outer loop
vertex -49.489351 0.200000 69.561199
vertex -57.152407 0.200000 64.367277
vertex -56.587199 0.200000 64.329745
endloop
endfacet
facet normal 1.984852 -8.731228 -0.798791
outer loop
vertex -66.952422 0.200000 73.479961
vertex -67.490675 0.200000 109.271317
vertex -66.952422 0.200000 69.561199
endloop
endfacet
facet normal 1.941624 -8.792883 -0.413515
outer loop
vertex -66.952422 0.200000 69.561199
vertex -67.490675 0.200000 109.271317
vertex -66.952422 0.200000 -45.585085
endloop
endfacet
facet normal 0.153697 -9.976446 0.147719
outer loop
vertex -66.952422 0.200000 69.561199
vertex -66.952422 0.200000 -45.585085
vertex -63.357096 0.200000 56.963924
endloop
endfacet
facet normal 0.237723 -9.984679 -0.038658
outer loop
vertex -63.357096 0.200000 56.963924
vertex -66.952422 0.200000 -45.585085
vertex -63.204249 0.200000 56.434374
endloop
endfacet
facet normal 0.415217 -9.971360 0.045599
outer loop
vertex -63.204249 0.200000 56.434374
vertex -66.952422 0.200000 -45.585085
vertex -63.002427 0.200000 55.920506
endloop
endfacet
facet normal 0.384188 -9.973239 0.074339
outer loop
vertex -63.002427 0.200000 55.920506
vertex -66.952422 0.200000 -45.585085
vertex -62.753301 0.200000 55.426585
endloop
endfacet
facet normal 0.285923 -9.982299 0.057012
outer loop
vertex -62.753301 0.200000 55.426585
vertex -66.952422 0.200000 -45.585085
vertex -62.458947 0.200000 54.956701
endloop
endfacet
facet normal 0.237135 -9.985974 0.059208
outer loop
vertex -62.458947 0.200000 54.956701
vertex -66.952422 0.200000 -45.585085
vertex -62.121787 0.200000 54.514747
endloop
endfacet
facet normal 0.229447 -9.985188 0.086355
outer loop
vertex -62.121787 0.200000 54.514747
vertex -66.952422 0.200000 -45.585085
vertex -61.744624 0.200000 54.104385
endloop
endfacet
facet normal 0.175032 -9.988831 0.065084
outer loop
vertex -61.744624 0.200000 54.104385
vertex -66.952422 0.200000 -45.585085
vertex -61.330584 0.200000 53.729019
endloop
endfacet
facet normal 0.147094 -9.990049 0.066454
outer loop
vertex -61.330584 0.200000 53.729019
vertex -66.952422 0.200000 -45.585085
vertex -60.883101 0.200000 53.391752
endloop
endfacet
facet normal 0.141000 -9.988994 0.093535
outer loop
vertex -60.883101 0.200000 53.391752
vertex -66.952422 0.200000 -45.585085
vertex -60.405871 0.200000 53.095390
endloop
endfacet
facet normal 0.105665 -9.991087 0.070475
outer loop
vertex -60.405871 0.200000 53.095390
vertex -66.952422 0.200000 -45.585085
vertex -59.902857 0.200000 52.842380
endloop
endfacet
facet normal 0.085229 -9.991542 0.071794
outer loop
vertex -59.902857 0.200000 52.842380
vertex -66.952422 0.200000 -45.585085
vertex -59.378232 0.200000 52.634820
endloop
endfacet
facet normal 0.075749 -9.990397 0.099197
outer loop
vertex -59.378232 0.200000 52.634820
vertex -66.952422 0.200000 -45.585085
vertex -58.836323 0.200000 52.474428
endloop
endfacet
facet normal 1.934265 -8.731079 -0.779637
outer loop
vertex -67.490675 0.200000 109.271317
vertex -66.952422 0.200000 73.479961
vertex -58.177670 0.200000 91.571581
endloop
endfacet
facet normal 0.051032 -9.907698 -0.376901
outer loop
vertex -58.177670 0.200000 91.571581
vertex -66.952422 0.200000 73.479961
vertex -49.489351 0.200000 73.479961
endloop
endfacet
facet normal -0.033036 -9.972049 0.159867
outer loop
vertex -58.177670 0.200000 91.571581
vertex -49.489351 0.200000 73.479961
vertex -36.972681 0.200000 91.571581
endloop
endfacet
facet normal -0.066770 -9.991084 -0.172904
outer loop
vertex -36.972681 0.200000 91.571581
vertex -49.489351 0.200000 73.479961
vertex -38.997512 0.200000 64.607057
endloop
endfacet
facet normal 0.216978 -9.915308 -0.541427
outer loop
vertex -36.972681 0.200000 91.571581
vertex -38.997512 0.200000 64.607057
vertex -38.275646 0.200000 64.924556
endloop
endfacet
facet normal 0.094072 -9.020224 0.186883
outer loop
vertex -51.096263 0.200000 -61.287011
vertex -45.725902 0.200000 -60.349825
vertex -51.070479 0.200000 -60.737635
endloop
endfacet
facet normal 2.999174 -7.549158 0.119635
outer loop
vertex -51.070479 0.200000 -60.737635
vertex -45.725902 0.200000 -60.349825
vertex -45.751830 0.200000 -59.580929
endloop
endfacet
facet normal 0.464418 -7.946650 -0.089256
outer loop
vertex -51.070479 0.200000 -60.737635
vertex -45.751830 0.200000 -59.580929
vertex -51.096263 0.200000 -60.188258
endloop
endfacet
facet normal 0.098046 -7.760118 -0.286246
outer loop
vertex -51.096263 0.200000 -60.188258
vertex -45.751830 0.200000 -59.580929
vertex -51.173405 0.200000 -59.643436
endloop
endfacet
facet normal 0.250038 -7.829727 -0.447916
outer loop
vertex -51.173405 0.200000 -59.643436
vertex -45.751830 0.200000 -59.580929
vertex -51.301269 0.200000 -59.107677
endloop
endfacet
facet normal 1.085392 -8.121781 -0.318697
outer loop
vertex -51.301269 0.200000 -59.107677
vertex -45.751830 0.200000 -59.580929
vertex -51.478785 0.200000 -58.585428
endloop
endfacet
facet normal 1.808927 -7.868776 1.247242
outer loop
vertex -51.478785 0.200000 -58.585428
vertex -45.751830 0.200000 -59.580929
vertex -49.489351 0.200000 -49.503847
endloop
endfacet
facet normal -1.207901 -9.231913 0.797377
outer loop
vertex -51.478785 0.200000 -58.585428
vertex -49.489351 0.200000 -49.503847
vertex -51.704493 0.200000 -58.081007
endloop
endfacet
facet normal -1.717143 -9.061732 0.435527
outer loop
vertex -51.704493 0.200000 -58.081007
vertex -49.489351 0.200000 -49.503847
vertex -51.976512 0.200000 -57.598607
endloop
endfacet
facet normal -1.566949 -9.105542 0.335733
outer loop
vertex -51.976512 0.200000 -57.598607
vertex -49.489351 0.200000 -49.503847
vertex -52.292601 0.200000 -57.142212
endloop
endfacet
facet normal -1.538506 -9.066766 0.159086
outer loop
vertex -52.292601 0.200000 -57.142212
vertex -49.489351 0.200000 -49.503847
vertex -52.650129 0.200000 -56.715616
endloop
endfacet
facet normal -1.302400 -9.150590 0.159450
outer loop
vertex -52.650129 0.200000 -56.715616
vertex -49.489351 0.200000 -49.503847
vertex -53.046141 0.200000 -56.322345
endloop
endfacet
facet normal -1.177572 -9.163462 0.074273
outer loop
vertex -53.046141 0.200000 -56.322345
vertex -49.489351 0.200000 -49.503847
vertex -53.477352 0.200000 -55.965660
endloop
endfacet
facet normal -1.140763 -9.106063 -0.119229
outer loop
vertex -53.477352 0.200000 -55.965660
vertex -49.489351 0.200000 -49.503847
vertex -53.940189 0.200000 -55.648514
endloop
endfacet
facet normal -0.995737 -9.104172 -0.219378
outer loop
vertex -53.940189 0.200000 -55.648514
vertex -49.489351 0.200000 -49.503847
vertex -54.430816 0.200000 -55.373544
endloop
endfacet
facet normal -0.812961 -9.158434 -0.179645
outer loop
vertex -54.430816 0.200000 -55.373544
vertex -49.489351 0.200000 -49.503847
vertex -54.945170 0.200000 -55.143017
endloop
endfacet
facet normal -0.687341 -9.141218 -0.269012
outer loop
vertex -54.945170 0.200000 -55.143017
vertex -49.489351 0.200000 -49.503847
vertex -55.478989 0.200000 -54.958852
endloop
endfacet
facet normal -0.588679 -9.051538 -0.499880
outer loop
vertex -55.478989 0.200000 -54.958852
vertex -49.489351 0.200000 -49.503847
vertex -56.027848 0.200000 -54.822573
endloop
endfacet
facet normal -0.420495 -9.086107 -0.463255
outer loop
vertex -56.027848 0.200000 -54.822573
vertex -49.489351 0.200000 -49.503847
vertex -56.587199 0.200000 -54.735306
endloop
endfacet
facet normal 2.224326 -8.455027 0.405247
outer loop
vertex -45.725902 0.200000 -60.349825
vertex -51.096263 0.200000 -61.287011
vertex -45.648221 0.200000 -61.115433
endloop
endfacet
facet normal -0.039353 -8.989278 0.432475
outer loop
vertex -45.648221 0.200000 -61.115433
vertex -51.096263 0.200000 -61.287011
vertex -51.173405 0.200000 -61.831833
endloop
endfacet
facet normal 2.175027 -8.502425 0.677169
outer loop
vertex -45.648221 0.200000 -61.115433
vertex -51.173405 0.200000 -61.831833
vertex -45.519126 0.200000 -61.874468
endloop
endfacet
facet normal 0.093816 -9.076886 0.630978
outer loop
vertex -45.519126 0.200000 -61.874468
vertex -51.173405 0.200000 -61.831833
vertex -51.301269 0.200000 -62.367592
endloop
endfacet
facet normal 2.232899 -8.618497 0.884254
outer loop
vertex -45.519126 0.200000 -61.874468
vertex -51.301269 0.200000 -62.367592
vertex -45.339165 0.200000 -62.623681
endloop
endfacet
facet normal 0.105564 -9.124170 0.834787
outer loop
vertex -45.339165 0.200000 -62.623681
vertex -51.301269 0.200000 -62.367592
vertex -51.478785 0.200000 -62.889841
endloop
endfacet
facet normal 2.024816 -8.644672 1.141812
outer loop
vertex -45.339165 0.200000 -62.623681
vertex -51.478785 0.200000 -62.889841
vertex -45.109110 0.200000 -63.359864
endloop
endfacet
facet normal 0.000976 -9.126243 1.065875
outer loop
vertex -45.109110 0.200000 -63.359864
vertex -51.478785 0.200000 -62.889841
vertex -51.704493 0.200000 -63.394257
endloop
endfacet
facet normal 1.938714 -8.725552 1.354004
outer loop
vertex -45.109110 0.200000 -63.359864
vertex -51.704493 0.200000 -63.394257
vertex -44.829950 0.200000 -64.079868
endloop
endfacet
facet normal 0.134913 -9.223725 1.176160
outer loop
vertex -44.829950 0.200000 -64.079868
vertex -51.704493 0.200000 -63.394257
vertex -51.976512 0.200000 -63.876662
endloop
endfacet
facet normal 1.951877 -8.848207 1.468618
outer loop
vertex -44.829950 0.200000 -64.079868
vertex -51.976512 0.200000 -63.876662
vertex -44.502877 0.200000 -64.780602
endloop
endfacet
facet normal 0.158596 -9.273788 1.322213
outer loop
vertex -44.502877 0.200000 -64.780602
vertex -51.976512 0.200000 -63.876662
vertex -52.292601 0.200000 -64.333052
endloop
endfacet
facet normal 1.748102 -8.874900 1.696841
outer loop
vertex -44.502877 0.200000 -64.780602
vertex -52.292601 0.200000 -64.333052
vertex -44.129292 0.200000 -65.459072
endloop
endfacet
facet normal 0.082904 -9.273158 1.527900
outer loop
vertex -44.129292 0.200000 -65.459072
vertex -52.292601 0.200000 -64.333052
vertex -52.650129 0.200000 -64.759653
endloop
endfacet
facet normal 1.663052 -8.933727 1.855783
outer loop
vertex -44.129292 0.200000 -65.459072
vertex -52.650129 0.200000 -64.759653
vertex -43.710796 0.200000 -66.112373
endloop
endfacet
facet normal 0.201721 -9.346448 1.569033
outer loop
vertex -43.710796 0.200000 -66.112373
vertex -52.650129 0.200000 -64.759653
vertex -53.046141 0.200000 -65.152924
endloop
endfacet
facet normal 0.764393 -9.460919 1.184646
outer loop
vertex -43.710796 0.200000 -66.112373
vertex -53.046141 0.200000 -65.152924
vertex -43.249176 0.200000 -66.737701
endloop
endfacet
facet normal -0.311930 -9.922989 0.499854
outer loop
vertex -43.249176 0.200000 -66.737701
vertex -53.046141 0.200000 -65.152924
vertex -53.477352 0.200000 -65.509609
endloop
endfacet
facet normal 0.163704 -9.974289 -0.154121
outer loop
vertex -43.249176 0.200000 -66.737701
vertex -53.477352 0.200000 -65.509609
vertex -58.177670 0.200000 -83.597079
endloop
endfacet
facet normal -0.243908 -9.873487 0.314500
outer loop
vertex -58.177670 0.200000 -83.597079
vertex -53.477352 0.200000 -65.509609
vertex -53.940189 0.200000 -65.826750
endloop
endfacet
facet normal -0.466969 -9.782717 0.797551
outer loop
vertex -58.177670 0.200000 -83.597079
vertex -53.940189 0.200000 -65.826750
vertex -54.430816 0.200000 -66.101725
endloop
endfacet
facet normal -0.303364 -9.833037 0.686340
outer loop
vertex -54.430816 0.200000 -66.101725
vertex -54.945170 0.200000 -66.332252
vertex -58.177670 0.200000 -83.597079
endloop
endfacet
facet normal -0.198697 -9.847572 0.677554
outer loop
vertex -58.177670 0.200000 -83.597079
vertex -54.945170 0.200000 -66.332252
vertex -55.478989 0.200000 -66.516417
endloop
endfacet
facet normal -0.132458 -9.827783 0.778055
outer loop
vertex -58.177670 0.200000 -83.597079
vertex -55.478989 0.200000 -66.516417
vertex -56.027848 0.200000 -66.652696
endloop
endfacet
facet normal -0.022970 -9.860706 0.667813
outer loop
vertex -56.027848 0.200000 -66.652696
vertex -56.587199 0.200000 -66.739963
vertex -58.177670 0.200000 -83.597079
endloop
endfacet
facet normal 0.064315 -9.864814 0.662734
outer loop
vertex -58.177670 0.200000 -83.597079
vertex -56.587199 0.200000 -66.739963
vertex -57.152407 0.200000 -66.777494
endloop
endfacet
facet normal 0.148159 -9.840467 0.764518
outer loop
vertex -58.177670 0.200000 -83.597079
vertex -57.152407 0.200000 -66.777494
vertex -57.718786 0.200000 -66.764972
endloop
endfacet
facet normal 0.224463 -9.865419 0.656232
outer loop
vertex -57.718786 0.200000 -66.764972
vertex -58.281648 0.200000 -66.702511
vertex -58.177670 0.200000 -83.597079
endloop
endfacet
facet normal 0.311072 -9.862121 0.653930
outer loop
vertex -58.177670 0.200000 -83.597079
vertex -58.281648 0.200000 -66.702511
vertex -58.836323 0.200000 -66.590623
endloop
endfacet
facet normal 0.426465 -9.830366 0.754588
outer loop
vertex -58.177670 0.200000 -83.597079
vertex -58.836323 0.200000 -66.590623
vertex -59.378232 0.200000 -66.430232
endloop
endfacet
facet normal 0.483758 -9.850645 0.649499
outer loop
vertex -59.378232 0.200000 -66.430232
vertex -59.902857 0.200000 -66.222671
vertex -58.177670 0.200000 -83.597079
endloop
endfacet
facet normal 0.585858 -9.837565 0.649501
outer loop
vertex -58.177670 0.200000 -83.597079
vertex -59.902857 0.200000 -66.222671
vertex -60.405871 0.200000 -65.969661
endloop
endfacet
facet normal 0.752301 -9.789954 0.746393
outer loop
vertex -58.177670 0.200000 -83.597079
vertex -60.405871 0.200000 -65.969661
vertex -60.883101 0.200000 -65.673295
endloop
endfacet
facet normal 0.809150 -9.804098 0.646838
outer loop
vertex -60.883101 0.200000 -65.673295
vertex -61.330584 0.200000 -65.336033
vertex -58.177670 0.200000 -83.597079
endloop
endfacet
facet normal 0.954881 -9.769079 0.648529
outer loop
vertex -58.177670 0.200000 -83.597079
vertex -61.330584 0.200000 -65.336033
vertex -61.744624 0.200000 -64.960666
endloop
endfacet
facet normal 1.213507 -9.679943 0.736241
outer loop
vertex -58.177670 0.200000 -83.597079
vertex -61.744624 0.200000 -64.960666
vertex -62.121787 0.200000 -64.550309
endloop
endfacet
facet normal 1.319876 -9.668775 0.647420
outer loop
vertex -62.121787 0.200000 -64.550309
vertex -62.458947 0.200000 -64.108350
vertex -58.177670 0.200000 -83.597079
endloop
endfacet
facet normal 0.755035 -9.832109 0.169439
outer loop
vertex -58.177670 0.200000 -83.597079
vertex -62.458947 0.200000 -64.108350
vertex -62.753301 0.200000 -63.638467
endloop
endfacet
facet normal 1.159020 -9.235183 0.980891
outer loop
vertex -58.177670 0.200000 -83.597079
vertex -62.753301 0.200000 -63.638467
vertex -67.490675 0.200000 -111.681534
endloop
endfacet
facet normal 1.390466 -9.216611 1.403173
outer loop
vertex -67.490675 0.200000 -111.681534
vertex -62.753301 0.200000 -63.638467
vertex -63.002427 0.200000 -63.144545
endloop
endfacet
facet normal 1.695387 -9.182667 1.499357
outer loop
vertex -67.490675 0.200000 -111.681534
vertex -63.002427 0.200000 -63.144545
vertex -63.204249 0.200000 -62.630677
endloop
endfacet
facet normal 1.389608 -9.222670 1.353904
outer loop
vertex -63.204249 0.200000 -62.630677
vertex -63.357096 0.200000 -62.101123
vertex -67.490675 0.200000 -111.681534
endloop
endfacet
facet normal 2.900613 -8.837229 0.654783
outer loop
vertex -63.459704 0.200000 -61.560272
vertex -63.511221 0.200000 -61.012604
vertex -66.952422 0.200000 -49.503847
endloop
endfacet
facet normal 2.503219 -9.157819 0.404722
outer loop
vertex -66.952422 0.200000 -49.503847
vertex -63.511221 0.200000 -61.012604
vertex -63.511221 0.200000 -60.462660
endloop
endfacet
facet normal 2.274785 -9.317523 0.210632
outer loop
vertex -66.952422 0.200000 -49.503847
vertex -63.511221 0.200000 -60.462660
vertex -63.459704 0.200000 -59.914992
endloop
endfacet
facet normal 2.204832 -9.343551 0.018621
outer loop
vertex -63.459704 0.200000 -59.914992
vertex -63.357096 0.200000 -59.374141
vertex -66.952422 0.200000 -49.503847
endloop
endfacet
facet normal 1.901197 -9.493098 -0.088774
outer loop
vertex -66.952422 0.200000 -49.503847
vertex -63.357096 0.200000 -59.374141
vertex -63.204249 0.200000 -58.844592
endloop
endfacet
facet normal 1.750933 -9.551295 -0.210094
outer loop
vertex -66.952422 0.200000 -49.503847
vertex -63.204249 0.200000 -58.844592
vertex -63.002427 0.200000 -58.330724
endloop
endfacet
facet normal 1.739370 -9.524565 -0.381045
outer loop
vertex -63.002427 0.200000 -58.330724
vertex -62.753301 0.200000 -57.836802
vertex -66.952422 0.200000 -49.503847
endloop
endfacet
facet normal 1.497808 -9.613519 -0.415355
outer loop
vertex -66.952422 0.200000 -49.503847
vertex -62.753301 0.200000 -57.836802
vertex -62.458947 0.200000 -57.366919
endloop
endfacet
facet normal 1.382458 -9.634710 -0.509833
outer loop
vertex -66.952422 0.200000 -49.503847
vertex -62.458947 0.200000 -57.366919
vertex -62.121787 0.200000 -56.924965
endloop
endfacet
facet normal 1.375190 -9.589898 -0.690477
outer loop
vertex -62.121787 0.200000 -56.924965
vertex -61.744624 0.200000 -56.514603
vertex -66.952422 0.200000 -49.503847
endloop
endfacet
facet normal 1.174567 -9.651712 -0.684485
outer loop
vertex -66.952422 0.200000 -49.503847
vertex -61.744624 0.200000 -56.514603
vertex -61.330584 0.200000 -56.139236
endloop
endfacet
facet normal 1.070911 -9.652383 -0.773313
outer loop
vertex -66.952422 0.200000 -49.503847
vertex -61.330584 0.200000 -56.139236
vertex -60.883101 0.200000 -55.801969
endloop
endfacet
facet normal 1.041912 -9.591999 -0.976355
outer loop
vertex -60.883101 0.200000 -55.801969
vertex -60.405871 0.200000 -55.505608
vertex -66.952422 0.200000 -49.503847
endloop
endfacet
facet normal 0.867852 -9.637898 -0.951149
outer loop
vertex -66.952422 0.200000 -49.503847
vertex -60.405871 0.200000 -55.505608
vertex -59.902857 0.200000 -55.252598
endloop
endfacet
facet normal 0.758077 -9.618517 -1.049627
outer loop
vertex -66.952422 0.200000 -49.503847
vertex -59.902857 0.200000 -55.252598
vertex -59.378232 0.200000 -55.045037
endloop
endfacet
facet normal 0.684917 -9.532349 -1.285688
outer loop
vertex -59.378232 0.200000 -55.045037
vertex -58.836323 0.200000 -54.884646
vertex -66.952422 0.200000 -49.503847
endloop
endfacet
facet normal 0.521261 -9.560957 -1.264622
outer loop
vertex -66.952422 0.200000 -49.503847
vertex -58.836323 0.200000 -54.884646
vertex -58.281648 0.200000 -54.772758
endloop
endfacet
facet normal 0.316521 -9.773116 -0.511038
outer loop
vertex -66.952422 0.200000 -49.503847
vertex -58.281648 0.200000 -54.772758
vertex -57.718786 0.200000 -54.710292
endloop
endfacet
facet normal -0.057169 -9.996054 0.066680
outer loop
vertex -54.945170 0.200000 52.732800
vertex -55.478989 0.200000 52.548634
vertex -49.489351 0.200000 -45.585085
endloop
endfacet
facet normal -0.074253 -9.993004 0.165166
outer loop
vertex -49.489351 0.200000 -45.585085
vertex -55.478989 0.200000 52.548634
vertex -56.027848 0.200000 52.412355
endloop
endfacet
facet normal -0.051644 -9.994453 0.140292
outer loop
vertex -49.489351 0.200000 -45.585085
vertex -56.027848 0.200000 52.412355
vertex -56.587199 0.200000 52.325089
endloop
endfacet
facet normal -0.033684 -9.994499 0.141525
outer loop
vertex -56.587199 0.200000 52.325089
vertex -57.152407 0.200000 52.287557
vertex -49.489351 0.200000 -45.585085
endloop
endfacet
facet normal -0.024109 -9.996217 0.066746
outer loop
vertex -49.489351 0.200000 -45.585085
vertex -57.152407 0.200000 52.287557
vertex -57.718786 0.200000 52.300074
endloop
endfacet
facet normal 1.572236 -9.354334 0.461963
outer loop
vertex -63.357096 0.200000 56.963924
vertex -63.459704 0.200000 57.504774
vertex -66.952422 0.200000 69.561199
endloop
endfacet
facet normal 2.831279 -8.869336 0.500297
outer loop
vertex -66.952422 0.200000 69.561199
vertex -63.459704 0.200000 57.504774
vertex -63.511221 0.200000 58.052442
endloop
endfacet
facet normal 2.433885 -9.189925 0.250236
outer loop
vertex -66.952422 0.200000 69.561199
vertex -63.511221 0.200000 58.052442
vertex -63.511221 0.200000 58.602387
endloop
endfacet
facet normal 2.205451 -9.349629 0.056147
outer loop
vertex -63.511221 0.200000 58.602387
vertex -63.459704 0.200000 59.150054
vertex -66.952422 0.200000 69.561199
endloop
endfacet
facet normal 2.135499 -9.375657 -0.135863
outer loop
vertex -66.952422 0.200000 69.561199
vertex -63.459704 0.200000 59.150054
vertex -63.357096 0.200000 59.690905
endloop
endfacet
facet normal 1.831865 -9.525204 -0.243258
outer loop
vertex -66.952422 0.200000 69.561199
vertex -63.357096 0.200000 59.690905
vertex -63.204249 0.200000 60.220460
endloop
endfacet
facet normal 1.681601 -9.583401 -0.364578
outer loop
vertex -63.204249 0.200000 60.220460
vertex -63.002427 0.200000 60.734328
vertex -66.952422 0.200000 69.561199
endloop
endfacet
facet normal 1.670036 -9.556671 -0.535531
outer loop
vertex -66.952422 0.200000 69.561199
vertex -63.002427 0.200000 60.734328
vertex -62.753301 0.200000 61.228249
endloop
endfacet
facet normal 1.428475 -9.645625 -0.569839
outer loop
vertex -66.952422 0.200000 69.561199
vertex -62.753301 0.200000 61.228249
vertex -62.458947 0.200000 61.698132
endloop
endfacet
facet normal 1.313121 -9.666817 -0.664319
outer loop
vertex -62.458947 0.200000 61.698132
vertex -62.121787 0.200000 62.140091
vertex -66.952422 0.200000 69.561199
endloop
endfacet
facet normal 1.305855 -9.622004 -0.844964
outer loop
vertex -66.952422 0.200000 69.561199
vertex -62.121787 0.200000 62.140091
vertex -61.744624 0.200000 62.550448
endloop
endfacet
facet normal 1.105235 -9.683818 -0.838973
outer loop
vertex -66.952422 0.200000 69.561199
vertex -61.744624 0.200000 62.550448
vertex -61.330584 0.200000 62.925815
endloop
endfacet
facet normal 1.001577 -9.684488 -0.927800
outer loop
vertex -61.330584 0.200000 62.925815
vertex -60.883101 0.200000 63.263077
vertex -66.952422 0.200000 69.561199
endloop
endfacet
facet normal 0.972578 -9.624106 -1.130839
outer loop
vertex -66.952422 0.200000 69.561199
vertex -60.883101 0.200000 63.263077
vertex -60.405871 0.200000 63.559444
endloop
endfacet
facet normal 0.798515 -9.670005 -1.105634
outer loop
vertex -66.952422 0.200000 69.561199
vertex -60.405871 0.200000 63.559444
vertex -59.902857 0.200000 63.812454
endloop
endfacet
facet normal 0.688743 -9.650623 -1.204112
outer loop
vertex -59.902857 0.200000 63.812454
vertex -59.378232 0.200000 64.020014
vertex -66.952422 0.200000 69.561199
endloop
endfacet
facet normal 0.615583 -9.564455 -1.440173
outer loop
vertex -66.952422 0.200000 69.561199
vertex -59.378232 0.200000 64.020014
vertex -58.836323 0.200000 64.180406
endloop
endfacet
facet normal 0.451924 -9.593062 -1.419110
outer loop
vertex -66.952422 0.200000 69.561199
vertex -58.836323 0.200000 64.180406
vertex -58.281648 0.200000 64.292293
endloop
endfacet
facet normal 0.247185 -9.805221 -0.665526
outer loop
vertex -58.281648 0.200000 64.292293
vertex -57.718786 0.200000 64.354755
vertex -66.952422 0.200000 69.561199
endloop
endfacet
facet normal -0.388363 -9.282810 -0.749611
outer loop
vertex -56.587199 0.200000 64.329745
vertex -56.027848 0.200000 64.242478
vertex -49.489351 0.200000 69.561199
endloop
endfacet
facet normal -0.556547 -9.248241 -0.786236
outer loop
vertex -49.489351 0.200000 69.561199
vertex -56.027848 0.200000 64.242478
vertex -55.478989 0.200000 64.106199
endloop
endfacet
facet normal -0.655212 -9.337922 -0.555367
outer loop
vertex -49.489351 0.200000 69.561199
vertex -55.478989 0.200000 64.106199
vertex -54.945170 0.200000 63.922034
endloop
endfacet
facet normal -0.780834 -9.355138 -0.465998
outer loop
vertex -54.945170 0.200000 63.922034
vertex -54.430816 0.200000 63.691507
vertex -49.489351 0.200000 69.561199
endloop
endfacet
facet normal -0.963610 -9.300876 -0.505732
outer loop
vertex -49.489351 0.200000 69.561199
vertex -54.430816 0.200000 63.691507
vertex -53.940189 0.200000 63.416532
endloop
endfacet
facet normal -1.108632 -9.302766 -0.405586
outer loop
vertex -49.489351 0.200000 69.561199
vertex -53.940189 0.200000 63.416532
vertex -53.477352 0.200000 63.099392
endloop
endfacet
facet normal -1.145441 -9.360165 -0.212084
outer loop
vertex -53.477352 0.200000 63.099392
vertex -53.046141 0.200000 62.742706
vertex -49.489351 0.200000 69.561199
endloop
endfacet
facet normal -1.270277 -9.347292 -0.126902
outer loop
vertex -49.489351 0.200000 69.561199
vertex -53.046141 0.200000 62.742706
vertex -52.650129 0.200000 62.349436
endloop
endfacet
facet normal -1.506378 -9.263470 -0.127267
outer loop
vertex -49.489351 0.200000 69.561199
vertex -52.650129 0.200000 62.349436
vertex -52.292601 0.200000 61.922834
endloop
endfacet
facet normal -1.534816 -9.302246 0.049377
outer loop
vertex -52.292601 0.200000 61.922834
vertex -51.976512 0.200000 61.466445
vertex -49.489351 0.200000 69.561199
endloop
endfacet
facet normal -1.685016 -9.258434 0.149173
outer loop
vertex -49.489351 0.200000 69.561199
vertex -51.976512 0.200000 61.466445
vertex -51.704493 0.200000 60.984039
endloop
endfacet
facet normal -1.976622 -9.128362 0.203627
outer loop
vertex -49.489351 0.200000 69.561199
vertex -51.704493 0.200000 60.984039
vertex -51.478785 0.200000 60.479624
endloop
endfacet
facet normal -1.201271 -9.400143 0.621690
outer loop
vertex -51.478785 0.200000 60.479624
vertex -51.301269 0.200000 59.957374
vertex -49.489351 0.200000 69.561199
endloop
endfacet
facet normal 2.257888 -8.578367 -1.100087
outer loop
vertex -58.177670 0.200000 91.571581
vertex -58.177670 0.200000 99.278482
vertex -67.490675 0.200000 109.271317
endloop
endfacet
facet normal 2.160835 -8.596034 -1.465897
outer loop
vertex -67.490675 0.200000 109.271317
vertex -58.177670 0.200000 99.278482
vertex -36.972681 0.200000 99.278482
endloop
endfacet
facet normal 1.830215 -8.810203 -0.752877
outer loop
vertex -67.490675 0.200000 109.271317
vertex -36.972681 0.200000 99.278482
vertex 36.972681 0.200000 99.278482
endloop
endfacet
facet normal 0.032077 -9.992522 -0.125071
outer loop
vertex 36.972681 0.200000 99.278482
vertex -36.972681 0.200000 99.278482
vertex 36.972681 0.200000 91.571581
endloop
endfacet
facet normal -0.044994 -9.995416 0.019126
outer loop
vertex 36.972681 0.200000 91.571581
vertex -36.972681 0.200000 99.278482
vertex -36.972681 0.200000 91.571581
endloop
endfacet
facet normal -0.011249 -9.990245 -0.061168
outer loop
vertex 36.972681 0.200000 91.571581
vertex -36.972681 0.200000 91.571581
vertex 33.641051 0.200000 65.819452
endloop
endfacet
facet normal -0.028000 -9.864861 -0.831775
outer loop
vertex 33.641051 0.200000 65.819452
vertex -36.972681 0.200000 91.571581
vertex -33.641051 0.200000 65.819452
endloop
endfacet
facet normal 0.011251 -9.800103 -1.186078
outer loop
vertex -33.641051 0.200000 65.819452
vertex -36.972681 0.200000 91.571581
vertex -34.433135 0.200000 65.794283
endloop
endfacet
facet normal 0.083675 -9.854325 -1.013266
outer loop
vertex -34.433135 0.200000 65.794283
vertex -36.972681 0.200000 91.571581
vertex -35.221825 0.200000 65.718876
endloop
endfacet
facet normal 0.151063 -9.853113 -1.007748
outer loop
vertex -35.221825 0.200000 65.718876
vertex -36.972681 0.200000 91.571581
vertex -36.003748 0.200000 65.593559
endloop
endfacet
facet normal 0.219729 -9.850075 -1.003933
outer loop
vertex -36.003748 0.200000 65.593559
vertex -36.972681 0.200000 91.571581
vertex -36.775550 0.200000 65.418866
endloop
endfacet
facet normal 0.290661 -9.845052 -1.001811
outer loop
vertex -36.775550 0.200000 65.418866
vertex -36.972681 0.200000 91.571581
vertex -37.533934 0.200000 65.195540
endloop
endfacet
facet normal 0.364976 -9.837777 -1.001422
outer loop
vertex -37.533934 0.200000 65.195540
vertex -36.972681 0.200000 91.571581
vertex -38.275646 0.200000 64.924556
endloop
endfacet
facet normal 0.701170 -7.763722 -2.080642
outer loop
vertex -67.490675 0.200000 109.271317
vertex 36.972681 0.200000 99.278482
vertex 67.490675 0.200000 109.271317
endloop
endfacet
facet normal -1.332230 -8.840548 -2.126708
outer loop
vertex 67.490675 0.200000 109.271317
vertex 36.972681 0.200000 99.278482
vertex 58.177670 0.200000 99.278482
endloop
endfacet
facet normal -1.486930 -8.835566 -1.875716
outer loop
vertex 67.490675 0.200000 109.271317
vertex 58.177670 0.200000 99.278482
vertex 58.177670 0.200000 91.571581
endloop
endfacet
facet normal -0.082629 -9.990042 0.211468
outer loop
vertex 36.972681 0.200000 91.571581
vertex 53.257563 0.200000 62.925815
vertex 58.177670 0.200000 91.571581
endloop
endfacet
facet normal 0.148074 -9.941731 -0.219492
outer loop
vertex 58.177670 0.200000 91.571581
vertex 53.257563 0.200000 62.925815
vertex 53.705051 0.200000 63.263077
endloop
endfacet
facet normal 0.339970 -9.897996 -0.570083
outer loop
vertex 58.177670 0.200000 91.571581
vertex 53.705051 0.200000 63.263077
vertex 54.182276 0.200000 63.559444
endloop
endfacet
facet normal 1.044481 -9.165396 1.911810
outer loop
vertex -58.177670 0.200000 -91.303974
vertex -67.490675 0.200000 -111.681534
vertex -36.972681 0.200000 -91.303974
endloop
endfacet
facet normal 1.079178 -9.220275 1.655751
outer loop
vertex -36.972681 0.200000 -91.303974
vertex -67.490675 0.200000 -111.681534
vertex -22.337659 0.200000 -102.028318
endloop
endfacet
facet normal 0.439570 -9.926250 0.428726
outer loop
vertex -36.972681 0.200000 -91.303974
vertex -22.337659 0.200000 -102.028318
vertex -22.337659 0.200000 -77.868485
endloop
endfacet
facet normal 1.257290 -9.149427 1.523183
outer loop
vertex -58.177670 0.200000 -91.303974
vertex -58.177670 0.200000 -83.597079
vertex -67.490675 0.200000 -111.681534
endloop
endfacet
facet normal 0.072861 -9.958119 -0.473694
outer loop
vertex -36.972681 0.200000 -83.597079
vertex -42.204664 0.200000 -67.893878
vertex -58.177670 0.200000 -83.597079
endloop
endfacet
facet normal 0.611534 -9.877726 0.192098
outer loop
vertex -58.177670 0.200000 -83.597079
vertex -42.204664 0.200000 -67.893878
vertex -42.746416 0.200000 -67.332387
endloop
endfacet
facet normal 0.647083 -9.876061 0.210527
outer loop
vertex -58.177670 0.200000 -83.597079
vertex -42.746416 0.200000 -67.332387
vertex -43.249176 0.200000 -66.737701
endloop
endfacet
facet normal 0.182832 -9.938699 -0.129110
outer loop
vertex -36.972681 0.200000 -91.303974
vertex -22.337659 0.200000 -77.868485
vertex -36.972681 0.200000 -83.597079
endloop
endfacet
facet normal 0.275231 -9.883369 0.234793
outer loop
vertex -36.972681 0.200000 -83.597079
vertex -22.337659 0.200000 -77.868485
vertex -29.065869 0.200000 -71.337215
endloop
endfacet
facet normal -0.086321 -9.780959 0.963081
outer loop
vertex -36.972681 0.200000 -83.597079
vertex -29.065869 0.200000 -71.337215
vertex -33.641051 0.200000 -71.337215
endloop
endfacet
facet normal 0.157771 -9.844696 -0.572133
outer loop
vertex 36.972681 0.200000 -83.597079
vertex 58.177670 0.200000 -83.597079
vertex 49.489351 0.200000 -76.151430
endloop
endfacet
facet normal -0.539013 -8.208811 2.053656
outer loop
vertex -67.490675 0.200000 -111.681534
vertex 67.490675 0.200000 -111.681534
vertex -22.337659 0.200000 -102.028318
endloop
endfacet
facet normal -1.702085 -8.922230 1.119336
outer loop
vertex -22.337659 0.200000 -102.028318
vertex 67.490675 0.200000 -111.681534
vertex 22.337659 0.200000 -102.028318
endloop
endfacet
facet normal -2.884489 -7.930137 -0.787089
outer loop
vertex 67.490675 0.200000 -111.681534
vertex 67.490675 0.200000 109.271317
vertex 66.952422 0.200000 42.913621
endloop
endfacet
facet normal 2.832369 -8.070574 0.560256
outer loop
vertex -67.490675 0.200000 109.271317
vertex -67.490675 0.200000 -111.681534
vertex -66.952422 0.200000 -45.585085
endloop
endfacet
facet normal 5.280631 -3.372326 0.592199
outer loop
vertex -22.363260 0.200000 -77.299246
vertex -22.439874 0.200000 -76.734342
vertex -22.337659 0.200000 -77.868485
endloop
endfacet
facet normal 5.209898 -3.492317 1.030825
outer loop
vertex -22.337659 0.200000 -77.868485
vertex -22.439874 0.200000 -76.734342
vertex -22.566916 0.200000 -76.178069
endloop
endfacet
facet normal 5.098618 -3.670721 1.460025
outer loop
vertex -22.337659 0.200000 -77.868485
vertex -22.566916 0.200000 -76.178069
vertex -22.743419 0.200000 -75.634657
endloop
endfacet
facet normal 4.944904 -3.905096 1.874258
outer loop
vertex -22.743419 0.200000 -75.634657
vertex -22.968038 0.200000 -75.108252
vertex -22.337659 0.200000 -77.868485
endloop
endfacet
facet normal 4.747147 -4.191378 2.266721
outer loop
vertex -22.337659 0.200000 -77.868485
vertex -22.968038 0.200000 -75.108252
vertex -23.239067 0.200000 -74.602850
endloop
endfacet
facet normal 4.504739 -4.523414 2.629477
outer loop
vertex -22.337659 0.200000 -77.868485
vertex -23.239067 0.200000 -74.602850
vertex -23.554441 0.200000 -74.122303
endloop
endfacet
facet normal 4.218836 -4.892724 2.953953
outer loop
vertex -23.554441 0.200000 -74.122303
vertex -23.911760 0.200000 -73.670263
vertex -22.337659 0.200000 -77.868485
endloop
endfacet
facet normal 3.892974 -5.288595 3.231813
outer loop
vertex -22.337659 0.200000 -77.868485
vertex -23.911760 0.200000 -73.670263
vertex -24.308306 0.200000 -73.250180
endloop
endfacet
facet normal 3.533377 -5.698671 3.456018
outer loop
vertex -22.337659 0.200000 -77.868485
vertex -24.308306 0.200000 -73.250180
vertex -24.741059 0.200000 -72.865241
endloop
endfacet
facet normal 3.148680 -6.110038 3.621927
outer loop
vertex -24.741059 0.200000 -72.865241
vertex -25.206726 0.200000 -72.518382
vertex -22.337659 0.200000 -77.868485
endloop
endfacet
facet normal 2.749155 -6.510505 3.728031
outer loop
vertex -22.337659 0.200000 -77.868485
vertex -25.206726 0.200000 -72.518382
vertex -25.701764 0.200000 -72.212238
endloop
endfacet
facet normal 2.345599 -6.889798 3.776113
outer loop
vertex -22.337659 0.200000 -77.868485
vertex -25.701764 0.200000 -72.212238
vertex -26.222403 0.200000 -71.949143
endloop
endfacet
facet normal 1.948150 -7.240358 3.770845
outer loop
vertex -26.222403 0.200000 -71.949143
vertex -26.764686 0.200000 -71.731098
vertex -22.337659 0.200000 -77.868485
endloop
endfacet
facet normal 1.565377 -7.557609 3.718930
outer loop
vertex -22.337659 0.200000 -77.868485
vertex -26.764686 0.200000 -71.731098
vertex -27.324479 0.200000 -71.559764
endloop
endfacet
facet normal 1.203723 -7.839752 3.628114
outer loop
vertex -22.337659 0.200000 -77.868485
vertex -27.324479 0.200000 -71.559764
vertex -27.897528 0.200000 -71.436441
endloop
endfacet
facet normal 0.867406 -8.087205 3.506265
outer loop
vertex -27.897528 0.200000 -71.436441
vertex -28.479465 0.200000 -71.362070
vertex -22.337659 0.200000 -77.868485
endloop
endfacet
facet normal 0.537820 -9.021561 2.207248
outer loop
vertex -22.337659 0.200000 -77.868485
vertex -28.479465 0.200000 -71.362070
vertex -29.065869 0.200000 -71.337215
endloop
endfacet
facet normal -0.034107 -9.558165 1.504915
outer loop
vertex -33.641051 0.200000 -71.337215
vertex -34.433135 0.200000 -71.312046
vertex -36.972681 0.200000 -83.597079
endloop
endfacet
facet normal 0.081838 -9.414947 1.796098
outer loop
vertex -36.972681 0.200000 -83.597079
vertex -34.433135 0.200000 -71.312046
vertex -35.221825 0.200000 -71.236639
endloop
endfacet
facet normal 0.211715 -9.415323 1.779313
outer loop
vertex -36.972681 0.200000 -83.597079
vertex -35.221825 0.200000 -71.236639
vertex -36.003748 0.200000 -71.111322
endloop
endfacet
facet normal 0.343246 -9.407319 1.767928
outer loop
vertex -36.003748 0.200000 -71.111322
vertex -36.775550 0.200000 -70.936630
vertex -36.972681 0.200000 -83.597079
endloop
endfacet
facet normal 0.478689 -9.390452 1.761804
outer loop
vertex -36.972681 0.200000 -83.597079
vertex -36.775550 0.200000 -70.936630
vertex -37.533934 0.200000 -70.713308
endloop
endfacet
facet normal 0.620489 -9.363677 1.760933
outer loop
vertex -36.972681 0.200000 -83.597079
vertex -37.533934 0.200000 -70.713308
vertex -38.275646 0.200000 -70.442320
endloop
endfacet
facet normal 0.771438 -9.325245 1.765433
outer loop
vertex -38.275646 0.200000 -70.442320
vertex -38.997512 0.200000 -70.124820
vertex -36.972681 0.200000 -83.597079
endloop
endfacet
facet normal 0.934832 -9.272465 1.775540
outer loop
vertex -36.972681 0.200000 -83.597079
vertex -38.997512 0.200000 -70.124820
vertex -39.696440 0.200000 -69.762170
endloop
endfacet
facet normal 1.114675 -9.201309 1.791589
outer loop
vertex -36.972681 0.200000 -83.597079
vertex -39.696440 0.200000 -69.762170
vertex -40.369439 0.200000 -69.355924
endloop
endfacet
facet normal 1.315947 -9.105756 1.813965
outer loop
vertex -40.369439 0.200000 -69.355924
vertex -41.013627 0.200000 -68.907816
vertex -36.972681 0.200000 -83.597079
endloop
endfacet
facet normal 1.544889 -8.976738 1.842994
outer loop
vertex -36.972681 0.200000 -83.597079
vertex -41.013627 0.200000 -68.907816
vertex -41.626243 0.200000 -68.419775
endloop
endfacet
facet normal 0.829718 -9.440866 0.847337
outer loop
vertex -36.972681 0.200000 -83.597079
vertex -41.626243 0.200000 -68.419775
vertex -42.204664 0.200000 -67.893878
endloop
endfacet
facet normal 1.872114 -8.858629 -0.404505
outer loop
vertex -43.710796 0.200000 60.594615
vertex -43.249176 0.200000 61.219937
vertex -49.489351 0.200000 69.561199
endloop
endfacet
facet normal 1.748761 -8.885552 -0.512473
outer loop
vertex -49.489351 0.200000 69.561199
vertex -43.249176 0.200000 61.219937
vertex -42.746416 0.200000 61.814624
endloop
endfacet
facet normal 1.633423 -8.898948 -0.622382
outer loop
vertex -49.489351 0.200000 69.561199
vertex -42.746416 0.200000 61.814624
vertex -42.204664 0.200000 62.376115
endloop
endfacet
facet normal 1.019178 -9.256969 -0.156030
outer loop
vertex -42.204664 0.200000 62.376115
vertex -41.626243 0.200000 62.902011
vertex -49.489351 0.200000 69.561199
endloop
endfacet
facet normal 0.976803 -9.456801 -1.842036
outer loop
vertex -40.369439 0.200000 63.838161
vertex -39.696440 0.200000 64.244407
vertex -49.489351 0.200000 73.479961
endloop
endfacet
facet normal 0.460178 -9.720276 -1.079598
outer loop
vertex -49.489351 0.200000 73.479961
vertex -39.696440 0.200000 64.244407
vertex -38.997512 0.200000 64.607057
endloop
endfacet
facet normal -0.011055 -9.918391 -0.628331
outer loop
vertex 33.641051 0.200000 65.819452
vertex 34.433135 0.200000 65.794283
vertex 36.972681 0.200000 91.571581
endloop
endfacet
facet normal -0.072547 -9.853470 -0.980953
outer loop
vertex 36.972681 0.200000 91.571581
vertex 34.433135 0.200000 65.794283
vertex 35.221825 0.200000 65.718876
endloop
endfacet
facet normal -0.140036 -9.852258 -0.976952
outer loop
vertex 36.972681 0.200000 91.571581
vertex 35.221825 0.200000 65.718876
vertex 36.003748 0.200000 65.593559
endloop
endfacet
facet normal -0.208764 -9.849219 -0.974681
outer loop
vertex 36.003748 0.200000 65.593559
vertex 36.775550 0.200000 65.418866
vertex 36.972681 0.200000 91.571581
endloop
endfacet
facet normal -0.279729 -9.844197 -0.974154
outer loop
vertex 36.972681 0.200000 91.571581
vertex 36.775550 0.200000 65.418866
vertex 37.533934 0.200000 65.195540
endloop
endfacet
facet normal -0.354034 -9.836921 -0.975436
outer loop
vertex 36.972681 0.200000 91.571581
vertex 37.533934 0.200000 65.195540
vertex 38.275646 0.200000 64.924556
endloop
endfacet
facet normal -0.432986 -9.826975 -0.978650
outer loop
vertex 38.275646 0.200000 64.924556
vertex 38.997512 0.200000 64.607057
vertex 36.972681 0.200000 91.571581
endloop
endfacet
facet normal -0.518154 -9.813743 -0.983985
outer loop
vertex 36.972681 0.200000 91.571581
vertex 38.997512 0.200000 64.607057
vertex 39.696440 0.200000 64.244407
endloop
endfacet
facet normal -0.611491 -9.796324 -0.991718
outer loop
vertex 36.972681 0.200000 91.571581
vertex 39.696440 0.200000 64.244407
vertex 40.369439 0.200000 63.838161
endloop
endfacet
facet normal -0.715532 -9.773384 -1.002231
outer loop
vertex 40.369439 0.200000 63.838161
vertex 41.013627 0.200000 63.390053
vertex 36.972681 0.200000 91.571581
endloop
endfacet
facet normal -0.415835 -9.878463 -0.514326
outer loop
vertex 36.972681 0.200000 91.571581
vertex 41.013627 0.200000 63.390053
vertex 41.626243 0.200000 62.902011
endloop
endfacet
facet normal -0.015852 -9.997542 0.018998
outer loop
vertex 36.972681 0.200000 91.571581
vertex 41.626243 0.200000 62.902011
vertex 53.257563 0.200000 62.925815
endloop
endfacet
facet normal 0.403702 -9.894716 -0.500248
outer loop
vertex 53.257563 0.200000 62.925815
vertex 41.626243 0.200000 62.902011
vertex 52.843523 0.200000 62.550448
endloop
endfacet
facet normal -0.444431 -9.474593 -1.379242
outer loop
vertex 52.843523 0.200000 62.550448
vertex 41.626243 0.200000 62.902011
vertex 42.204664 0.200000 62.376115
endloop
endfacet
facet normal 0.078394 -9.368844 -1.734777
outer loop
vertex 52.843523 0.200000 62.550448
vertex 42.204664 0.200000 62.376115
vertex 52.466360 0.200000 62.140091
endloop
endfacet
facet normal -1.267380 -9.040008 -2.128549
outer loop
vertex 52.466360 0.200000 62.140091
vertex 42.204664 0.200000 62.376115
vertex 42.746416 0.200000 61.814624
endloop
endfacet
facet normal 0.000907 -9.387684 -1.537348
outer loop
vertex 52.466360 0.200000 62.140091
vertex 42.746416 0.200000 61.814624
vertex 52.129205 0.200000 61.698132
endloop
endfacet
facet normal -1.463486 -9.041599 -1.927728
outer loop
vertex 52.129205 0.200000 61.698132
vertex 42.746416 0.200000 61.814624
vertex 43.249176 0.200000 61.219937
endloop
endfacet
facet normal -0.107405 -9.402781 -1.345201
outer loop
vertex 52.129205 0.200000 61.698132
vertex 43.249176 0.200000 61.219937
vertex 51.834846 0.200000 61.228249
endloop
endfacet
facet normal -1.805172 -8.752314 -1.945922
outer loop
vertex 51.834846 0.200000 61.228249
vertex 43.249176 0.200000 61.219937
vertex 43.710796 0.200000 60.594615
endloop
endfacet
facet normal -1.925342 -8.726269 -1.824417
outer loop
vertex 51.834846 0.200000 61.228249
vertex 43.710796 0.200000 60.594615
vertex 44.129292 0.200000 59.941309
endloop
endfacet
facet normal -0.023203 -9.318456 -1.208944
outer loop
vertex 51.834846 0.200000 61.228249
vertex 44.129292 0.200000 59.941309
vertex 51.585726 0.200000 60.734328
endloop
endfacet
facet normal -1.645632 -8.879485 -1.565535
outer loop
vertex 51.585726 0.200000 60.734328
vertex 44.129292 0.200000 59.941309
vertex 44.502877 0.200000 59.262839
endloop
endfacet
facet normal 0.004465 -9.266185 -1.080953
outer loop
vertex 51.585726 0.200000 60.734328
vertex 44.502877 0.200000 59.262839
vertex 51.383903 0.200000 60.220460
endloop
endfacet
facet normal -1.874051 -8.852430 -1.349385
outer loop
vertex 51.383903 0.200000 60.220460
vertex 44.502877 0.200000 59.262839
vertex 44.829950 0.200000 58.562099
endloop
endfacet
facet normal 0.003849 -9.218340 -0.910939
outer loop
vertex 51.383903 0.200000 60.220460
vertex 44.829950 0.200000 58.562099
vertex 51.231056 0.200000 59.690905
endloop
endfacet
facet normal -1.859799 -8.733287 -1.200373
outer loop
vertex 51.231056 0.200000 59.690905
vertex 44.829950 0.200000 58.562099
vertex 45.109110 0.200000 57.842101
endloop
endfacet
facet normal 0.118278 -9.126817 -0.754263
outer loop
vertex 51.231056 0.200000 59.690905
vertex 45.109110 0.200000 57.842101
vertex 51.128449 0.200000 59.150054
endloop
endfacet
facet normal -1.955888 -8.665549 -0.974234
outer loop
vertex 51.128449 0.200000 59.150054
vertex 45.109110 0.200000 57.842101
vertex 45.339165 0.200000 57.105918
endloop
endfacet
facet normal -0.025782 -9.137906 -0.526985
outer loop
vertex 51.128449 0.200000 59.150054
vertex 45.339165 0.200000 57.105918
vertex 51.076932 0.200000 58.602387
endloop
endfacet
facet normal -2.173226 -8.659921 -0.731136
outer loop
vertex 51.076932 0.200000 58.602387
vertex 45.339165 0.200000 57.105918
vertex 45.519126 0.200000 56.356705
endloop
endfacet
facet normal -0.050917 -9.109340 -0.309563
outer loop
vertex 51.076932 0.200000 58.602387
vertex 45.519126 0.200000 56.356705
vertex 51.076932 0.200000 58.052442
endloop
endfacet
facet normal -2.114595 -8.571140 -0.493612
outer loop
vertex 51.076932 0.200000 58.052442
vertex 45.519126 0.200000 56.356705
vertex 45.648221 0.200000 55.597670
endloop
endfacet
facet normal 0.044748 -9.044043 -0.082106
outer loop
vertex 51.076932 0.200000 58.052442
vertex 45.648221 0.200000 55.597670
vertex 51.128449 0.200000 57.504774
endloop
endfacet
facet normal -2.168283 -8.553661 -0.223710
outer loop
vertex 51.128449 0.200000 57.504774
vertex 45.648221 0.200000 55.597670
vertex 45.725902 0.200000 54.832062
endloop
endfacet
facet normal -0.000453 -9.044188 0.168902
outer loop
vertex 51.128449 0.200000 57.504774
vertex 45.725902 0.200000 54.832062
vertex 51.231056 0.200000 56.963924
endloop
endfacet
facet normal -2.886587 -7.536596 0.063901
outer loop
vertex 51.231056 0.200000 56.963924
vertex 45.725902 0.200000 54.832062
vertex 45.751830 0.200000 54.063166
endloop
endfacet
facet normal -0.637206 -7.991830 0.446630
outer loop
vertex 51.231056 0.200000 56.963924
vertex 45.751830 0.200000 54.063166
vertex 51.383903 0.200000 56.434374
endloop
endfacet
facet normal -1.167719 -8.132774 0.351211
outer loop
vertex 51.383903 0.200000 56.434374
vertex 45.751830 0.200000 54.063166
vertex 51.585726 0.200000 55.920506
endloop
endfacet
facet normal -0.830331 -8.964954 1.971507
outer loop
vertex 29.065869 0.200000 -71.337215
vertex 28.479465 0.200000 -71.362070
vertex 22.337659 0.200000 -77.868485
endloop
endfacet
facet normal -1.110458 -7.984826 3.520197
outer loop
vertex 22.337659 0.200000 -77.868485
vertex 28.479465 0.200000 -71.362070
vertex 27.897528 0.200000 -71.436441
endloop
endfacet
facet normal -1.443190 -7.737372 3.652076
outer loop
vertex 22.337659 0.200000 -77.868485
vertex 27.897528 0.200000 -71.436441
vertex 27.324479 0.200000 -71.559764
endloop
endfacet
facet normal -1.802126 -7.455230 3.753696
outer loop
vertex 27.324479 0.200000 -71.559764
vertex 26.764686 0.200000 -71.731098
vertex 22.337659 0.200000 -77.868485
endloop
endfacet
facet normal -2.183266 -7.137979 3.817064
outer loop
vertex 22.337659 0.200000 -77.868485
vertex 26.764686 0.200000 -71.731098
vertex 26.222403 0.200000 -71.949143
endloop
endfacet
facet normal -2.580398 -6.787417 3.834247
outer loop
vertex 22.337659 0.200000 -77.868485
vertex 26.222403 0.200000 -71.949143
vertex 25.701764 0.200000 -72.212238
endloop
endfacet
facet normal -2.985146 -6.408126 3.798280
outer loop
vertex 25.701764 0.200000 -72.212238
vertex 25.206726 0.200000 -72.518382
vertex 22.337659 0.200000 -77.868485
endloop
endfacet
facet normal -3.387497 -6.007659 3.704199
outer loop
vertex 22.337659 0.200000 -77.868485
vertex 25.206726 0.200000 -72.518382
vertex 24.741059 0.200000 -72.865241
endloop
endfacet
facet normal -3.776719 -5.596291 3.549892
outer loop
vertex 22.337659 0.200000 -77.868485
vertex 24.741059 0.200000 -72.865241
vertex 24.308306 0.200000 -73.250180
endloop
endfacet
facet normal -4.142495 -5.186216 3.336566
outer loop
vertex 24.308306 0.200000 -73.250180
vertex 23.911760 0.200000 -73.670263
vertex 22.337659 0.200000 -77.868485
endloop
endfacet
facet normal -4.476068 -4.790344 3.068592
outer loop
vertex 22.337659 0.200000 -77.868485
vertex 23.911760 0.200000 -73.670263
vertex 23.554441 0.200000 -74.122303
endloop
endfacet
facet normal -4.771020 -4.421034 2.752820
outer loop
vertex 22.337659 0.200000 -77.868485
vertex 23.554441 0.200000 -74.122303
vertex 23.239067 0.200000 -74.602850
endloop
endfacet
facet normal -5.023570 -4.088998 2.397488
outer loop
vertex 23.239067 0.200000 -74.602850
vertex 22.968038 0.200000 -75.108252
vertex 22.337659 0.200000 -77.868485
endloop
endfacet
facet normal -5.232330 -3.802717 2.011119
outer loop
vertex 22.337659 0.200000 -77.868485
vertex 22.968038 0.200000 -75.108252
vertex 22.743419 0.200000 -75.634657
endloop
endfacet
facet normal -5.397681 -3.568342 1.601669
outer loop
vertex 22.337659 0.200000 -77.868485
vertex 22.743419 0.200000 -75.634657
vertex 22.566916 0.200000 -76.178069
endloop
endfacet
facet normal -5.521039 -3.389937 1.175987
outer loop
vertex 22.566916 0.200000 -76.178069
vertex 22.439874 0.200000 -76.734342
vertex 22.337659 0.200000 -77.868485
endloop
endfacet
facet normal -5.604132 -3.269946 0.739669
outer loop
vertex 22.337659 0.200000 -77.868485
vertex 22.439874 0.200000 -76.734342
vertex 22.363260 0.200000 -77.299246
endloop
endfacet
facet normal 0.216724 -9.923730 -0.490197
outer loop
vertex 54.182276 0.200000 63.559444
vertex 54.685291 0.200000 63.812454
vertex 58.177670 0.200000 91.571581
endloop
endfacet
facet normal 0.142946 -9.931219 -0.485034
outer loop
vertex 58.177670 0.200000 91.571581
vertex 54.685291 0.200000 63.812454
vertex 55.209921 0.200000 64.020014
endloop
endfacet
facet normal 0.104578 -9.921200 -0.560171
outer loop
vertex 58.177670 0.200000 91.571581
vertex 55.209921 0.200000 64.020014
vertex 55.751819 0.200000 64.180406
endloop
endfacet
facet normal 0.022936 -9.937780 -0.480715
outer loop
vertex 55.751819 0.200000 64.180406
vertex 56.306499 0.200000 64.292293
vertex 58.177670 0.200000 91.571581
endloop
endfacet
facet normal -0.037156 -9.940120 -0.478002
outer loop
vertex 58.177670 0.200000 91.571581
vertex 56.306499 0.200000 64.292293
vertex 56.869361 0.200000 64.354755
endloop
endfacet
facet normal -0.088454 -9.928383 -0.554030
outer loop
vertex 58.177670 0.200000 91.571581
vertex 56.869361 0.200000 64.354755
vertex 57.435745 0.200000 64.367277
endloop
endfacet
facet normal -0.144559 -9.940966 -0.475118
outer loop
vertex 57.435745 0.200000 64.367277
vertex 58.000954 0.200000 64.329745
vertex 58.177670 0.200000 91.571581
endloop
endfacet
facet normal -0.202892 -9.939905 -0.474293
outer loop
vertex 58.177670 0.200000 91.571581
vertex 58.000954 0.200000 64.329745
vertex 58.560300 0.200000 64.242478
endloop
endfacet
facet normal -0.276028 -9.925099 -0.550347
outer loop
vertex 58.177670 0.200000 91.571581
vertex 58.560300 0.200000 64.242478
vertex 59.109159 0.200000 64.106199
endloop
endfacet
facet normal -0.316104 -9.935667 -0.472264
outer loop
vertex 59.109159 0.200000 64.106199
vertex 59.642977 0.200000 63.922034
vertex 58.177670 0.200000 91.571581
endloop
endfacet
facet normal -0.383332 -9.930444 -0.473207
outer loop
vertex 58.177670 0.200000 91.571581
vertex 59.642977 0.200000 63.922034
vertex 60.157331 0.200000 63.691507
endloop
endfacet
facet normal -0.490989 -9.908936 -0.548555
outer loop
vertex 58.177670 0.200000 91.571581
vertex 60.157331 0.200000 63.691507
vertex 60.647958 0.200000 63.416532
endloop
endfacet
facet normal -0.584310 -9.898805 -0.542840
outer loop
vertex 60.647958 0.200000 63.416532
vertex 61.110800 0.200000 63.099392
vertex 58.177670 0.200000 91.571581
endloop
endfacet
facet normal -0.616697 -9.906447 -0.469469
outer loop
vertex 58.177670 0.200000 91.571581
vertex 61.110800 0.200000 63.099392
vertex 61.542011 0.200000 62.742706
endloop
endfacet
facet normal -0.727048 -9.886525 -0.472015
outer loop
vertex 58.177670 0.200000 91.571581
vertex 61.542011 0.200000 62.742706
vertex 61.938018 0.200000 62.349436
endloop
endfacet
facet normal -0.933382 -9.835864 -0.538883
outer loop
vertex 61.938018 0.200000 62.349436
vertex 62.295547 0.200000 61.922834
vertex 58.177670 0.200000 91.571581
endloop
endfacet
facet normal -0.579544 -9.904922 -0.206548
outer loop
vertex 58.177670 0.200000 91.571581
vertex 62.295547 0.200000 61.922834
vertex 62.611640 0.200000 61.466445
endloop
endfacet
facet normal -1.288976 -8.942363 -1.287924
outer loop
vertex 58.177670 0.200000 91.571581
vertex 62.611640 0.200000 61.466445
vertex 67.490675 0.200000 109.271317
endloop
endfacet
facet normal -1.507222 -8.915175 -1.598273
outer loop
vertex 67.490675 0.200000 109.271317
vertex 62.611640 0.200000 61.466445
vertex 62.883659 0.200000 60.984039
endloop
endfacet
facet normal -1.875466 -8.868300 -1.734693
outer loop
vertex 67.490675 0.200000 109.271317
vertex 62.883659 0.200000 60.984039
vertex 63.109362 0.200000 60.479624
endloop
endfacet
facet normal -1.926639 -8.862459 -1.678234
outer loop
vertex 63.109362 0.200000 60.479624
vertex 63.286879 0.200000 59.957374
vertex 67.490675 0.200000 109.271317
endloop
endfacet
facet normal -1.588000 -8.908787 -1.538812
outer loop
vertex 67.490675 0.200000 109.271317
vertex 63.286879 0.200000 59.957374
vertex 63.414742 0.200000 59.421616
endloop
endfacet
facet normal -2.216978 4.404356 0.284108
outer loop
vertex 60.128051 3.000000 -61.107610
vertex 60.128051 2.700000 -61.107610
vertex 60.153563 3.000000 -60.737635
endloop
endfacet
facet normal -3.848409 -1.195047 0.252287
outer loop
vertex 60.153563 3.000000 -60.737635
vertex 60.128051 2.700000 -61.107610
vertex 60.153563 2.700000 -60.737635
endloop
endfacet
facet normal -2.316683 4.355871 -0.030758
outer loop
vertex 60.153563 3.000000 -60.737635
vertex 60.153563 2.700000 -60.737635
vertex 60.128051 3.000000 -60.367659
endloop
endfacet
facet normal -3.914064 -1.204532 -0.293677
outer loop
vertex 60.128051 3.000000 -60.367659
vertex 60.153563 2.700000 -60.737635
vertex 60.128051 2.700000 -60.367659
endloop
endfacet
facet normal -2.109004 4.403800 -0.292266
outer loop
vertex 60.128051 3.000000 -60.367659
vertex 60.128051 2.700000 -60.367659
vertex 60.051966 3.000000 -60.004282
endloop
endfacet
facet normal -3.566451 -1.181893 -0.760548
outer loop
vertex 60.051966 3.000000 -60.004282
vertex 60.128051 2.700000 -60.367659
vertex 60.051966 2.700000 -60.004282
endloop
endfacet
facet normal -1.805495 4.390665 -0.525712
outer loop
vertex 60.051966 3.000000 -60.004282
vertex 60.051966 2.700000 -60.004282
vertex 59.926664 3.000000 -59.653994
endloop
endfacet
facet normal -3.484888 -1.182854 -1.271483
outer loop
vertex 59.926664 3.000000 -59.653994
vertex 60.051966 2.700000 -60.004282
vertex 59.926664 2.700000 -59.653994
endloop
endfacet
facet normal -1.798630 4.424292 -0.803597
outer loop
vertex 59.926664 3.000000 -59.653994
vertex 59.926664 2.700000 -59.653994
vertex 59.754383 3.000000 -59.323046
endloop
endfacet
facet normal -3.292792 -1.183044 -1.743834
outer loop
vertex 59.754383 3.000000 -59.323046
vertex 59.926664 2.700000 -59.653994
vertex 59.754383 2.700000 -59.323046
endloop
endfacet
facet normal -1.653577 4.389597 -1.032095
outer loop
vertex 59.754383 3.000000 -59.323046
vertex 59.754383 2.700000 -59.323046
vertex 59.538198 3.000000 -59.017331
endloop
endfacet
facet normal -3.026741 -1.182698 -2.181206
outer loop
vertex 59.538198 3.000000 -59.017331
vertex 59.754383 2.700000 -59.323046
vertex 59.538198 2.700000 -59.017331
endloop
endfacet
facet normal -1.512815 4.424918 -1.255035
outer loop
vertex 59.538198 3.000000 -59.017331
vertex 59.538198 2.700000 -59.017331
vertex 59.281968 3.000000 -58.742331
endloop
endfacet
facet normal -2.711165 -1.182519 -2.574752
outer loop
vertex 59.281968 3.000000 -58.742331
vertex 59.538198 2.700000 -59.017331
vertex 59.281968 2.700000 -58.742331
endloop
endfacet
facet normal -1.309205 4.390359 -1.430724
outer loop
vertex 59.281968 3.000000 -58.742331
vertex 59.281968 2.700000 -58.742331
vertex 58.990263 3.000000 -58.502930
endloop
endfacet
facet normal -2.346160 -1.182350 -2.926043
outer loop
vertex 58.990263 3.000000 -58.502930
vertex 59.281968 2.700000 -58.742331
vertex 58.990263 2.700000 -58.502930
endloop
endfacet
facet normal -1.124396 4.425439 -1.610498
outer loop
vertex 58.990263 3.000000 -58.502930
vertex 58.990263 2.700000 -58.502930
vertex 58.668292 3.000000 -58.303407
endloop
endfacet
facet normal -1.987605 -1.147395 -3.223222
outer loop
vertex 58.668292 3.000000 -58.303407
vertex 58.990263 2.700000 -58.502930
vertex 58.668292 2.700000 -58.303407
endloop
endfacet
facet normal -0.930385 4.425536 -1.731286
outer loop
vertex 58.668292 3.000000 -58.303407
vertex 58.668292 2.700000 -58.303407
vertex 58.321795 3.000000 -58.147321
endloop
endfacet
facet normal -1.574553 -1.182290 -3.425831
outer loop
vertex 58.321795 3.000000 -58.147321
vertex 58.668292 2.700000 -58.303407
vertex 58.321795 2.700000 -58.147321
endloop
endfacet
facet normal -0.692971 4.390685 -1.815733
outer loop
vertex 58.321795 3.000000 -58.147321
vertex 58.321795 2.700000 -58.147321
vertex 57.956957 3.000000 -58.037461
endloop
endfacet
facet normal -1.109684 -1.182321 -3.611529
outer loop
vertex 57.956957 3.000000 -58.037461
vertex 58.321795 2.700000 -58.147321
vertex 57.956957 2.700000 -58.037461
endloop
endfacet
facet normal -0.448276 4.425594 -1.918843
outer loop
vertex 57.956957 3.000000 -58.037461
vertex 57.956957 2.700000 -58.037461
vertex 57.580297 3.000000 -57.975782
endloop
endfacet
facet normal -0.629941 -1.182298 -3.732287
outer loop
vertex 57.580297 3.000000 -57.975782
vertex 57.956957 2.700000 -58.037461
vertex 57.580297 2.700000 -57.975782
endloop
endfacet
facet normal -0.196630 4.390757 -1.937557
outer loop
vertex 57.580297 3.000000 -57.975782
vertex 57.580297 2.700000 -57.975782
vertex 57.198524 3.000000 -57.963395
endloop
endfacet
facet normal -0.134101 -1.182332 -3.784782
outer loop
vertex 57.198524 3.000000 -57.963395
vertex 57.580297 2.700000 -57.975782
vertex 57.198524 2.700000 -57.963395
endloop
endfacet
facet normal 0.063872 4.425575 -1.971589
outer loop
vertex 57.198524 3.000000 -57.963395
vertex 57.198524 2.700000 -57.963395
vertex 56.818455 3.000000 -58.000508
endloop
endfacet
facet normal 0.359541 -1.182330 -3.770009
outer loop
vertex 56.818455 3.000000 -58.000508
vertex 57.198524 2.700000 -57.963395
vertex 56.818455 2.700000 -58.000508
endloop
endfacet
facet normal 0.313318 4.390743 -1.922208
outer loop
vertex 56.818455 3.000000 -58.000508
vertex 56.818455 2.700000 -58.000508
vertex 56.446877 3.000000 -58.086469
endloop
endfacet
facet normal 0.851303 -1.182364 -3.685496
outer loop
vertex 56.446877 3.000000 -58.086469
vertex 56.818455 2.700000 -58.000508
vertex 56.446877 2.700000 -58.086469
endloop
endfacet
facet normal 0.572220 4.425492 -1.885666
outer loop
vertex 56.446877 3.000000 -58.086469
vertex 56.446877 2.700000 -58.086469
vertex 56.090411 3.000000 -58.219738
endloop
endfacet
facet normal 1.323677 -1.182386 -3.536249
outer loop
vertex 56.090411 3.000000 -58.219738
vertex 56.446877 2.700000 -58.086469
vertex 56.090411 2.700000 -58.219738
endloop
endfacet
facet normal 0.802903 4.390632 -1.770720
outer loop
vertex 56.090411 3.000000 -58.219738
vertex 56.090411 2.700000 -58.219738
vertex 55.755433 3.000000 -58.397944
endloop
endfacet
facet normal 1.776677 -1.182433 -3.320804
outer loop
vertex 55.755433 3.000000 -58.397944
vertex 56.090411 2.700000 -58.219738
vertex 55.755433 2.700000 -58.397944
endloop
endfacet
facet normal 1.043530 4.425303 -1.667153
outer loop
vertex 55.755433 3.000000 -58.397944
vertex 55.755433 2.700000 -58.397944
vertex 55.447907 3.000000 -58.617897
endloop
endfacet
facet normal 2.194430 -1.182497 -3.047899
outer loop
vertex 55.447907 3.000000 -58.617897
vertex 55.755433 2.700000 -58.397944
vertex 55.447907 2.700000 -58.617897
endloop
endfacet
facet normal 1.206881 4.391054 -1.460853
outer loop
vertex 55.447907 3.000000 -58.617897
vertex 55.447907 2.700000 -58.617897
vertex 55.173326 3.000000 -58.875670
endloop
endfacet
facet normal 2.543421 -1.181878 -2.683947
outer loop
vertex 55.173326 3.000000 -58.875670
vertex 55.447907 2.700000 -58.617897
vertex 55.173326 2.700000 -58.875670
endloop
endfacet
facet normal 1.535003 4.415138 -1.386838
outer loop
vertex 55.173326 3.000000 -58.875670
vertex 55.173326 2.700000 -58.875670
vertex 54.936592 3.000000 -59.166686
endloop
endfacet
facet normal 3.031441 -1.193186 -2.428561
outer loop
vertex 54.936592 3.000000 -59.166686
vertex 55.173326 2.700000 -58.875670
vertex 54.936592 2.700000 -59.166686
endloop
endfacet
facet normal 1.830651 4.370789 -1.258581
outer loop
vertex 54.936592 3.000000 -59.166686
vertex 54.936592 2.700000 -59.166686
vertex 54.741925 3.000000 -59.485725
endloop
endfacet
facet normal 3.307996 -1.191391 -1.976322
outer loop
vertex 54.741925 3.000000 -59.485725
vertex 54.936592 2.700000 -59.166686
vertex 54.741925 2.700000 -59.485725
endloop
endfacet
facet normal 1.974561 4.408379 -0.995212
outer loop
vertex 54.741925 3.000000 -59.485725
vertex 54.741925 2.700000 -59.485725
vertex 54.592805 3.000000 -59.827108
endloop
endfacet
facet normal 3.525419 -1.190386 -1.498174
outer loop
vertex 54.592805 3.000000 -59.827108
vertex 54.741925 2.700000 -59.485725
vertex 54.592805 2.700000 -59.827108
endloop
endfacet
facet normal 2.050528 4.375044 -0.696900
outer loop
vertex 54.592805 3.000000 -59.827108
vertex 54.592805 2.700000 -59.827108
vertex 54.491886 3.000000 -60.184735
endloop
endfacet
facet normal 3.685163 -1.189837 -0.992460
outer loop
vertex 54.491886 3.000000 -60.184735
vertex 54.592805 2.700000 -59.827108
vertex 54.491886 2.700000 -60.184735
endloop
endfacet
facet normal 2.052746 4.416562 -0.406287
outer loop
vertex 54.491886 3.000000 -60.184735
vertex 54.491886 2.700000 -60.184735
vertex 54.440970 3.000000 -60.552233
endloop
endfacet
facet normal 3.692668 -1.183688 -0.466733
outer loop
vertex 54.440970 3.000000 -60.552233
vertex 54.491886 2.700000 -60.184735
vertex 54.440970 2.700000 -60.552233
endloop
endfacet
facet normal 1.975812 4.387832 -0.103527
outer loop
vertex 54.440970 3.000000 -60.552233
vertex 54.440970 2.700000 -60.552233
vertex 54.440970 3.000000 -60.923036
endloop
endfacet
facet normal 3.720766 -1.183609 0.051994
outer loop
vertex 54.440970 3.000000 -60.923036
vertex 54.440970 2.700000 -60.552233
vertex 54.440970 2.700000 -60.923036
endloop
endfacet
facet normal 1.923174 4.424681 0.153575
outer loop
vertex 54.440970 3.000000 -60.923036
vertex 54.440970 2.700000 -60.923036
vertex 54.491886 3.000000 -61.290534
endloop
endfacet
facet normal 3.638533 -1.146875 0.516806
outer loop
vertex 54.491886 3.000000 -61.290534
vertex 54.440970 2.700000 -60.923036
vertex 54.491886 2.700000 -61.290534
endloop
endfacet
facet normal 1.981127 4.417671 0.425934
outer loop
vertex 54.491886 3.000000 -61.290534
vertex 54.491886 2.700000 -61.290534
vertex 54.592805 3.000000 -61.648161
endloop
endfacet
facet normal 3.685295 -1.190656 1.023229
outer loop
vertex 54.592805 3.000000 -61.648161
vertex 54.491886 2.700000 -61.290534
vertex 54.592805 2.700000 -61.648161
endloop
endfacet
facet normal 2.030768 4.375815 0.727420
outer loop
vertex 54.592805 3.000000 -61.648161
vertex 54.592805 2.700000 -61.648161
vertex 54.741925 3.000000 -61.989544
endloop
endfacet
facet normal 3.498826 -1.188890 1.518038
outer loop
vertex 54.741925 3.000000 -61.989544
vertex 54.592805 2.700000 -61.648161
vertex 54.741925 2.700000 -61.989544
endloop
endfacet
facet normal 1.908122 4.413518 1.002247
outer loop
vertex 54.741925 3.000000 -61.989544
vertex 54.741925 2.700000 -61.989544
vertex 54.936592 3.000000 -62.308584
endloop
endfacet
facet normal 3.259868 -1.187824 1.980511
outer loop
vertex 54.936592 3.000000 -62.308584
vertex 54.741925 2.700000 -61.989544
vertex 54.936592 2.700000 -62.308584
endloop
endfacet
facet normal 1.726395 4.380364 1.227368
outer loop
vertex 54.936592 3.000000 -62.308584
vertex 54.936592 2.700000 -62.308584
vertex 55.173326 3.000000 -62.599589
endloop
endfacet
facet normal 2.963662 -1.187239 2.410723
outer loop
vertex 55.173326 3.000000 -62.599589
vertex 54.936592 2.700000 -62.308584
vertex 55.173326 2.700000 -62.599589
endloop
endfacet
facet normal 1.557134 4.416086 1.466110
outer loop
vertex 55.173326 3.000000 -62.599589
vertex 55.173326 2.700000 -62.599589
vertex 55.447907 3.000000 -62.857372
endloop
endfacet
facet normal 2.620961 -1.186921 2.795196
outer loop
vertex 55.447907 3.000000 -62.857372
vertex 55.173326 2.700000 -62.599589
vertex 55.447907 2.700000 -62.857372
endloop
endfacet
facet normal 1.335080 4.381674 1.643974
outer loop
vertex 55.447907 3.000000 -62.857372
vertex 55.447907 2.700000 -62.857372
vertex 55.755433 3.000000 -63.077330
endloop
endfacet
facet normal 2.229341 -1.186857 3.133513
outer loop
vertex 55.755433 3.000000 -63.077330
vertex 55.447907 2.700000 -62.857372
vertex 55.755433 2.700000 -63.077330
endloop
endfacet
facet normal 1.120022 4.416373 1.836821
outer loop
vertex 55.755433 3.000000 -63.077330
vertex 55.755433 2.700000 -63.077330
vertex 56.090411 3.000000 -63.255526
endloop
endfacet
facet normal 1.802683 -1.187008 3.415103
outer loop
vertex 56.090411 3.000000 -63.255526
vertex 55.755433 2.700000 -63.077330
vertex 56.090411 2.700000 -63.255526
endloop
endfacet
facet normal 0.863602 4.381024 1.959909
outer loop
vertex 56.090411 3.000000 -63.255526
vertex 56.090411 2.700000 -63.255526
vertex 56.446877 3.000000 -63.388795
endloop
endfacet
facet normal 1.339631 -1.187410 3.640085
outer loop
vertex 56.446877 3.000000 -63.388795
vertex 56.090411 2.700000 -63.255526
vertex 56.446877 2.700000 -63.388795
endloop
endfacet
facet normal 0.610414 4.414643 2.100067
outer loop
vertex 56.446877 3.000000 -63.388795
vertex 56.446877 2.700000 -63.388795
vertex 56.818455 3.000000 -63.474756
endloop
endfacet
facet normal 0.855879 -1.188163 3.801680
outer loop
vertex 56.818455 3.000000 -63.474756
vertex 56.446877 2.700000 -63.388795
vertex 56.818455 2.700000 -63.474756
endloop
endfacet
facet normal 0.328660 4.377806 2.166409
outer loop
vertex 56.818455 3.000000 -63.474756
vertex 56.818455 2.700000 -63.474756
vertex 57.198524 3.000000 -63.511875
endloop
endfacet
facet normal 0.349952 -1.189424 3.901523
outer loop
vertex 57.198524 3.000000 -63.511875
vertex 56.818455 2.700000 -63.474756
vertex 57.198524 2.700000 -63.511875
endloop
endfacet
facet normal 0.058659 4.418894 2.067997
outer loop
vertex 57.198524 3.000000 -63.511875
vertex 57.198524 2.700000 -63.511875
vertex 57.580297 3.000000 -63.499482
endloop
endfacet
facet normal -0.148187 -1.181856 3.750257
outer loop
vertex 57.580297 3.000000 -63.499482
vertex 57.198524 2.700000 -63.511875
vertex 57.580297 2.700000 -63.499482
endloop
endfacet
facet normal -0.227688 4.386268 2.003162
outer loop
vertex 57.580297 3.000000 -63.499482
vertex 57.580297 2.700000 -63.499482
vertex 57.956957 3.000000 -63.437808
endloop
endfacet
facet normal -0.667432 -1.187182 3.830221
outer loop
vertex 57.956957 3.000000 -63.437808
vertex 57.580297 2.700000 -63.499482
vertex 57.956957 2.700000 -63.437808
endloop
endfacet
facet normal -0.514329 4.416459 2.103534
outer loop
vertex 57.956957 3.000000 -63.437808
vertex 57.956957 2.700000 -63.437808
vertex 58.321795 3.000000 -63.327948
endloop
endfacet
facet normal -1.156195 -1.186472 3.693794
outer loop
vertex 58.321795 3.000000 -63.327948
vertex 57.956957 2.700000 -63.437808
vertex 58.321795 2.700000 -63.327948
endloop
endfacet
facet normal -0.773780 4.382704 1.974193
outer loop
vertex 58.321795 3.000000 -63.327948
vertex 58.321795 2.700000 -63.327948
vertex 58.668292 3.000000 -63.171862
endloop
endfacet
facet normal -1.628079 -1.186004 3.494292
outer loop
vertex 58.668292 3.000000 -63.171862
vertex 58.321795 2.700000 -63.327948
vertex 58.668292 2.700000 -63.171862
endloop
endfacet
facet normal -1.027346 4.418209 1.865828
outer loop
vertex 58.668292 3.000000 -63.171862
vertex 58.668292 2.700000 -63.171862
vertex 58.990263 3.000000 -62.972339
endloop
endfacet
facet normal -2.049014 -1.150964 3.278772
outer loop
vertex 58.990263 3.000000 -62.972339
vertex 58.668292 2.700000 -63.171862
vertex 58.990263 2.700000 -62.972339
endloop
endfacet
facet normal -1.233851 4.418312 1.724496
outer loop
vertex 58.990263 3.000000 -62.972339
vertex 58.990263 2.700000 -62.972339
vertex 59.281968 3.000000 -62.732938
endloop
endfacet
facet normal -2.411045 -1.185938 2.972119
outer loop
vertex 59.281968 3.000000 -62.732938
vertex 58.990263 2.700000 -62.972339
vertex 59.281968 2.700000 -62.732938
endloop
endfacet
facet normal -1.428607 4.383207 1.527048
outer loop
vertex 59.281968 3.000000 -62.732938
vertex 59.281968 2.700000 -62.732938
vertex 59.538198 3.000000 -62.457928
endloop
endfacet
facet normal -2.780584 -1.186187 2.610274
outer loop
vertex 59.538198 3.000000 -62.457928
vertex 59.281968 2.700000 -62.732938
vertex 59.538198 2.700000 -62.457928
endloop
endfacet
facet normal -1.644739 4.417435 1.330922
outer loop
vertex 59.538198 3.000000 -62.457928
vertex 59.538198 2.700000 -62.457928
vertex 59.754383 3.000000 -62.152223
endloop
endfacet
facet normal -3.100760 -1.186603 2.206671
outer loop
vertex 59.754383 3.000000 -62.152223
vertex 59.538198 2.700000 -62.457928
vertex 59.754383 2.700000 -62.152223
endloop
endfacet
facet normal -1.794646 4.381429 1.090436
outer loop
vertex 59.754383 3.000000 -62.152223
vertex 59.754383 2.700000 -62.152223
vertex 59.926664 3.000000 -61.821270
endloop
endfacet
facet normal -3.370412 -1.187378 1.758442
outer loop
vertex 59.926664 3.000000 -61.821270
vertex 59.754383 2.700000 -62.152223
vertex 59.926664 2.700000 -61.821270
endloop
endfacet
facet normal -1.968114 4.414240 0.846314
outer loop
vertex 59.926664 3.000000 -61.821270
vertex 59.926664 2.700000 -61.821270
vertex 60.051966 3.000000 -61.470982
endloop
endfacet
facet normal -3.584003 -1.188625 1.282088
outer loop
vertex 60.051966 3.000000 -61.470982
vertex 59.926664 2.700000 -61.821270
vertex 60.051966 2.700000 -61.470982
endloop
endfacet
facet normal -2.075235 4.375982 0.571188
outer loop
vertex 60.051966 3.000000 -61.470982
vertex 60.051966 2.700000 -61.470982
vertex 60.128051 3.000000 -61.107610
endloop
endfacet
facet normal -3.742556 -1.190840 0.774919
outer loop
vertex 60.128051 3.000000 -61.107610
vertex 60.051966 2.700000 -61.470982
vertex 60.128051 2.700000 -61.107610
endloop
endfacet
facet normal -4.400775 -7.681264 0.314974
outer loop
vertex -54.460096 2.700000 -61.107610
vertex -51.096263 0.200000 -61.287011
vertex -54.434584 2.700000 -60.737635
endloop
endfacet
facet normal -3.228158 -8.659195 0.064920
outer loop
vertex -54.434584 2.700000 -60.737635
vertex -51.096263 0.200000 -61.287011
vertex -51.070479 0.200000 -60.737635
endloop
endfacet
facet normal -3.479054 -8.526690 -0.092551
outer loop
vertex -54.434584 2.700000 -60.737635
vertex -51.070479 0.200000 -60.737635
vertex -51.096263 0.200000 -60.188258
endloop
endfacet
facet normal -3.342223 -8.576545 0.464166
outer loop
vertex -51.096263 0.200000 -61.287011
vertex -54.460096 2.700000 -61.107610
vertex -51.173405 0.200000 -61.831833
endloop
endfacet
facet normal -4.315431 -7.685525 0.892302
outer loop
vertex -51.173405 0.200000 -61.831833
vertex -54.460096 2.700000 -61.107610
vertex -54.536186 2.700000 -61.470982
endloop
endfacet
facet normal -3.093772 -8.672720 0.814420
outer loop
vertex -51.173405 0.200000 -61.831833
vertex -54.536186 2.700000 -61.470982
vertex -51.301269 0.200000 -62.367592
endloop
endfacet
facet normal -3.026908 -8.687285 0.930998
outer loop
vertex -51.301269 0.200000 -62.367592
vertex -54.536186 2.700000 -61.470982
vertex -51.478785 0.200000 -62.889841
endloop
endfacet
facet normal -4.118238 -7.700077 1.498735
outer loop
vertex -51.478785 0.200000 -62.889841
vertex -54.536186 2.700000 -61.470982
vertex -54.661488 2.700000 -61.821270
endloop
endfacet
facet normal -3.009606 -8.618533 1.326588
outer loop
vertex -51.478785 0.200000 -62.889841
vertex -54.661488 2.700000 -61.821270
vertex -51.704493 0.200000 -63.394257
endloop
endfacet
facet normal -3.877672 -7.708701 2.022066
outer loop
vertex -51.704493 0.200000 -63.394257
vertex -54.661488 2.700000 -61.821270
vertex -54.833764 2.700000 -62.152223
endloop
endfacet
facet normal -2.670891 -8.714584 1.583509
outer loop
vertex -51.704493 0.200000 -63.394257
vertex -54.833764 2.700000 -62.152223
vertex -51.976512 0.200000 -63.876662
endloop
endfacet
facet normal -2.574812 -8.730856 1.664472
outer loop
vertex -51.976512 0.200000 -63.876662
vertex -54.833764 2.700000 -62.152223
vertex -52.292601 0.200000 -64.333052
endloop
endfacet
facet normal -3.529319 -7.724940 2.539442
outer loop
vertex -52.292601 0.200000 -64.333052
vertex -54.833764 2.700000 -62.152223
vertex -55.049949 2.700000 -62.457928
endloop
endfacet
facet normal -2.461110 -8.666130 2.028242
outer loop
vertex -52.292601 0.200000 -64.333052
vertex -55.049949 2.700000 -62.457928
vertex -52.650129 0.200000 -64.759653
endloop
endfacet
facet normal -3.168397 -7.731414 2.974818
outer loop
vertex -52.650129 0.200000 -64.759653
vertex -55.049949 2.700000 -62.457928
vertex -55.306179 2.700000 -62.732938
endloop
endfacet
facet normal -2.085715 -8.751163 2.187726
outer loop
vertex -52.650129 0.200000 -64.759653
vertex -55.306179 2.700000 -62.732938
vertex -53.046141 0.200000 -65.152924
endloop
endfacet
facet normal -1.637576 -8.867335 1.788263
outer loop
vertex -53.046141 0.200000 -65.152924
vertex -55.306179 2.700000 -62.732938
vertex -53.477352 0.200000 -65.509609
endloop
endfacet
facet normal -2.364259 -7.847533 2.926796
outer loop
vertex -53.477352 0.200000 -65.509609
vertex -55.306179 2.700000 -62.732938
vertex -55.597884 2.700000 -62.972339
endloop
endfacet
facet normal -1.446225 -8.802385 2.107008
outer loop
vertex -53.477352 0.200000 -65.509609
vertex -55.597884 2.700000 -62.972339
vertex -53.940189 0.200000 -65.826750
endloop
endfacet
facet normal -2.308176 -7.710064 3.706608
outer loop
vertex -53.940189 0.200000 -65.826750
vertex -55.597884 2.700000 -62.972339
vertex -55.919855 2.700000 -63.171862
endloop
endfacet
facet normal -1.488472 -8.711550 2.709668
outer loop
vertex -53.940189 0.200000 -65.826750
vertex -55.919855 2.700000 -63.171862
vertex -54.430816 0.200000 -66.101725
endloop
endfacet
facet normal -1.830048 -7.756662 3.910295
outer loop
vertex -54.430816 0.200000 -66.101725
vertex -55.919855 2.700000 -63.171862
vertex -56.266352 2.700000 -63.327948
endloop
endfacet
facet normal -1.097572 -8.796798 2.683180
outer loop
vertex -54.430816 0.200000 -66.101725
vertex -56.266352 2.700000 -63.327948
vertex -54.945170 0.200000 -66.332252
endloop
endfacet
facet normal -0.992905 -8.811333 2.674394
outer loop
vertex -54.945170 0.200000 -66.332252
vertex -56.266352 2.700000 -63.327948
vertex -55.478989 0.200000 -66.516417
endloop
endfacet
facet normal -1.266939 -7.771267 4.088558
outer loop
vertex -55.478989 0.200000 -66.516417
vertex -56.266352 2.700000 -63.327948
vertex -56.631185 2.700000 -63.437808
endloop
endfacet
facet normal -0.695519 -8.756686 2.877221
outer loop
vertex -55.478989 0.200000 -66.516417
vertex -56.631185 2.700000 -63.437808
vertex -56.027848 0.200000 -66.652696
endloop
endfacet
facet normal -0.737878 -7.775532 4.209145
outer loop
vertex -56.027848 0.200000 -66.652696
vertex -56.631185 2.700000 -63.437808
vertex -57.007851 2.700000 -63.499482
endloop
endfacet
facet normal -0.343275 -8.824472 2.786519
outer loop
vertex -56.027848 0.200000 -66.652696
vertex -57.007851 2.700000 -63.499482
vertex -56.587199 0.200000 -66.739963
endloop
endfacet
facet normal -0.255990 -8.828580 2.781441
outer loop
vertex -56.587199 0.200000 -66.739963
vertex -57.007851 2.700000 -63.499482
vertex -57.152407 0.200000 -66.777494
endloop
endfacet
facet normal -0.160372 -7.779691 4.258576
outer loop
vertex -57.152407 0.200000 -66.777494
vertex -57.007851 2.700000 -63.499482
vertex -57.389623 2.700000 -63.511875
endloop
endfacet
facet normal 0.075319 -8.769419 2.918194
outer loop
vertex -57.152407 0.200000 -66.777494
vertex -57.389623 2.700000 -63.511875
vertex -57.718786 0.200000 -66.764972
endloop
endfacet
facet normal 0.378799 -7.779902 4.243403
outer loop
vertex -57.718786 0.200000 -66.764972
vertex -57.389623 2.700000 -63.511875
vertex -57.769692 2.700000 -63.474756
endloop
endfacet
facet normal 0.392439 -8.829189 2.761866
outer loop
vertex -57.718786 0.200000 -66.764972
vertex -57.769692 2.700000 -63.474756
vertex -58.281648 0.200000 -66.702511
endloop
endfacet
facet normal 0.479049 -8.825891 2.759564
outer loop
vertex -58.281648 0.200000 -66.702511
vertex -57.769692 2.700000 -63.474756
vertex -58.836323 0.200000 -66.590623
endloop
endfacet
facet normal 0.952007 -7.776638 4.159141
outer loop
vertex -58.836323 0.200000 -66.590623
vertex -57.769692 2.700000 -63.474756
vertex -58.141270 2.700000 -63.388795
endloop
endfacet
facet normal 0.840223 -8.759353 2.826305
outer loop
vertex -58.836323 0.200000 -66.590623
vertex -58.141270 2.700000 -63.388795
vertex -59.378232 0.200000 -66.430232
endloop
endfacet
facet normal 1.473313 -7.772933 4.008860
outer loop
vertex -59.378232 0.200000 -66.430232
vertex -58.141270 2.700000 -63.388795
vertex -58.497731 2.700000 -63.255526
endloop
endfacet
facet normal 1.118844 -8.814422 2.608077
outer loop
vertex -59.378232 0.200000 -66.430232
vertex -58.497731 2.700000 -63.255526
vertex -59.902857 0.200000 -66.222671
endloop
endfacet
facet normal 1.220944 -8.801342 2.608079
outer loop
vertex -59.902857 0.200000 -66.222671
vertex -58.497731 2.700000 -63.255526
vertex -60.405871 0.200000 -65.969661
endloop
endfacet
facet normal 2.023241 -7.759863 3.796364
outer loop
vertex -60.405871 0.200000 -65.969661
vertex -58.497731 2.700000 -63.255526
vertex -58.832714 2.700000 -63.077330
endloop
endfacet
facet normal 1.613886 -8.718951 2.605610
outer loop
vertex -60.405871 0.200000 -65.969661
vertex -58.832714 2.700000 -63.077330
vertex -60.883101 0.200000 -65.673295
endloop
endfacet
facet normal 2.502645 -7.749327 3.521043
outer loop
vertex -60.883101 0.200000 -65.673295
vertex -58.832714 2.700000 -63.077330
vertex -59.140240 2.700000 -62.857372
endloop
endfacet
facet normal 1.856202 -8.767879 2.335070
outer loop
vertex -60.883101 0.200000 -65.673295
vertex -59.140240 2.700000 -62.857372
vertex -61.330584 0.200000 -65.336033
endloop
endfacet
facet normal 2.001933 -8.732860 2.336761
outer loop
vertex -61.330584 0.200000 -65.336033
vertex -59.140240 2.700000 -62.857372
vertex -61.744624 0.200000 -64.960666
endloop
endfacet
facet normal 3.025094 -7.714301 3.195035
outer loop
vertex -61.744624 0.200000 -64.960666
vertex -59.140240 2.700000 -62.857372
vertex -59.414821 2.700000 -62.599589
endloop
endfacet
facet normal 2.451810 -8.608934 2.267760
outer loop
vertex -61.744624 0.200000 -64.960666
vertex -59.414821 2.700000 -62.599589
vertex -62.121787 0.200000 -64.550309
endloop
endfacet
facet normal 3.454204 -7.684878 2.812536
outer loop
vertex -62.121787 0.200000 -64.550309
vertex -59.414821 2.700000 -62.599589
vertex -59.651555 2.700000 -62.308584
endloop
endfacet
facet normal 2.693733 -8.632565 1.961712
outer loop
vertex -62.121787 0.200000 -64.550309
vertex -59.651555 2.700000 -62.308584
vertex -62.458947 0.200000 -64.108350
endloop
endfacet
facet normal 2.128892 -8.795899 1.483730
outer loop
vertex -62.458947 0.200000 -64.108350
vertex -59.651555 2.700000 -62.308584
vertex -62.753301 0.200000 -63.638467
endloop
endfacet
facet normal 3.167750 -7.848184 1.915338
outer loop
vertex -62.753301 0.200000 -63.638467
vertex -59.651555 2.700000 -62.308584
vertex -59.846227 2.700000 -61.989544
endloop
endfacet
facet normal 2.025339 -8.865822 1.023329
outer loop
vertex -62.753301 0.200000 -63.638467
vertex -59.846227 2.700000 -61.989544
vertex -63.002427 0.200000 -63.144545
endloop
endfacet
facet normal 3.708153 -7.807870 1.604309
outer loop
vertex -63.002427 0.200000 -63.144545
vertex -59.846227 2.700000 -61.989544
vertex -59.995347 2.700000 -61.648161
endloop
endfacet
facet normal 2.405311 -8.866711 0.871166
outer loop
vertex -63.002427 0.200000 -63.144545
vertex -59.995347 2.700000 -61.648161
vertex -63.204249 0.200000 -62.630677
endloop
endfacet
facet normal 2.099532 -8.906714 0.725712
outer loop
vertex -63.204249 0.200000 -62.630677
vertex -59.995347 2.700000 -61.648161
vertex -63.357096 0.200000 -62.101123
endloop
endfacet
facet normal 3.562326 -7.847829 0.978378
outer loop
vertex -63.357096 0.200000 -62.101123
vertex -59.995347 2.700000 -61.648161
vertex -60.096266 2.700000 -61.290534
endloop
endfacet
facet normal 3.279012 -8.280730 0.580706
outer loop
vertex -63.357096 0.200000 -62.101123
vertex -60.096266 2.700000 -61.290534
vertex -63.459704 0.200000 -61.560272
endloop
endfacet
facet normal 5.059388 -7.188105 0.716412
outer loop
vertex -63.459704 0.200000 -61.560272
vertex -60.096266 2.700000 -61.290534
vertex -60.147177 2.700000 -60.923036
endloop
endfacet
facet normal 4.546250 -7.796080 0.394457
outer loop
vertex -63.459704 0.200000 -61.560272
vertex -60.147177 2.700000 -60.923036
vertex -63.511221 0.200000 -61.012604
endloop
endfacet
facet normal 4.922986 -7.363143 0.093260
outer loop
vertex -63.511221 0.200000 -61.012604
vertex -60.147177 2.700000 -60.923036
vertex -60.147177 2.700000 -60.552233
endloop
endfacet
facet normal 4.127976 -8.151624 -0.103053
outer loop
vertex -63.511221 0.200000 -61.012604
vertex -60.147177 2.700000 -60.552233
vertex -63.511221 0.200000 -60.462660
endloop
endfacet
facet normal 3.899542 -8.311328 -0.297143
outer loop
vertex -63.511221 0.200000 -60.462660
vertex -60.147177 2.700000 -60.552233
vertex -63.459704 0.200000 -59.914992
endloop
endfacet
facet normal 4.666648 -7.522923 -0.607962
outer loop
vertex -63.459704 0.200000 -59.914992
vertex -60.147177 2.700000 -60.552233
vertex -60.096266 2.700000 -60.184735
endloop
endfacet
facet normal 3.822565 -8.302478 -0.748836
outer loop
vertex -63.459704 0.200000 -59.914992
vertex -60.096266 2.700000 -60.184735
vertex -63.357096 0.200000 -59.374141
endloop
endfacet
facet normal 4.481002 -7.569644 -1.193766
outer loop
vertex -63.357096 0.200000 -59.374141
vertex -60.096266 2.700000 -60.184735
vertex -59.995347 2.700000 -59.827108
endloop
endfacet
facet normal 3.434297 -8.486908 -1.090785
outer loop
vertex -63.357096 0.200000 -59.374141
vertex -59.995347 2.700000 -59.827108
vertex -63.204249 0.200000 -58.844592
endloop
endfacet
facet normal 3.284034 -8.545105 -1.212104
outer loop
vertex -63.204249 0.200000 -58.844592
vertex -59.995347 2.700000 -59.827108
vertex -63.002427 0.200000 -58.330724
endloop
endfacet
facet normal 4.172728 -7.627897 -1.796249
outer loop
vertex -63.002427 0.200000 -58.330724
vertex -59.995347 2.700000 -59.827108
vertex -59.846227 2.700000 -59.485725
endloop
endfacet
facet normal 3.199091 -8.483548 -1.629666
outer loop
vertex -63.002427 0.200000 -58.330724
vertex -59.846227 2.700000 -59.485725
vertex -62.753301 0.200000 -57.836802
endloop
endfacet
facet normal 3.885210 -7.645805 -2.312716
outer loop
vertex -62.753301 0.200000 -57.836802
vertex -59.846227 2.700000 -59.485725
vertex -59.651555 2.700000 -59.166686
endloop
endfacet
facet normal 2.814336 -8.607333 -1.868374
outer loop
vertex -62.753301 0.200000 -57.836802
vertex -59.651555 2.700000 -59.166686
vertex -62.458947 0.200000 -57.366919
endloop
endfacet
facet normal 2.698986 -8.628523 -1.962853
outer loop
vertex -62.458947 0.200000 -57.366919
vertex -59.651555 2.700000 -59.166686
vertex -62.121787 0.200000 -56.924965
endloop
endfacet
facet normal 3.493170 -7.667033 -2.827603
outer loop
vertex -62.121787 0.200000 -56.924965
vertex -59.651555 2.700000 -59.166686
vertex -59.414821 2.700000 -58.875670
endloop
endfacet
facet normal 2.558222 -8.548918 -2.359505
outer loop
vertex -62.121787 0.200000 -56.924965
vertex -59.414821 2.700000 -58.875670
vertex -61.744624 0.200000 -56.514603
endloop
endfacet
facet normal 3.104910 -7.672087 -3.257575
outer loop
vertex -61.744624 0.200000 -56.514603
vertex -59.414821 2.700000 -58.875670
vertex -59.140240 2.700000 -58.617897
endloop
endfacet
facet normal 2.165369 -8.645532 -2.512461
outer loop
vertex -61.744624 0.200000 -56.514603
vertex -59.140240 2.700000 -58.617897
vertex -61.330584 0.200000 -56.139236
endloop
endfacet
facet normal 2.061712 -8.646203 -2.601289
outer loop
vertex -61.330584 0.200000 -56.139236
vertex -59.140240 2.700000 -58.617897
vertex -60.883101 0.200000 -55.801969
endloop
endfacet
facet normal 2.625858 -7.672778 -3.675716
outer loop
vertex -60.883101 0.200000 -55.801969
vertex -59.140240 2.700000 -58.617897
vertex -58.832714 2.700000 -58.397944
endloop
endfacet
facet normal 1.849549 -8.551040 -2.974696
outer loop
vertex -60.883101 0.200000 -55.801969
vertex -58.832714 2.700000 -58.397944
vertex -60.405871 0.200000 -55.505608
endloop
endfacet
facet normal 2.151266 -7.668495 -4.000530
outer loop
vertex -60.405871 0.200000 -55.505608
vertex -58.832714 2.700000 -58.397944
vertex -58.497731 2.700000 -58.219738
endloop
endfacet
facet normal 1.447492 -8.631723 -3.050733
outer loop
vertex -60.405871 0.200000 -55.505608
vertex -58.497731 2.700000 -58.219738
vertex -59.902857 0.200000 -55.252598
endloop
endfacet
facet normal 1.337718 -8.612341 -3.149211
outer loop
vertex -59.902857 0.200000 -55.252598
vertex -58.497731 2.700000 -58.219738
vertex -59.378232 0.200000 -55.045037
endloop
endfacet
facet normal 1.594526 -7.649112 -4.313427
outer loop
vertex -59.378232 0.200000 -55.045037
vertex -58.497731 2.700000 -58.219738
vertex -58.141270 2.700000 -58.086469
endloop
endfacet
facet normal 1.045588 -8.491389 -3.498448
outer loop
vertex -59.378232 0.200000 -55.045037
vertex -58.141270 2.700000 -58.086469
vertex -58.836323 0.200000 -54.884646
endloop
endfacet
facet normal 1.053823 -7.632519 -4.521099
outer loop
vertex -58.836323 0.200000 -54.884646
vertex -58.141270 2.700000 -58.086469
vertex -57.769692 2.700000 -58.000508
endloop
endfacet
facet normal 0.634214 -8.554788 -3.512707
outer loop
vertex -58.836323 0.200000 -54.884646
vertex -57.769692 2.700000 -58.000508
vertex -58.281648 0.200000 -54.772758
endloop
endfacet
facet normal 0.429474 -8.766946 -2.759122
outer loop
vertex -58.281648 0.200000 -54.772758
vertex -57.769692 2.700000 -58.000508
vertex -57.718786 0.200000 -54.710292
endloop
endfacet
facet normal 0.362817 -7.844658 -3.851558
outer loop
vertex -57.718786 0.200000 -54.710292
vertex -57.769692 2.700000 -58.000508
vertex -57.389623 2.700000 -57.963395
endloop
endfacet
facet normal 0.040878 -8.610623 -3.056318
outer loop
vertex -57.718786 0.200000 -54.710292
vertex -57.389623 2.700000 -57.963395
vertex -57.152407 0.200000 -54.697775
endloop
endfacet
facet normal -0.160368 -7.556202 -4.787962
outer loop
vertex -57.152407 0.200000 -54.697775
vertex -57.389623 2.700000 -57.963395
vertex -57.007851 2.700000 -57.975782
endloop
endfacet
facet normal -0.311639 -8.459054 -3.743610
outer loop
vertex -57.152407 0.200000 -54.697775
vertex -57.007851 2.700000 -57.975782
vertex -56.587199 0.200000 -54.735306
endloop
endfacet
facet normal -0.465122 -8.510994 -3.632332
outer loop
vertex -56.587199 0.200000 -54.735306
vertex -57.007851 2.700000 -57.975782
vertex -56.027848 0.200000 -54.822573
endloop
endfacet
facet normal -0.804284 -7.608103 -4.624275
outer loop
vertex -56.027848 0.200000 -54.822573
vertex -57.007851 2.700000 -57.975782
vertex -56.631185 2.700000 -58.037461
endloop
endfacet
facet normal -0.874050 -8.441568 -3.650687
outer loop
vertex -56.027848 0.200000 -54.822573
vertex -56.631185 2.700000 -58.037461
vertex -55.478989 0.200000 -54.958852
endloop
endfacet
facet normal -1.361115 -7.623677 -4.451385
outer loop
vertex -55.478989 0.200000 -54.958852
vertex -56.631185 2.700000 -58.037461
vertex -56.266352 2.700000 -58.147321
endloop
endfacet
facet normal -1.206217 -8.566114 -3.317688
outer loop
vertex -55.478989 0.200000 -54.958852
vertex -56.266352 2.700000 -58.147321
vertex -54.945170 0.200000 -55.143017
endloop
endfacet
facet normal -1.331837 -8.583330 -3.228321
outer loop
vertex -54.945170 0.200000 -55.143017
vertex -56.266352 2.700000 -58.147321
vertex -54.430816 0.200000 -55.373544
endloop
endfacet
facet normal -1.945910 -7.640835 -4.176942
outer loop
vertex -54.430816 0.200000 -55.373544
vertex -56.266352 2.700000 -58.147321
vertex -55.919855 2.700000 -58.303407
endloop
endfacet
facet normal -1.740282 -8.494144 -3.185109
outer loop
vertex -54.430816 0.200000 -55.373544
vertex -55.919855 2.700000 -58.303407
vertex -53.940189 0.200000 -55.648514
endloop
endfacet
facet normal -2.426151 -7.608530 -3.925931
outer loop
vertex -53.940189 0.200000 -55.648514
vertex -55.919855 2.700000 -58.303407
vertex -55.597884 2.700000 -58.502930
endloop
endfacet
facet normal -2.066645 -8.496016 -2.966173
outer loop
vertex -53.940189 0.200000 -55.648514
vertex -55.597884 2.700000 -58.502930
vertex -53.477352 0.200000 -55.965660
endloop
endfacet
facet normal -2.849864 -7.642668 -3.579011
outer loop
vertex -53.477352 0.200000 -55.965660
vertex -55.597884 2.700000 -58.502930
vertex -55.306179 2.700000 -58.742331
endloop
endfacet
facet normal -2.274039 -8.588318 -2.595408
outer loop
vertex -53.477352 0.200000 -55.965660
vertex -55.306179 2.700000 -58.742331
vertex -53.046141 0.200000 -56.322345
endloop
endfacet
facet normal -2.398868 -8.575447 -2.510230
outer loop
vertex -53.046141 0.200000 -56.322345
vertex -55.306179 2.700000 -58.742331
vertex -52.650129 0.200000 -56.715616
endloop
endfacet
facet normal -3.332106 -7.629859 -3.143925
outer loop
vertex -52.650129 0.200000 -56.715616
vertex -55.306179 2.700000 -58.742331
vertex -55.049949 2.700000 -59.017331
endloop
endfacet
facet normal -2.821802 -8.456783 -2.337948
outer loop
vertex -52.650129 0.200000 -56.715616
vertex -55.049949 2.700000 -59.017331
vertex -52.292601 0.200000 -57.142212
endloop
endfacet
facet normal -3.714790 -7.617057 -2.694943
outer loop
vertex -52.292601 0.200000 -57.142212
vertex -55.049949 2.700000 -59.017331
vertex -54.833764 2.700000 -59.323046
endloop
endfacet
facet normal -2.969804 -8.530403 -1.942057
outer loop
vertex -52.292601 0.200000 -57.142212
vertex -54.833764 2.700000 -59.323046
vertex -51.976512 0.200000 -57.598607
endloop
endfacet
facet normal -3.119998 -8.486593 -1.842264
outer loop
vertex -51.976512 0.200000 -57.598607
vertex -54.833764 2.700000 -59.323046
vertex -51.704493 0.200000 -58.081007
endloop
endfacet
facet normal -4.119022 -7.573293 -2.159813
outer loop
vertex -51.704493 0.200000 -58.081007
vertex -54.833764 2.700000 -59.323046
vertex -54.661488 2.700000 -59.653994
endloop
endfacet
facet normal -2.745235 -8.621975 -1.264321
outer loop
vertex -51.704493 0.200000 -58.081007
vertex -54.661488 2.700000 -59.653994
vertex -51.478785 0.200000 -58.585428
endloop
endfacet
facet normal -3.605267 -7.838872 -1.316225
outer loop
vertex -51.478785 0.200000 -58.585428
vertex -54.661488 2.700000 -59.653994
vertex -54.536186 2.700000 -60.004282
endloop
endfacet
facet normal -2.791467 -8.701815 -0.820466
outer loop
vertex -51.478785 0.200000 -58.585428
vertex -54.536186 2.700000 -60.004282
vertex -51.301269 0.200000 -59.107677
endloop
endfacet
facet normal -3.626822 -8.409762 -0.949685
outer loop
vertex -51.301269 0.200000 -59.107677
vertex -54.536186 2.700000 -60.004282
vertex -51.173405 0.200000 -59.643436
endloop
endfacet
facet normal -4.572929 -7.546843 -0.956150
outer loop
vertex -51.173405 0.200000 -59.643436
vertex -54.536186 2.700000 -60.004282
vertex -54.460096 2.700000 -60.367659
endloop
endfacet
facet normal -3.852068 -8.305370 -0.544604
outer loop
vertex -51.173405 0.200000 -59.643436
vertex -54.460096 2.700000 -60.367659
vertex -51.096263 0.200000 -60.188258
endloop
endfacet
facet normal -4.650646 -7.548754 -0.350426
outer loop
vertex -51.096263 0.200000 -60.188258
vertex -54.460096 2.700000 -60.367659
vertex -54.434584 2.700000 -60.737635
endloop
endfacet
facet normal -1.957403 4.423670 0.260895
outer loop
vertex -54.460096 3.000000 -61.107610
vertex -54.460096 2.700000 -61.107610
vertex -54.434584 3.000000 -60.737635
endloop
endfacet
facet normal -3.712944 -1.183830 0.249181
outer loop
vertex -54.434584 3.000000 -60.737635
vertex -54.460096 2.700000 -61.107610
vertex -54.434584 2.700000 -60.737635
endloop
endfacet
facet normal -2.065007 4.381751 -0.020485
outer loop
vertex -54.434584 3.000000 -60.737635
vertex -54.434584 2.700000 -60.737635
vertex -54.460096 3.000000 -60.367659
endloop
endfacet
facet normal -3.797850 -1.189870 -0.280297
outer loop
vertex -54.460096 3.000000 -60.367659
vertex -54.434584 2.700000 -60.737635
vertex -54.460096 2.700000 -60.367659
endloop
endfacet
facet normal -1.998528 4.418434 -0.280365
outer loop
vertex -54.460096 3.000000 -60.367659
vertex -54.460096 2.700000 -60.367659
vertex -54.536186 3.000000 -60.004282
endloop
endfacet
facet normal -3.572186 -1.181922 -0.762039
outer loop
vertex -54.536186 3.000000 -60.004282
vertex -54.460096 2.700000 -60.367659
vertex -54.536186 2.700000 -60.004282
endloop
endfacet
facet normal -1.912314 4.383840 -0.568634
outer loop
vertex -54.536186 3.000000 -60.004282
vertex -54.536186 2.700000 -60.004282
vertex -54.661488 3.000000 -59.653994
endloop
endfacet
facet normal -3.585969 -1.189653 -1.312926
outer loop
vertex -54.661488 3.000000 -59.653994
vertex -54.536186 2.700000 -60.004282
vertex -54.661488 2.700000 -59.653994
endloop
endfacet
facet normal -1.975906 4.412272 -0.889188
outer loop
vertex -54.661488 3.000000 -59.653994
vertex -54.661488 2.700000 -59.653994
vertex -54.833764 3.000000 -59.323046
endloop
endfacet
facet normal -3.368990 -1.188265 -1.787979
outer loop
vertex -54.833764 3.000000 -59.323046
vertex -54.661488 2.700000 -59.653994
vertex -54.833764 2.700000 -59.323046
endloop
endfacet
facet normal -1.798742 4.379665 -1.129817
outer loop
vertex -54.833764 3.000000 -59.323046
vertex -54.833764 2.700000 -59.323046
vertex -55.049949 3.000000 -59.017331
endloop
endfacet
facet normal -3.095713 -1.187409 -2.234775
outer loop
vertex -55.049949 3.000000 -59.017331
vertex -54.833764 2.700000 -59.323046
vertex -55.049949 2.700000 -59.017331
endloop
endfacet
facet normal -1.643225 4.415770 -1.371202
outer loop
vertex -55.049949 3.000000 -59.017331
vertex -55.049949 2.700000 -59.017331
vertex -55.306179 3.000000 -58.742331
endloop
endfacet
facet normal -2.772606 -1.186955 -2.637347
outer loop
vertex -55.306179 3.000000 -58.742331
vertex -55.049949 2.700000 -59.017331
vertex -55.306179 2.700000 -58.742331
endloop
endfacet
facet normal -1.424380 4.381565 -1.565039
outer loop
vertex -55.306179 3.000000 -58.742331
vertex -55.306179 2.700000 -58.742331
vertex -55.597884 3.000000 -58.502930
endloop
endfacet
facet normal -2.399896 -1.186707 -2.997765
outer loop
vertex -55.597884 3.000000 -58.502930
vertex -55.306179 2.700000 -58.742331
vertex -55.597884 2.700000 -58.502930
endloop
endfacet
facet normal -1.223791 4.416611 -1.763675
outer loop
vertex -55.597884 3.000000 -58.502930
vertex -55.597884 2.700000 -58.502930
vertex -55.919855 3.000000 -58.303407
endloop
endfacet
facet normal -2.033266 -1.151864 -3.304679
outer loop
vertex -55.919855 3.000000 -58.303407
vertex -55.597884 2.700000 -58.502930
vertex -55.919855 2.700000 -58.303407
endloop
endfacet
facet normal -1.012888 4.416273 -1.905102
outer loop
vertex -55.919855 3.000000 -58.303407
vertex -55.919855 2.700000 -58.303407
vertex -56.266352 3.000000 -58.147321
endloop
endfacet
facet normal -1.611402 -1.187084 -3.518187
outer loop
vertex -56.266352 3.000000 -58.147321
vertex -55.919855 2.700000 -58.303407
vertex -56.266352 2.700000 -58.147321
endloop
endfacet
facet normal -0.756557 4.380501 -2.013208
outer loop
vertex -56.266352 3.000000 -58.147321
vertex -56.266352 2.700000 -58.147321
vertex -56.631185 3.000000 -58.037461
endloop
endfacet
facet normal -1.136423 -1.187712 -3.716648
outer loop
vertex -56.631185 3.000000 -58.037461
vertex -56.266352 2.700000 -58.147321
vertex -56.631185 2.700000 -58.037461
endloop
endfacet
facet normal -0.489456 4.413805 -2.144736
outer loop
vertex -56.631185 3.000000 -58.037461
vertex -56.631185 2.700000 -58.037461
vertex -57.007851 3.000000 -57.975782
endloop
endfacet
facet normal -0.644383 -1.188696 -3.853061
outer loop
vertex -57.007851 3.000000 -57.975782
vertex -56.631185 2.700000 -58.037461
vertex -57.007851 2.700000 -57.975782
endloop
endfacet
facet normal -0.209551 4.376261 -2.199307
outer loop
vertex -57.007851 3.000000 -57.975782
vertex -57.007851 2.700000 -57.975782
vertex -57.389623 3.000000 -57.963395
endloop
endfacet
facet normal -0.132579 -1.190428 -3.925759
outer loop
vertex -57.389623 3.000000 -57.963395
vertex -57.007851 2.700000 -57.975782
vertex -57.389623 2.700000 -57.963395
endloop
endfacet
facet normal 0.060571 4.417912 -2.078501
outer loop
vertex -57.389623 3.000000 -57.963395
vertex -57.389623 2.700000 -57.963395
vertex -57.769692 3.000000 -58.000508
endloop
endfacet
facet normal 0.354720 -1.181896 -3.735944
outer loop
vertex -57.769692 3.000000 -58.000508
vertex -57.389623 2.700000 -57.963395
vertex -57.769692 2.700000 -58.000508
endloop
endfacet
facet normal 0.334403 4.386647 -1.981481
outer loop
vertex -57.769692 3.000000 -58.000508
vertex -57.769692 2.700000 -58.000508
vertex -58.141270 3.000000 -58.086469
endloop
endfacet
facet normal 0.877208 -1.186894 -3.778835
outer loop
vertex -58.141270 3.000000 -58.086469
vertex -57.769692 2.700000 -58.000508
vertex -58.141270 2.700000 -58.086469
endloop
endfacet
facet normal 0.632377 4.416998 -2.059711
outer loop
vertex -58.141270 3.000000 -58.086469
vertex -58.141270 2.700000 -58.086469
vertex -58.497731 3.000000 -58.219738
endloop
endfacet
facet normal 1.357930 -1.186351 -3.616954
outer loop
vertex -58.497731 3.000000 -58.219738
vertex -58.141270 2.700000 -58.086469
vertex -58.497731 2.700000 -58.219738
endloop
endfacet
facet normal 0.878429 4.383030 -1.921422
outer loop
vertex -58.497731 3.000000 -58.219738
vertex -58.497731 2.700000 -58.219738
vertex -58.832714 3.000000 -58.397944
endloop
endfacet
facet normal 1.817944 -1.186072 -3.390802
outer loop
vertex -58.832714 3.000000 -58.397944
vertex -58.497731 2.700000 -58.219738
vertex -58.832714 2.700000 -58.397944
endloop
endfacet
facet normal 1.132242 4.418178 -1.797653
outer loop
vertex -58.832714 3.000000 -58.397944
vertex -58.832714 2.700000 -58.397944
vertex -59.140240 3.000000 -58.617897
endloop
endfacet
facet normal 2.241873 -1.185984 -3.108401
outer loop
vertex -59.140240 3.000000 -58.617897
vertex -58.832714 2.700000 -58.397944
vertex -59.140240 2.700000 -58.617897
endloop
endfacet
facet normal 1.341293 4.383381 -1.606087
outer loop
vertex -59.140240 3.000000 -58.617897
vertex -59.140240 2.700000 -58.617897
vertex -59.414821 3.000000 -58.875670
endloop
endfacet
facet normal 2.630386 -1.186064 -2.768680
outer loop
vertex -59.414821 3.000000 -58.875670
vertex -59.140240 2.700000 -58.617897
vertex -59.414821 2.700000 -58.875670
endloop
endfacet
facet normal 1.560780 4.417778 -1.426205
outer loop
vertex -59.414821 3.000000 -58.875670
vertex -59.414821 2.700000 -58.875670
vertex -59.651555 3.000000 -59.166686
endloop
endfacet
facet normal 2.970252 -1.186360 -2.383196
outer loop
vertex -59.651555 3.000000 -59.166686
vertex -59.414821 2.700000 -58.875670
vertex -59.651555 2.700000 -59.166686
endloop
endfacet
facet normal 1.724424 4.382116 -1.188459
outer loop
vertex -59.651555 3.000000 -59.166686
vertex -59.651555 2.700000 -59.166686
vertex -59.846227 3.000000 -59.485725
endloop
endfacet
facet normal 3.262950 -1.186889 -1.951579
outer loop
vertex -59.846227 3.000000 -59.485725
vertex -59.651555 2.700000 -59.166686
vertex -59.846227 2.700000 -59.485725
endloop
endfacet
facet normal 1.902761 4.415416 -0.960200
outer loop
vertex -59.846227 3.000000 -59.485725
vertex -59.846227 2.700000 -59.485725
vertex -59.995347 3.000000 -59.827108
endloop
endfacet
facet normal 3.498657 -1.187849 -1.487920
outer loop
vertex -59.995347 3.000000 -59.827108
vertex -59.846227 2.700000 -59.485725
vertex -59.995347 2.700000 -59.827108
endloop
endfacet
facet normal 2.019613 4.377975 -0.685663
outer loop
vertex -59.995347 3.000000 -59.827108
vertex -59.995347 2.700000 -59.827108
vertex -60.096266 3.000000 -60.184735
endloop
endfacet
facet normal 3.681006 -1.189443 -0.991480
outer loop
vertex -60.096266 3.000000 -60.184735
vertex -59.995347 2.700000 -59.827108
vertex -60.096266 2.700000 -60.184735
endloop
endfacet
facet normal 2.162038 4.408208 -0.415754
outer loop
vertex -60.096266 3.000000 -60.184735
vertex -60.096266 2.700000 -60.184735
vertex -60.147177 3.000000 -60.552233
endloop
endfacet
facet normal 3.806116 -1.192439 -0.477166
outer loop
vertex -60.147177 3.000000 -60.552233
vertex -60.096266 2.700000 -60.184735
vertex -60.147177 2.700000 -60.552233
endloop
endfacet
facet normal 2.253590 4.364173 -0.106424
outer loop
vertex -60.147177 3.000000 -60.552233
vertex -60.147177 2.700000 -60.552233
vertex -60.147177 3.000000 -60.923036
endloop
endfacet
facet normal 3.885095 -1.198520 0.059534
outer loop
vertex -60.147177 3.000000 -60.923036
vertex -60.147177 2.700000 -60.552233
vertex -60.147177 2.700000 -60.923036
endloop
endfacet
facet normal 2.417194 4.377221 0.222285
outer loop
vertex -60.147177 3.000000 -60.923036
vertex -60.147177 2.700000 -60.923036
vertex -60.096266 3.000000 -61.290534
endloop
endfacet
facet normal 3.968223 -1.179427 0.577966
outer loop
vertex -60.096266 3.000000 -61.290534
vertex -60.147177 2.700000 -60.923036
vertex -60.096266 2.700000 -61.290534
endloop
endfacet
facet normal 2.141621 4.393939 0.430905
outer loop
vertex -60.096266 3.000000 -61.290534
vertex -60.096266 2.700000 -61.290534
vertex -59.995347 3.000000 -61.648161
endloop
endfacet
facet normal 3.516100 -1.181838 0.967024
outer loop
vertex -59.995347 3.000000 -61.648161
vertex -60.096266 2.700000 -61.290534
vertex -59.995347 2.700000 -61.648161
endloop
endfacet
facet normal 1.758766 4.391051 0.620640
outer loop
vertex -59.995347 3.000000 -61.648161
vertex -59.995347 2.700000 -61.648161
vertex -59.846227 3.000000 -61.989544
endloop
endfacet
facet normal 3.396016 -1.182471 1.467468
outer loop
vertex -59.846227 3.000000 -61.989544
vertex -59.995347 2.700000 -61.648161
vertex -59.846227 2.700000 -61.989544
endloop
endfacet
facet normal 1.683203 4.425884 0.869394
outer loop
vertex -59.846227 3.000000 -61.989544
vertex -59.846227 2.700000 -61.989544
vertex -59.651555 3.000000 -62.308584
endloop
endfacet
facet normal 3.137752 -1.181876 1.898244
outer loop
vertex -59.651555 3.000000 -62.308584
vertex -59.846227 2.700000 -61.989544
vertex -59.651555 2.700000 -62.308584
endloop
endfacet
facet normal 1.609461 4.385777 1.149699
outer loop
vertex -59.651555 3.000000 -62.308584
vertex -59.651555 2.700000 -62.308584
vertex -59.414821 3.000000 -62.599589
endloop
endfacet
facet normal 2.968836 -1.187774 2.415337
outer loop
vertex -59.414821 3.000000 -62.599589
vertex -59.651555 2.700000 -62.308584
vertex -59.414821 2.700000 -62.599589
endloop
endfacet
facet normal 1.550190 4.416813 1.456603
outer loop
vertex -59.414821 3.000000 -62.599589
vertex -59.414821 2.700000 -62.599589
vertex -59.140240 3.000000 -62.857372
endloop
endfacet
facet normal 2.608842 -1.185659 2.781077
outer loop
vertex -59.140240 3.000000 -62.857372
vertex -59.414821 2.700000 -62.599589
vertex -59.140240 2.700000 -62.857372
endloop
endfacet
facet normal 1.303430 4.385178 1.599835
outer loop
vertex -59.140240 3.000000 -62.857372
vertex -59.140240 2.700000 -62.857372
vertex -58.832714 3.000000 -63.077330
endloop
endfacet
facet normal 2.209804 -1.184616 3.103495
outer loop
vertex -58.832714 3.000000 -63.077330
vertex -59.140240 2.700000 -62.857372
vertex -58.832714 2.700000 -63.077330
endloop
endfacet
facet normal 1.079024 4.421599 1.761823
outer loop
vertex -58.832714 3.000000 -63.077330
vertex -58.832714 2.700000 -63.077330
vertex -58.497731 3.000000 -63.255526
endloop
endfacet
facet normal 1.781220 -1.184024 3.370124
outer loop
vertex -58.497731 3.000000 -63.255526
vertex -58.832714 2.700000 -63.077330
vertex -58.497731 2.700000 -63.255526
endloop
endfacet
facet normal 0.822563 4.387756 1.854679
outer loop
vertex -58.497731 3.000000 -63.255526
vertex -58.497731 2.700000 -63.255526
vertex -58.141270 3.000000 -63.388795
endloop
endfacet
facet normal 1.320049 -1.183664 3.579836
outer loop
vertex -58.141270 3.000000 -63.388795
vertex -58.497731 2.700000 -63.255526
vertex -58.141270 2.700000 -63.388795
endloop
endfacet
facet normal 0.576504 4.423107 1.962842
outer loop
vertex -58.141270 3.000000 -63.388795
vertex -58.141270 2.700000 -63.388795
vertex -57.769692 3.000000 -63.474756
endloop
endfacet
facet normal 0.841552 -1.183447 3.724702
outer loop
vertex -57.769692 3.000000 -63.474756
vertex -58.141270 2.700000 -63.388795
vertex -57.769692 2.700000 -63.474756
endloop
endfacet
facet normal 0.309100 4.388654 1.992784
outer loop
vertex -57.769692 3.000000 -63.474756
vertex -57.769692 2.700000 -63.474756
vertex -57.389623 3.000000 -63.511875
endloop
endfacet
facet normal 0.344719 -1.183293 3.804876
outer loop
vertex -57.389623 3.000000 -63.511875
vertex -57.769692 2.700000 -63.474756
vertex -57.389623 2.700000 -63.511875
endloop
endfacet
facet normal 0.048406 4.423646 2.037538
outer loop
vertex -57.389623 3.000000 -63.511875
vertex -57.389623 2.700000 -63.511875
vertex -57.007851 3.000000 -63.499482
endloop
endfacet
facet normal -0.153205 -1.183234 3.816446
outer loop
vertex -57.007851 3.000000 -63.499482
vertex -57.389623 2.700000 -63.511875
vertex -57.007851 2.700000 -63.499482
endloop
endfacet
facet normal -0.218193 4.388881 1.999767
outer loop
vertex -57.007851 3.000000 -63.499482
vertex -57.007851 2.700000 -63.499482
vertex -56.631185 3.000000 -63.437808
endloop
endfacet
facet normal -0.652918 -1.183189 3.760638
outer loop
vertex -56.631185 3.000000 -63.437808
vertex -57.007851 2.700000 -63.499482
vertex -56.631185 2.700000 -63.437808
endloop
endfacet
facet normal -0.480201 4.423676 1.977778
outer loop
vertex -56.631185 3.000000 -63.437808
vertex -56.631185 2.700000 -63.437808
vertex -56.266352 3.000000 -63.327948
endloop
endfacet
facet normal -1.136581 -1.183248 3.637621
outer loop
vertex -56.266352 3.000000 -63.327948
vertex -56.631185 2.700000 -63.437808
vertex -56.266352 2.700000 -63.327948
endloop
endfacet
facet normal -0.731598 4.388620 1.873255
outer loop
vertex -56.266352 3.000000 -63.327948
vertex -56.266352 2.700000 -63.327948
vertex -55.919855 3.000000 -63.171862
endloop
endfacet
facet normal -1.605513 -1.183312 3.449526
outer loop
vertex -55.919855 3.000000 -63.171862
vertex -56.266352 2.700000 -63.327948
vertex -55.919855 2.700000 -63.171862
endloop
endfacet
facet normal -0.981201 4.423185 1.786511
outer loop
vertex -55.919855 3.000000 -63.171862
vertex -55.919855 2.700000 -63.171862
vertex -55.597884 3.000000 -62.972339
endloop
endfacet
facet normal -2.025441 -1.148679 3.244219
outer loop
vertex -55.597884 3.000000 -62.972339
vertex -55.919855 2.700000 -63.171862
vertex -55.597884 2.700000 -62.972339
endloop
endfacet
facet normal -1.187876 4.422509 1.664991
outer loop
vertex -55.597884 3.000000 -62.972339
vertex -55.597884 2.700000 -62.972339
vertex -55.306179 3.000000 -62.732938
endloop
endfacet
facet normal -2.388645 -1.184024 2.947168
outer loop
vertex -55.306179 3.000000 -62.732938
vertex -55.597884 2.700000 -62.972339
vertex -55.306179 2.700000 -62.732938
endloop
endfacet
facet normal -1.312720 4.389429 1.422498
outer loop
vertex -55.306179 3.000000 -62.732938
vertex -55.306179 2.700000 -62.732938
vertex -55.049949 3.000000 -62.457928
endloop
endfacet
facet normal -2.687098 -1.181877 2.530676
outer loop
vertex -55.049949 3.000000 -62.457928
vertex -55.306179 2.700000 -62.732938
vertex -55.049949 2.700000 -62.457928
endloop
endfacet
facet normal -1.508618 4.424664 1.223963
outer loop
vertex -55.049949 3.000000 -62.457928
vertex -55.049949 2.700000 -62.457928
vertex -54.833764 3.000000 -62.152223
endloop
endfacet
facet normal -3.058127 -1.183682 2.179305
outer loop
vertex -54.833764 3.000000 -62.152223
vertex -55.049949 2.700000 -62.457928
vertex -54.833764 2.700000 -62.152223
endloop
endfacet
facet normal -1.697667 4.387986 1.037843
outer loop
vertex -54.833764 3.000000 -62.152223
vertex -54.833764 2.700000 -62.152223
vertex -54.661488 3.000000 -61.821270
endloop
endfacet
facet normal -3.316071 -1.183741 1.733206
outer loop
vertex -54.661488 3.000000 -61.821270
vertex -54.833764 2.700000 -62.152223
vertex -54.661488 2.700000 -61.821270
endloop
endfacet
facet normal -1.842542 4.422737 0.799215
outer loop
vertex -54.661488 3.000000 -61.821270
vertex -54.661488 2.700000 -61.821270
vertex -54.536186 3.000000 -61.470982
endloop
endfacet
facet normal -3.512774 -1.183766 1.260223
outer loop
vertex -54.536186 3.000000 -61.470982
vertex -54.661488 2.700000 -61.821270
vertex -54.536186 2.700000 -61.470982
endloop
endfacet
facet normal -1.879896 4.388938 0.529216
outer loop
vertex -54.536186 3.000000 -61.470982
vertex -54.536186 2.700000 -61.470982
vertex -54.460096 3.000000 -61.107610
endloop
endfacet
facet normal -3.618442 -1.182745 0.754824
outer loop
vertex -54.460096 3.000000 -61.107610
vertex -54.536186 2.700000 -61.470982
vertex -54.460096 2.700000 -61.107610
endloop
endfacet
facet normal -4.737570 -7.493200 0.344510
outer loop
vertex 60.128051 2.700000 57.957442
vertex 63.491884 0.200000 57.778040
vertex 60.153563 2.700000 58.327417
endloop
endfacet
facet normal -4.017978 -8.240582 0.094464
outer loop
vertex 60.153563 2.700000 58.327417
vertex 63.491884 0.200000 57.778040
vertex 63.517668 0.200000 58.327417
endloop
endfacet
facet normal -4.265190 -8.047725 -0.121771
outer loop
vertex 60.153563 2.700000 58.327417
vertex 63.517668 0.200000 58.327417
vertex 63.491884 0.200000 58.876794
endloop
endfacet
facet normal -3.936662 -8.251272 0.543853
outer loop
vertex 63.491884 0.200000 57.778040
vertex 60.128051 2.700000 57.957442
vertex 63.414742 0.200000 57.233218
endloop
endfacet
facet normal -4.573081 -7.548315 0.942439
outer loop
vertex 63.414742 0.200000 57.233218
vertex 60.128051 2.700000 57.957442
vertex 60.051966 2.700000 57.594064
endloop
endfacet
facet normal -3.546471 -8.452532 0.920864
outer loop
vertex 63.414742 0.200000 57.233218
vertex 60.051966 2.700000 57.594064
vertex 63.286879 0.200000 56.697460
endloop
endfacet
facet normal -3.387504 -8.520911 1.050827
outer loop
vertex 63.286879 0.200000 56.697460
vertex 60.051966 2.700000 57.594064
vertex 63.109362 0.200000 56.175210
endloop
endfacet
facet normal -4.283784 -7.616680 1.562267
outer loop
vertex 63.109362 0.200000 56.175210
vertex 60.051966 2.700000 57.594064
vertex 59.926664 2.700000 57.243777
endloop
endfacet
facet normal -3.316092 -8.464066 1.461788
outer loop
vertex 63.109362 0.200000 56.175210
vertex 59.926664 2.700000 57.243777
vertex 62.883659 0.200000 55.670790
endloop
endfacet
facet normal -4.018611 -7.637627 2.093734
outer loop
vertex 62.883659 0.200000 55.670790
vertex 59.926664 2.700000 57.243777
vertex 59.754383 2.700000 56.912828
endloop
endfacet
facet normal -2.929532 -8.594585 1.728914
outer loop
vertex 62.883659 0.200000 55.670790
vertex 59.754383 2.700000 56.912828
vertex 62.611640 0.200000 55.188389
endloop
endfacet
facet normal -2.810649 -8.620268 1.826647
outer loop
vertex 62.611640 0.200000 55.188389
vertex 59.754383 2.700000 56.912828
vertex 62.295547 0.200000 54.731994
endloop
endfacet
facet normal -3.647454 -7.663276 2.627882
outer loop
vertex 62.295547 0.200000 54.731994
vertex 59.754383 2.700000 56.912828
vertex 59.538198 2.700000 56.607113
endloop
endfacet
facet normal -2.690289 -8.543008 2.219092
outer loop
vertex 62.295547 0.200000 54.731994
vertex 59.538198 2.700000 56.607113
vertex 61.938018 0.200000 54.305398
endloop
endfacet
facet normal -3.279434 -7.669955 3.077239
outer loop
vertex 61.938018 0.200000 54.305398
vertex 59.538198 2.700000 56.607113
vertex 59.281968 2.700000 56.332114
endloop
endfacet
facet normal -2.293641 -8.643013 2.397011
outer loop
vertex 61.938018 0.200000 54.305398
vertex 59.281968 2.700000 56.332114
vertex 61.542011 0.200000 53.912128
endloop
endfacet
facet normal -2.189642 -8.646833 2.486151
outer loop
vertex 61.542011 0.200000 53.912128
vertex 59.281968 2.700000 56.332114
vertex 61.110800 0.200000 53.555442
endloop
endfacet
facet normal -2.819438 -7.673726 3.517815
outer loop
vertex 61.110800 0.200000 53.555442
vertex 59.281968 2.700000 56.332114
vertex 58.990263 2.700000 56.092712
endloop
endfacet
facet normal -2.001221 -8.554493 2.858838
outer loop
vertex 61.110800 0.200000 53.555442
vertex 58.990263 2.700000 56.092712
vertex 60.647958 0.200000 53.238296
endloop
endfacet
facet normal -2.407984 -7.635983 3.867423
outer loop
vertex 60.647958 0.200000 53.238296
vertex 58.990263 2.700000 56.092712
vertex 58.668292 2.700000 55.893189
endloop
endfacet
facet normal -1.693306 -8.545780 3.085038
outer loop
vertex 60.647958 0.200000 53.238296
vertex 58.668292 2.700000 55.893189
vertex 60.157331 0.200000 52.963326
endloop
endfacet
facet normal -1.935068 -7.664976 4.124850
outer loop
vertex 60.157331 0.200000 52.963326
vertex 58.668292 2.700000 55.893189
vertex 58.321795 2.700000 55.737103
endloop
endfacet
facet normal -1.298759 -8.624235 3.140791
outer loop
vertex 60.157331 0.200000 52.963326
vertex 58.321795 2.700000 55.737103
vertex 59.642977 0.200000 52.732800
endloop
endfacet
facet normal -1.185551 -8.600557 3.242027
outer loop
vertex 59.642977 0.200000 52.732800
vertex 58.321795 2.700000 55.737103
vertex 59.109159 0.200000 52.548634
endloop
endfacet
facet normal -1.363430 -7.641367 4.413132
outer loop
vertex 59.109159 0.200000 52.548634
vertex 58.321795 2.700000 55.737103
vertex 57.956957 2.700000 55.627244
endloop
endfacet
facet normal -0.866221 -8.473178 3.588113
outer loop
vertex 59.109159 0.200000 52.548634
vertex 57.956957 2.700000 55.627244
vertex 58.560300 0.200000 52.412355
endloop
endfacet
facet normal -0.812096 -7.621925 4.595462
outer loop
vertex 58.560300 0.200000 52.412355
vertex 57.956957 2.700000 55.627244
vertex 57.580297 2.700000 55.565565
endloop
endfacet
facet normal -0.463679 -8.532332 3.589082
outer loop
vertex 58.560300 0.200000 52.412355
vertex 57.580297 2.700000 55.565565
vertex 58.000954 0.200000 52.325089
endloop
endfacet
facet normal -0.292493 -8.754955 2.805525
outer loop
vertex 58.000954 0.200000 52.325089
vertex 57.580297 2.700000 55.565565
vertex 57.435745 0.200000 52.287557
endloop
endfacet
facet normal -0.150688 -7.844598 3.866415
outer loop
vertex 57.435745 0.200000 52.287557
vertex 57.580297 2.700000 55.565565
vertex 57.198524 2.700000 55.553177
endloop
endfacet
facet normal 0.122168 -8.626813 3.026427
outer loop
vertex 57.435745 0.200000 52.287557
vertex 57.198524 2.700000 55.553177
vertex 56.869361 0.200000 52.300074
endloop
endfacet
facet normal 0.415954 -7.572387 4.743797
outer loop
vertex 56.869361 0.200000 52.300074
vertex 57.198524 2.700000 55.553177
vertex 56.818455 2.700000 55.590290
endloop
endfacet
facet normal 0.493608 -8.485122 3.672520
outer loop
vertex 56.869361 0.200000 52.300074
vertex 56.818455 2.700000 55.590290
vertex 56.306499 0.200000 52.362541
endloop
endfacet
facet normal 0.639634 -8.529279 3.565628
outer loop
vertex 56.306499 0.200000 52.362541
vertex 56.818455 2.700000 55.590290
vertex 55.751819 0.200000 52.474428
endloop
endfacet
facet normal 1.048586 -7.616574 4.554947
outer loop
vertex 55.751819 0.200000 52.474428
vertex 56.818455 2.700000 55.590290
vertex 56.446877 2.700000 55.676251
endloop
endfacet
facet normal 1.059006 -8.455989 3.569047
outer loop
vertex 55.751819 0.200000 52.474428
vertex 56.446877 2.700000 55.676251
vertex 55.209921 0.200000 52.634820
endloop
endfacet
facet normal 1.595524 -7.629627 4.355797
outer loop
vertex 55.209921 0.200000 52.634820
vertex 56.446877 2.700000 55.676251
vertex 56.090411 2.700000 55.809520
endloop
endfacet
facet normal 1.364741 -8.574979 3.230994
outer loop
vertex 55.209921 0.200000 52.634820
vertex 56.090411 2.700000 55.809520
vertex 54.685291 0.200000 52.842380
endloop
endfacet
facet normal 1.487953 -8.588015 3.143114
outer loop
vertex 54.685291 0.200000 52.842380
vertex 56.090411 2.700000 55.809520
vertex 54.182276 0.200000 53.095390
endloop
endfacet
facet normal 2.166569 -7.642676 4.055412
outer loop
vertex 54.182276 0.200000 53.095390
vertex 56.090411 2.700000 55.809520
vertex 55.755433 2.700000 55.987726
endloop
endfacet
facet normal 1.905473 -8.496058 3.078700
outer loop
vertex 54.182276 0.200000 53.095390
vertex 55.755433 2.700000 55.987726
vertex 53.705051 0.200000 53.391752
endloop
endfacet
facet normal 2.650909 -7.643620 3.735085
outer loop
vertex 53.705051 0.200000 53.391752
vertex 55.755433 2.700000 55.987726
vertex 55.447907 2.700000 56.207679
endloop
endfacet
facet normal 2.135999 -8.591261 2.708142
outer loop
vertex 53.705051 0.200000 53.391752
vertex 55.447907 2.700000 56.207679
vertex 53.257563 0.200000 53.729019
endloop
endfacet
facet normal 2.259213 -8.582328 2.624229
outer loop
vertex 53.257563 0.200000 53.729019
vertex 55.447907 2.700000 56.207679
vertex 52.843523 0.200000 54.104385
endloop
endfacet
facet normal 3.150835 -7.634680 3.323476
outer loop
vertex 52.843523 0.200000 54.104385
vertex 55.447907 2.700000 56.207679
vertex 55.173326 2.700000 56.465453
endloop
endfacet
facet normal 2.676248 -8.468577 2.478277
outer loop
vertex 52.843523 0.200000 54.104385
vertex 55.173326 2.700000 56.465453
vertex 52.466360 0.200000 54.514747
endloop
endfacet
facet normal 3.552900 -7.624140 2.894612
outer loop
vertex 52.466360 0.200000 54.514747
vertex 55.173326 2.700000 56.465453
vertex 54.936592 2.700000 56.756468
endloop
endfacet
facet normal 2.842959 -8.545636 2.078789
outer loop
vertex 52.466360 0.200000 54.514747
vertex 54.936592 2.700000 56.756468
vertex 52.129205 0.200000 54.956701
endloop
endfacet
facet normal 2.987378 -8.508585 1.983616
outer loop
vertex 52.129205 0.200000 54.956701
vertex 54.936592 2.700000 56.756468
vertex 51.834846 0.200000 55.426585
endloop
endfacet
facet normal 3.975709 -7.587062 2.380212
outer loop
vertex 51.834846 0.200000 55.426585
vertex 54.936592 2.700000 56.756468
vertex 54.741925 2.700000 57.075507
endloop
endfacet
facet normal 2.668498 -8.633799 1.414913
outer loop
vertex 51.834846 0.200000 55.426585
vertex 54.741925 2.700000 57.075507
vertex 51.585726 0.200000 55.920506
endloop
endfacet
facet normal 3.543364 -7.836967 1.531002
outer loop
vertex 51.585726 0.200000 55.920506
vertex 54.741925 2.700000 57.075507
vertex 54.592805 2.700000 57.416890
endloop
endfacet
facet normal 2.690744 -8.738114 0.950910
outer loop
vertex 51.585726 0.200000 55.920506
vertex 54.592805 2.700000 57.416890
vertex 51.383903 0.200000 56.434374
endloop
endfacet
facet normal 3.221257 -8.597170 1.046328
outer loop
vertex 51.383903 0.200000 56.434374
vertex 54.592805 2.700000 57.416890
vertex 51.231056 0.200000 56.963924
endloop
endfacet
facet normal 4.233823 -7.695978 1.145963
outer loop
vertex 51.231056 0.200000 56.963924
vertex 54.592805 2.700000 57.416890
vertex 54.491886 2.700000 57.774517
endloop
endfacet
facet normal 3.261494 -8.598230 0.651265
outer loop
vertex 51.231056 0.200000 56.963924
vertex 54.491886 2.700000 57.774517
vertex 51.128449 0.200000 57.504774
endloop
endfacet
facet normal 4.370372 -7.657454 0.619404
outer loop
vertex 51.128449 0.200000 57.504774
vertex 54.491886 2.700000 57.774517
vertex 54.440970 2.700000 58.142016
endloop
endfacet
facet normal 3.321456 -8.593794 0.278644
outer loop
vertex 51.128449 0.200000 57.504774
vertex 54.440970 2.700000 58.142016
vertex 51.076932 0.200000 58.052442
endloop
endfacet
facet normal 4.387208 -7.691505 0.074466
outer loop
vertex 51.076932 0.200000 58.052442
vertex 54.440970 2.700000 58.142016
vertex 54.440970 2.700000 58.512818
endloop
endfacet
facet normal 3.174178 -8.679955 -0.102235
outer loop
vertex 51.076932 0.200000 58.052442
vertex 54.440970 2.700000 58.512818
vertex 51.076932 0.200000 58.602387
endloop
endfacet
facet normal 3.153966 -8.685825 -0.231404
outer loop
vertex 51.076932 0.200000 58.602387
vertex 54.440970 2.700000 58.512818
vertex 51.128449 0.200000 59.150054
endloop
endfacet
facet normal 4.339092 -7.697452 -0.561851
outer loop
vertex 51.128449 0.200000 59.150054
vertex 54.440970 2.700000 58.512818
vertex 54.491886 2.700000 58.880316
endloop
endfacet
facet normal 3.233510 -8.610801 -0.637461
outer loop
vertex 51.128449 0.200000 59.150054
vertex 54.491886 2.700000 58.880316
vertex 51.231056 0.200000 59.690905
endloop
endfacet
facet normal 4.219504 -7.703436 -1.128514
outer loop
vertex 51.231056 0.200000 59.690905
vertex 54.491886 2.700000 58.880316
vertex 54.592805 2.700000 59.237944
endloop
endfacet
facet normal 2.967919 -8.704506 -0.955882
outer loop
vertex 51.231056 0.200000 59.690905
vertex 54.592805 2.700000 59.237944
vertex 51.383903 0.200000 60.220460
endloop
endfacet
facet normal 2.896290 -8.718753 -1.061126
outer loop
vertex 51.383903 0.200000 60.220460
vertex 54.592805 2.700000 59.237944
vertex 51.585726 0.200000 60.734328
endloop
endfacet
facet normal 3.989869 -7.717740 -1.714902
outer loop
vertex 51.585726 0.200000 60.734328
vertex 54.592805 2.700000 59.237944
vertex 54.741925 2.700000 59.579327
endloop
endfacet
facet normal 2.720473 -8.704144 -1.378138
outer loop
vertex 51.585726 0.200000 60.734328
vertex 54.741925 2.700000 59.579327
vertex 51.834846 0.200000 61.228249
endloop
endfacet
facet normal 3.589456 -7.776560 -2.142520
outer loop
vertex 51.834846 0.200000 61.228249
vertex 54.741925 2.700000 59.579327
vertex 54.936592 2.700000 59.898366
endloop
endfacet
facet normal 2.372902 -8.797255 -1.597297
outer loop
vertex 51.834846 0.200000 61.228249
vertex 54.936592 2.700000 59.898366
vertex 52.129205 0.200000 61.698132
endloop
endfacet
facet normal 2.409812 -8.762466 -1.742593
outer loop
vertex 52.129205 0.200000 61.698132
vertex 54.936592 2.700000 59.898366
vertex 52.466360 0.200000 62.140091
endloop
endfacet
facet normal 3.349666 -7.741810 -2.708238
outer loop
vertex 52.466360 0.200000 62.140091
vertex 54.936592 2.700000 59.898366
vertex 55.173326 2.700000 60.189371
endloop
endfacet
facet normal 2.286535 -8.695864 -2.109220
outer loop
vertex 52.466360 0.200000 62.140091
vertex 55.173326 2.700000 60.189371
vertex 52.843523 0.200000 62.550448
endloop
endfacet
facet normal 2.976728 -7.744258 -3.126652
outer loop
vertex 52.843523 0.200000 62.550448
vertex 55.173326 2.700000 60.189371
vertex 55.447907 2.700000 60.447155
endloop
endfacet
facet normal 1.616720 -8.837361 -1.873215
outer loop
vertex 52.843523 0.200000 62.550448
vertex 55.447907 2.700000 60.447155
vertex 53.257563 0.200000 62.925815
endloop
endfacet
facet normal 1.427868 -8.891876 -1.784929
outer loop
vertex 53.257563 0.200000 62.925815
vertex 55.447907 2.700000 60.447155
vertex 53.705051 0.200000 63.263077
endloop
endfacet
facet normal 2.412493 -7.798789 -3.367674
outer loop
vertex 53.705051 0.200000 63.263077
vertex 55.447907 2.700000 60.447155
vertex 55.755433 2.700000 60.667113
endloop
endfacet
facet normal 1.436602 -8.813361 -2.305886
outer loop
vertex 53.705051 0.200000 63.263077
vertex 55.755433 2.700000 60.667113
vertex 54.182276 0.200000 63.559444
endloop
endfacet
facet normal 1.951685 -7.804804 -3.639760
outer loop
vertex 54.182276 0.200000 63.559444
vertex 55.755433 2.700000 60.667113
vertex 56.090411 2.700000 60.845308
endloop
endfacet
facet normal 1.085341 -8.873882 -2.327250
outer loop
vertex 54.182276 0.200000 63.559444
vertex 56.090411 2.700000 60.845308
vertex 54.685291 0.200000 63.812454
endloop
endfacet
facet normal 1.011563 -8.881371 -2.322087
outer loop
vertex 54.685291 0.200000 63.812454
vertex 56.090411 2.700000 60.845308
vertex 55.209921 0.200000 64.020014
endloop
endfacet
facet normal 1.430936 -7.812294 -3.849018
outer loop
vertex 55.209921 0.200000 64.020014
vertex 56.090411 2.700000 60.845308
vertex 56.446877 2.700000 60.978578
endloop
endfacet
facet normal 0.754239 -8.836566 -2.510395
outer loop
vertex 55.209921 0.200000 64.020014
vertex 56.446877 2.700000 60.978578
vertex 55.751819 0.200000 64.180406
endloop
endfacet
facet normal 0.926053 -7.814518 -3.997458
outer loop
vertex 55.751819 0.200000 64.180406
vertex 56.446877 2.700000 60.978578
vertex 56.818455 2.700000 61.064539
endloop
endfacet
facet normal 0.424876 -8.887938 -2.466263
outer loop
vertex 55.751819 0.200000 64.180406
vertex 56.818455 2.700000 61.064539
vertex 56.306499 0.200000 64.292293
endloop
endfacet
facet normal 0.364785 -8.890279 -2.463551
outer loop
vertex 56.306499 0.200000 64.292293
vertex 56.818455 2.700000 61.064539
vertex 56.869361 0.200000 64.354755
endloop
endfacet
facet normal 0.379701 -7.816838 -4.078789
outer loop
vertex 56.869361 0.200000 64.354755
vertex 56.818455 2.700000 61.064539
vertex 57.198524 2.700000 61.101657
endloop
endfacet
facet normal 0.074946 -8.843729 -2.588297
outer loop
vertex 56.869361 0.200000 64.354755
vertex 57.198524 2.700000 61.101657
vertex 57.435745 0.200000 64.367277
endloop
endfacet
facet normal -0.143180 -7.817129 -4.092709
outer loop
vertex 57.435745 0.200000 64.367277
vertex 57.198524 2.700000 61.101657
vertex 57.580297 2.700000 61.089264
endloop
endfacet
facet normal -0.230856 -8.891131 -2.475247
outer loop
vertex 57.435745 0.200000 64.367277
vertex 57.580297 2.700000 61.089264
vertex 58.000954 0.200000 64.329745
endloop
endfacet
facet normal -0.289190 -8.890071 -2.474422
outer loop
vertex 58.000954 0.200000 64.329745
vertex 57.580297 2.700000 61.089264
vertex 58.560300 0.200000 64.242478
endloop
endfacet
facet normal -0.691945 -7.816030 -4.039477
outer loop
vertex 58.560300 0.200000 64.242478
vertex 57.580297 2.700000 61.089264
vertex 57.956957 2.700000 61.027590
endloop
endfacet
facet normal -0.603061 -8.840407 -2.532207
outer loop
vertex 58.560300 0.200000 64.242478
vertex 57.956957 2.700000 61.027590
vertex 59.109159 0.200000 64.106199
endloop
endfacet
facet normal -1.202457 -7.814591 -3.917705
outer loop
vertex 59.109159 0.200000 64.106199
vertex 57.956957 2.700000 61.027590
vertex 58.321795 2.700000 60.917731
endloop
endfacet
facet normal -0.876647 -8.885839 -2.351994
outer loop
vertex 59.109159 0.200000 64.106199
vertex 58.321795 2.700000 60.917731
vertex 59.642977 0.200000 63.922034
endloop
endfacet
facet normal -0.943876 -8.880616 -2.352936
outer loop
vertex 59.642977 0.200000 63.922034
vertex 58.321795 2.700000 60.917731
vertex 60.157331 0.200000 63.691507
endloop
endfacet
facet normal -1.728872 -7.809309 -3.733568
outer loop
vertex 60.157331 0.200000 63.691507
vertex 58.321795 2.700000 60.917731
vertex 58.668292 2.700000 60.761644
endloop
endfacet
facet normal -1.277209 -8.824184 -2.345335
outer loop
vertex 60.157331 0.200000 63.691507
vertex 58.668292 2.700000 60.761644
vertex 60.647958 0.200000 63.416532
endloop
endfacet
facet normal -2.180112 -7.770095 -3.529535
outer loop
vertex 60.647958 0.200000 63.416532
vertex 58.668292 2.700000 60.761644
vertex 58.990263 2.700000 60.562121
endloop
endfacet
facet normal -1.551855 -8.814035 -2.220841
outer loop
vertex 60.647958 0.200000 63.416532
vertex 58.990263 2.700000 60.562121
vertex 61.110800 0.200000 63.099392
endloop
endfacet
facet normal -2.581119 -7.799122 -3.230069
outer loop
vertex 61.110800 0.200000 63.099392
vertex 58.990263 2.700000 60.562121
vertex 59.281968 2.700000 60.322720
endloop
endfacet
facet normal -1.754841 -8.856582 -1.970194
outer loop
vertex 61.110800 0.200000 63.099392
vertex 59.281968 2.700000 60.322720
vertex 61.542011 0.200000 62.742706
endloop
endfacet
facet normal -1.865192 -8.836660 -1.972740
outer loop
vertex 61.542011 0.200000 62.742706
vertex 59.281968 2.700000 60.322720
vertex 61.938018 0.200000 62.349436
endloop
endfacet
facet normal -3.048894 -7.779263 -2.882696
outer loop
vertex 61.938018 0.200000 62.349436
vertex 59.281968 2.700000 60.322720
vertex 59.538198 2.700000 60.047710
endloop
endfacet
facet normal -2.258351 -8.751157 -1.866966
outer loop
vertex 61.938018 0.200000 62.349436
vertex 59.538198 2.700000 60.047710
vertex 62.295547 0.200000 61.922834
endloop
endfacet
facet normal -3.434554 -7.762032 -2.485186
outer loop
vertex 62.295547 0.200000 61.922834
vertex 59.538198 2.700000 60.047710
vertex 59.754383 2.700000 59.742005
endloop
endfacet
facet normal -2.024061 -8.855062 -1.315401
outer loop
vertex 62.295547 0.200000 61.922834
vertex 59.754383 2.700000 59.742005
vertex 62.611640 0.200000 61.466445
endloop
endfacet
facet normal -1.894707 -8.905846 -1.140756
outer loop
vertex 62.611640 0.200000 61.466445
vertex 59.754383 2.700000 59.742005
vertex 62.883659 0.200000 60.984039
endloop
endfacet
facet normal -3.559236 -7.812859 -1.875211
outer loop
vertex 62.883659 0.200000 60.984039
vertex 59.754383 2.700000 59.742005
vertex 59.926664 2.700000 59.411052
endloop
endfacet
facet normal -2.397438 -8.824167 -1.061075
outer loop
vertex 62.883659 0.200000 60.984039
vertex 59.926664 2.700000 59.411052
vertex 63.109362 0.200000 60.479624
endloop
endfacet
facet normal -3.817250 -7.801498 -1.397589
outer loop
vertex 63.109362 0.200000 60.479624
vertex 59.926664 2.700000 59.411052
vertex 60.051966 2.700000 59.060765
endloop
endfacet
facet normal -2.507666 -8.853132 -0.758726
outer loop
vertex 63.109362 0.200000 60.479624
vertex 60.051966 2.700000 59.060765
vertex 63.286879 0.200000 59.957374
endloop
endfacet
facet normal -2.169027 -8.899460 -0.619305
outer loop
vertex 63.286879 0.200000 59.957374
vertex 60.051966 2.700000 59.060765
vertex 63.414742 0.200000 59.421616
endloop
endfacet
facet normal -3.610919 -7.847852 -0.768865
outer loop
vertex 63.414742 0.200000 59.421616
vertex 60.051966 2.700000 59.060765
vertex 60.128051 2.700000 58.697392
endloop
endfacet
facet normal -3.223165 -8.357963 -0.386543
outer loop
vertex 63.414742 0.200000 59.421616
vertex 60.128051 2.700000 58.697392
vertex 63.491884 0.200000 58.876794
endloop
endfacet
facet normal -4.983756 -7.300337 -0.379639
outer loop
vertex 63.491884 0.200000 58.876794
vertex 60.128051 2.700000 58.697392
vertex 60.153563 2.700000 58.327417
endloop
endfacet
facet normal -2.216979 4.404356 0.284107
outer loop
vertex 60.128051 3.000000 57.957442
vertex 60.128051 2.700000 57.957442
vertex 60.153563 3.000000 58.327417
endloop
endfacet
facet normal -3.848410 -1.195047 0.252286
outer loop
vertex 60.153563 3.000000 58.327417
vertex 60.128051 2.700000 57.957442
vertex 60.153563 2.700000 58.327417
endloop
endfacet
facet normal -2.316685 4.355871 -0.030759
outer loop
vertex 60.153563 3.000000 58.327417
vertex 60.153563 2.700000 58.327417
vertex 60.128051 3.000000 58.697392
endloop
endfacet
facet normal -3.914065 -1.204533 -0.293678
outer loop
vertex 60.128051 3.000000 58.697392
vertex 60.153563 2.700000 58.327417
vertex 60.128051 2.700000 58.697392
endloop
endfacet
facet normal -2.105785 4.403806 -0.291438
outer loop
vertex 60.128051 3.000000 58.697392
vertex 60.128051 2.700000 58.697392
vertex 60.051966 3.000000 59.060765
endloop
endfacet
facet normal -3.563230 -1.181887 -0.759721
outer loop
vertex 60.051966 3.000000 59.060765
vertex 60.128051 2.700000 58.697392
vertex 60.051966 2.700000 59.060765
endloop
endfacet
facet normal -1.792235 4.390995 -0.520768
outer loop
vertex 60.051966 3.000000 59.060765
vertex 60.051966 2.700000 59.060765
vertex 59.926664 3.000000 59.411052
endloop
endfacet
facet normal -3.474849 -1.182530 -1.267369
outer loop
vertex 59.926664 3.000000 59.411052
vertex 60.051966 2.700000 59.060765
vertex 59.926664 2.700000 59.411052
endloop
endfacet
facet normal -1.767853 4.425317 -0.787463
outer loop
vertex 59.926664 3.000000 59.411052
vertex 59.926664 2.700000 59.411052
vertex 59.754383 3.000000 59.742005
endloop
endfacet
facet normal -3.272053 -1.182343 -1.731818
outer loop
vertex 59.754383 3.000000 59.742005
vertex 59.926664 2.700000 59.411052
vertex 59.754383 2.700000 59.742005
endloop
endfacet
facet normal -1.588523 4.391182 -0.985655
outer loop
vertex 59.754383 3.000000 59.742005
vertex 59.754383 2.700000 59.742005
vertex 59.538198 3.000000 60.047710
endloop
endfacet
facet normal -2.982428 -1.181814 -2.146781
outer loop
vertex 59.538198 3.000000 60.047710
vertex 59.754383 2.700000 59.742005
vertex 59.538198 2.700000 60.047710
endloop
endfacet
facet normal -1.487668 4.424856 -1.240128
outer loop
vertex 59.538198 3.000000 60.047710
vertex 59.538198 2.700000 60.047710
vertex 59.281968 3.000000 60.322720
endloop
endfacet
facet normal -2.730338 -1.183467 -2.594264
outer loop
vertex 59.281968 3.000000 60.322720
vertex 59.538198 2.700000 60.047710
vertex 59.281968 2.700000 60.322720
endloop
endfacet
facet normal -1.340245 4.388810 -1.466084
outer loop
vertex 59.281968 3.000000 60.322720
vertex 59.281968 2.700000 60.322720
vertex 58.990263 3.000000 60.562121
endloop
endfacet
facet normal -2.358032 -1.182950 -2.941886
outer loop
vertex 58.990263 3.000000 60.562121
vertex 59.281968 2.700000 60.322720
vertex 58.990263 2.700000 60.562121
endloop
endfacet
facet normal -1.143600 4.424426 -1.639436
outer loop
vertex 58.990263 3.000000 60.562121
vertex 58.990263 2.700000 60.562121
vertex 58.668292 3.000000 60.761644
endloop
endfacet
facet normal -1.994944 -1.147806 -3.236313
outer loop
vertex 58.668292 3.000000 60.761644
vertex 58.990263 2.700000 60.562121
vertex 58.668292 2.700000 60.761644
endloop
endfacet
facet normal -0.942111 4.424822 -1.755363
outer loop
vertex 58.668292 3.000000 60.761644
vertex 58.668292 2.700000 60.761644
vertex 58.321795 3.000000 60.917731
endloop
endfacet
facet normal -1.578943 -1.182592 -3.436817
outer loop
vertex 58.321795 3.000000 60.917731
vertex 58.668292 2.700000 60.761644
vertex 58.321795 2.700000 60.917731
endloop
endfacet
facet normal -0.699747 4.390147 -1.836125
outer loop
vertex 58.321795 3.000000 60.917731
vertex 58.321795 2.700000 60.917731
vertex 57.956957 3.000000 61.027590
endloop
endfacet
facet normal -1.112068 -1.182557 -3.620935
outer loop
vertex 57.956957 3.000000 61.027590
vertex 58.321795 2.700000 60.917731
vertex 57.956957 2.700000 61.027590
endloop
endfacet
facet normal -0.451648 4.425162 -1.936510
outer loop
vertex 57.956957 3.000000 61.027590
vertex 57.956957 2.700000 61.027590
vertex 57.580297 3.000000 61.089264
endloop
endfacet
facet normal -0.630921 -1.182495 -3.740550
outer loop
vertex 57.580297 3.000000 61.089264
vertex 57.956957 2.700000 61.027590
vertex 57.580297 2.700000 61.089264
endloop
endfacet
facet normal -0.197537 4.390386 -1.953339
outer loop
vertex 57.580297 3.000000 61.089264
vertex 57.580297 2.700000 61.089264
vertex 57.198524 3.000000 61.101657
endloop
endfacet
facet normal -0.134013 -1.182507 -3.792302
outer loop
vertex 57.198524 3.000000 61.101657
vertex 57.580297 2.700000 61.089264
vertex 57.198524 2.700000 61.101657
endloop
endfacet
facet normal 0.064973 4.425233 -1.986260
outer loop
vertex 57.198524 3.000000 61.101657
vertex 57.198524 2.700000 61.101657
vertex 56.818455 3.000000 61.064539
endloop
endfacet
facet normal 0.360561 -1.182499 -3.777159
outer loop
vertex 56.818455 3.000000 61.064539
vertex 57.198524 2.700000 61.101657
vertex 56.818455 2.700000 61.064539
endloop
endfacet
facet normal 0.316309 4.390398 -1.936485
outer loop
vertex 56.818455 3.000000 61.064539
vertex 56.818455 2.700000 61.064539
vertex 56.446877 3.000000 60.978578
endloop
endfacet
facet normal 0.853281 -1.182542 -3.692622
outer loop
vertex 56.446877 3.000000 60.978578
vertex 56.818455 2.700000 61.064539
vertex 56.446877 2.700000 60.978578
endloop
endfacet
facet normal 0.577353 4.425116 -1.900227
outer loop
vertex 56.446877 3.000000 60.978578
vertex 56.446877 2.700000 60.978578
vertex 56.090411 3.000000 60.845308
endloop
endfacet
facet normal 1.326822 -1.182588 -3.543686
outer loop
vertex 56.090411 3.000000 60.845308
vertex 56.446877 2.700000 60.978578
vertex 56.090411 2.700000 60.845308
endloop
endfacet
facet normal 0.810798 4.390188 -1.786215
outer loop
vertex 56.090411 3.000000 60.845308
vertex 56.090411 2.700000 60.845308
vertex 55.755433 3.000000 60.667113
endloop
endfacet
facet normal 1.781417 -1.182676 -3.328864
outer loop
vertex 55.755433 3.000000 60.667113
vertex 56.090411 2.700000 60.845308
vertex 55.755433 2.700000 60.667113
endloop
endfacet
facet normal 1.055326 4.424739 -1.684194
outer loop
vertex 55.755433 3.000000 60.667113
vertex 55.755433 2.700000 60.667113
vertex 55.447907 3.000000 60.447155
endloop
endfacet
facet normal 2.201485 -1.182816 -3.056878
outer loop
vertex 55.447907 3.000000 60.447155
vertex 55.755433 2.700000 60.667113
vertex 55.447907 2.700000 60.447155
endloop
endfacet
facet normal 1.212733 4.390736 -1.468661
outer loop
vertex 55.447907 3.000000 60.447155
vertex 55.447907 2.700000 60.447155
vertex 55.173326 3.000000 60.189371
endloop
endfacet
facet normal 2.542222 -1.181876 -2.682774
outer loop
vertex 55.173326 3.000000 60.189371
vertex 55.447907 2.700000 60.447155
vertex 55.173326 2.700000 60.189371
endloop
endfacet
facet normal 1.432899 4.424735 -1.310856
outer loop
vertex 55.173326 3.000000 60.189371
vertex 55.173326 2.700000 60.189371
vertex 54.936592 3.000000 59.898366
endloop
endfacet
facet normal 2.930535 -1.183594 -2.353752
outer loop
vertex 54.936592 3.000000 59.898366
vertex 55.173326 2.700000 60.189371
vertex 54.936592 2.700000 59.898366
endloop
endfacet
facet normal 1.634420 4.388231 -1.131362
outer loop
vertex 54.936592 3.000000 59.898366
vertex 54.936592 2.700000 59.898366
vertex 54.741925 3.000000 59.579327
endloop
endfacet
facet normal 3.212663 -1.183545 -1.923917
outer loop
vertex 54.741925 3.000000 59.579327
vertex 54.936592 2.700000 59.898366
vertex 54.741925 2.700000 59.579327
endloop
endfacet
facet normal 1.762550 4.424026 -0.898039
outer loop
vertex 54.741925 3.000000 59.579327
vertex 54.741925 2.700000 59.579327
vertex 54.592805 3.000000 59.237944
endloop
endfacet
facet normal 3.408738 -1.182586 -1.453406
outer loop
vertex 54.592805 3.000000 59.237944
vertex 54.741925 2.700000 59.579327
vertex 54.592805 2.700000 59.237944
endloop
endfacet
facet normal 1.845008 4.389124 -0.631394
outer loop
vertex 54.592805 3.000000 59.237944
vertex 54.592805 2.700000 59.237944
vertex 54.491886 3.000000 58.880316
endloop
endfacet
facet normal 3.596325 -1.183558 -0.971720
outer loop
vertex 54.491886 3.000000 58.880316
vertex 54.592805 2.700000 59.237944
vertex 54.491886 2.700000 58.880316
endloop
endfacet
facet normal 1.961003 4.422974 -0.385282
outer loop
vertex 54.491886 3.000000 58.880316
vertex 54.491886 2.700000 58.880316
vertex 54.440970 3.000000 58.512818
endloop
endfacet
facet normal 3.689764 -1.183556 -0.466466
outer loop
vertex 54.440970 3.000000 58.512818
vertex 54.491886 2.700000 58.880316
vertex 54.440970 2.700000 58.512818
endloop
endfacet
facet normal 1.969948 4.388096 -0.103395
outer loop
vertex 54.440970 3.000000 58.512818
vertex 54.440970 2.700000 58.512818
vertex 54.440970 3.000000 58.142016
endloop
endfacet
facet normal 3.717806 -1.183476 0.051858
outer loop
vertex 54.440970 3.000000 58.142016
vertex 54.440970 2.700000 58.512818
vertex 54.440970 2.700000 58.142016
endloop
endfacet
facet normal 1.962866 4.424057 0.161354
outer loop
vertex 54.440970 3.000000 58.142016
vertex 54.440970 2.700000 58.142016
vertex 54.491886 3.000000 57.774517
endloop
endfacet
facet normal 3.681184 -1.147633 0.524720
outer loop
vertex 54.491886 3.000000 57.774517
vertex 54.440970 2.700000 58.142016
vertex 54.491886 2.700000 57.774517
endloop
endfacet
facet normal 1.865438 4.425682 0.381257
outer loop
vertex 54.491886 3.000000 57.774517
vertex 54.491886 2.700000 57.774517
vertex 54.592805 3.000000 57.416890
endloop
endfacet
facet normal 3.526954 -1.181888 0.970638
outer loop
vertex 54.592805 3.000000 57.416890
vertex 54.491886 2.700000 57.774517
vertex 54.592805 2.700000 57.416890
endloop
endfacet
facet normal 1.872427 4.384584 0.674829
outer loop
vertex 54.592805 3.000000 57.416890
vertex 54.592805 2.700000 57.416890
vertex 54.741925 3.000000 57.075507
endloop
endfacet
facet normal 3.498826 -1.188890 1.518039
outer loop
vertex 54.741925 3.000000 57.075507
vertex 54.592805 2.700000 57.416890
vertex 54.741925 2.700000 57.075507
endloop
endfacet
facet normal 1.908122 4.413518 1.002246
outer loop
vertex 54.741925 3.000000 57.075507
vertex 54.741925 2.700000 57.075507
vertex 54.936592 3.000000 56.756468
endloop
endfacet
facet normal 3.259871 -1.187823 1.980508
outer loop
vertex 54.936592 3.000000 56.756468
vertex 54.741925 2.700000 57.075507
vertex 54.936592 2.700000 56.756468
endloop
endfacet
facet normal 1.726400 4.380366 1.227365
outer loop
vertex 54.936592 3.000000 56.756468
vertex 54.936592 2.700000 56.756468
vertex 55.173326 3.000000 56.465453
endloop
endfacet
facet normal 2.963669 -1.187236 2.410719
outer loop
vertex 55.173326 3.000000 56.465453
vertex 54.936592 2.700000 56.756468
vertex 55.173326 2.700000 56.465453
endloop
endfacet
facet normal 1.557136 4.416087 1.466109
outer loop
vertex 55.173326 3.000000 56.465453
vertex 55.173326 2.700000 56.465453
vertex 55.447907 3.000000 56.207679
endloop
endfacet
facet normal 2.620954 -1.186921 2.795201
outer loop
vertex 55.447907 3.000000 56.207679
vertex 55.173326 2.700000 56.465453
vertex 55.447907 2.700000 56.207679
endloop
endfacet
facet normal 1.335071 4.381674 1.643980
outer loop
vertex 55.447907 3.000000 56.207679
vertex 55.447907 2.700000 56.207679
vertex 55.755433 3.000000 55.987726
endloop
endfacet
facet normal 2.229335 -1.186858 3.133517
outer loop
vertex 55.755433 3.000000 55.987726
vertex 55.447907 2.700000 56.207679
vertex 55.755433 2.700000 55.987726
endloop
endfacet
facet normal 1.120025 4.416373 1.836818
outer loop
vertex 55.755433 3.000000 55.987726
vertex 55.755433 2.700000 55.987726
vertex 56.090411 3.000000 55.809520
endloop
endfacet
facet normal 1.802696 -1.187007 3.415097
outer loop
vertex 56.090411 3.000000 55.809520
vertex 55.755433 2.700000 55.987726
vertex 56.090411 2.700000 55.809520
endloop
endfacet
facet normal 0.863612 4.381025 1.959905
outer loop
vertex 56.090411 3.000000 55.809520
vertex 56.090411 2.700000 55.809520
vertex 56.446877 3.000000 55.676251
endloop
endfacet
facet normal 1.339640 -1.187407 3.640082
outer loop
vertex 56.446877 3.000000 55.676251
vertex 56.090411 2.700000 55.809520
vertex 56.446877 2.700000 55.676251
endloop
endfacet
facet normal 0.610414 4.414645 2.100069
outer loop
vertex 56.446877 3.000000 55.676251
vertex 56.446877 2.700000 55.676251
vertex 56.818455 3.000000 55.590290
endloop
endfacet
facet normal 0.855878 -1.188160 3.801683
outer loop
vertex 56.818455 3.000000 55.590290
vertex 56.446877 2.700000 55.676251
vertex 56.818455 2.700000 55.590290
endloop
endfacet
facet normal 0.328658 4.377807 2.166410
outer loop
vertex 56.818455 3.000000 55.590290
vertex 56.818455 2.700000 55.590290
vertex 57.198524 3.000000 55.553177
endloop
endfacet
facet normal 0.349945 -1.189424 3.901524
outer loop
vertex 57.198524 3.000000 55.553177
vertex 56.818455 2.700000 55.590290
vertex 57.198524 2.700000 55.553177
endloop
endfacet
facet normal 0.058653 4.418894 2.067997
outer loop
vertex 57.198524 3.000000 55.553177
vertex 57.198524 2.700000 55.553177
vertex 57.580297 3.000000 55.565565
endloop
endfacet
facet normal -0.148193 -1.181855 3.750258
outer loop
vertex 57.580297 3.000000 55.565565
vertex 57.198524 2.700000 55.553177
vertex 57.580297 2.700000 55.565565
endloop
endfacet
facet normal -0.227689 4.386268 2.003161
outer loop
vertex 57.580297 3.000000 55.565565
vertex 57.580297 2.700000 55.565565
vertex 57.956957 3.000000 55.627244
endloop
endfacet
facet normal -0.667440 -1.187182 3.830219
outer loop
vertex 57.956957 3.000000 55.627244
vertex 57.580297 2.700000 55.565565
vertex 57.956957 2.700000 55.627244
endloop
endfacet
facet normal -0.514337 4.416459 2.103531
outer loop
vertex 57.956957 3.000000 55.627244
vertex 57.956957 2.700000 55.627244
vertex 58.321795 3.000000 55.737103
endloop
endfacet
facet normal -1.156201 -1.186472 3.693793
outer loop
vertex 58.321795 3.000000 55.737103
vertex 57.956957 2.700000 55.627244
vertex 58.321795 2.700000 55.737103
endloop
endfacet
facet normal -0.773780 4.382704 1.974193
outer loop
vertex 58.321795 3.000000 55.737103
vertex 58.321795 2.700000 55.737103
vertex 58.668292 3.000000 55.893189
endloop
endfacet
facet normal -1.628074 -1.186004 3.494294
outer loop
vertex 58.668292 3.000000 55.893189
vertex 58.321795 2.700000 55.737103
vertex 58.668292 2.700000 55.893189
endloop
endfacet
facet normal -1.027341 4.418209 1.865830
outer loop
vertex 58.668292 3.000000 55.893189
vertex 58.668292 2.700000 55.893189
vertex 58.990263 3.000000 56.092712
endloop
endfacet
facet normal -2.049013 -1.150965 3.278771
outer loop
vertex 58.990263 3.000000 56.092712
vertex 58.668292 2.700000 55.893189
vertex 58.990263 2.700000 56.092712
endloop
endfacet
facet normal -1.233854 4.418311 1.724493
outer loop
vertex 58.990263 3.000000 56.092712
vertex 58.990263 2.700000 56.092712
vertex 59.281968 3.000000 56.332114
endloop
endfacet
facet normal -2.411042 -1.185940 2.972122
outer loop
vertex 59.281968 3.000000 56.332114
vertex 58.990263 2.700000 56.092712
vertex 59.281968 2.700000 56.332114
endloop
endfacet
facet normal -1.428599 4.383207 1.527054
outer loop
vertex 59.281968 3.000000 56.332114
vertex 59.281968 2.700000 56.332114
vertex 59.538198 3.000000 56.607113
endloop
endfacet
facet normal -2.780576 -1.186185 2.610283
outer loop
vertex 59.538198 3.000000 56.607113
vertex 59.281968 2.700000 56.332114
vertex 59.538198 2.700000 56.607113
endloop
endfacet
facet normal -1.644739 4.417437 1.330925
outer loop
vertex 59.538198 3.000000 56.607113
vertex 59.538198 2.700000 56.607113
vertex 59.754383 3.000000 56.912828
endloop
endfacet
facet normal -3.100762 -1.186601 2.206672
outer loop
vertex 59.754383 3.000000 56.912828
vertex 59.538198 2.700000 56.607113
vertex 59.754383 2.700000 56.912828
endloop
endfacet
facet normal -1.794648 4.381429 1.090434
outer loop
vertex 59.754383 3.000000 56.912828
vertex 59.754383 2.700000 56.912828
vertex 59.926664 3.000000 57.243777
endloop
endfacet
facet normal -3.370412 -1.187377 1.758441
outer loop
vertex 59.926664 3.000000 57.243777
vertex 59.754383 2.700000 56.912828
vertex 59.926664 2.700000 57.243777
endloop
endfacet
facet normal -1.968113 4.414240 0.846315
outer loop
vertex 59.926664 3.000000 57.243777
vertex 59.926664 2.700000 57.243777
vertex 60.051966 3.000000 57.594064
endloop
endfacet
facet normal -3.584004 -1.188625 1.282087
outer loop
vertex 60.051966 3.000000 57.594064
vertex 59.926664 2.700000 57.243777
vertex 60.051966 2.700000 57.594064
endloop
endfacet
facet normal -2.075237 4.375983 0.571186
outer loop
vertex 60.051966 3.000000 57.594064
vertex 60.051966 2.700000 57.594064
vertex 60.128051 3.000000 57.957442
endloop
endfacet
facet normal -3.742558 -1.190839 0.774916
outer loop
vertex 60.128051 3.000000 57.957442
vertex 60.051966 2.700000 57.594064
vertex 60.128051 2.700000 57.957442
endloop
endfacet
facet normal -4.374364 -7.692790 0.312656
outer loop
vertex -54.460096 2.700000 57.957442
vertex -51.096263 0.200000 57.778040
vertex -54.434584 2.700000 58.327417
endloop
endfacet
facet normal -3.170974 -8.681613 0.062603
outer loop
vertex -54.434584 2.700000 58.327417
vertex -51.096263 0.200000 57.778040
vertex -51.070479 0.200000 58.327417
endloop
endfacet
facet normal -3.158523 -8.686894 -0.067133
outer loop
vertex -54.434584 2.700000 58.327417
vertex -51.070479 0.200000 58.327417
vertex -51.096263 0.200000 58.876794
endloop
endfacet
facet normal -3.296493 -8.596542 0.458087
outer loop
vertex -51.096263 0.200000 57.778040
vertex -54.460096 2.700000 57.957442
vertex -51.173405 0.200000 57.233218
endloop
endfacet
facet normal -4.296114 -7.693996 0.888538
outer loop
vertex -51.173405 0.200000 57.233218
vertex -54.460096 2.700000 57.957442
vertex -54.536186 2.700000 57.594064
endloop
endfacet
facet normal -3.062504 -8.685459 0.807208
outer loop
vertex -51.173405 0.200000 57.233218
vertex -54.536186 2.700000 57.594064
vertex -51.301269 0.200000 56.697460
endloop
endfacet
facet normal -3.234917 -8.576233 1.011974
outer loop
vertex -51.301269 0.200000 56.697460
vertex -54.536186 2.700000 57.594064
vertex -51.478785 0.200000 56.175210
endloop
endfacet
facet normal -4.338197 -7.584757 1.583161
outer loop
vertex -51.478785 0.200000 56.175210
vertex -54.536186 2.700000 57.594064
vertex -54.661488 2.700000 57.243777
endloop
endfacet
facet normal -3.462607 -8.376943 1.529504
outer loop
vertex -51.478785 0.200000 56.175210
vertex -54.661488 2.700000 57.243777
vertex -51.704493 0.200000 55.670790
endloop
endfacet
facet normal -4.110715 -7.582429 2.140553
outer loop
vertex -51.704493 0.200000 55.670790
vertex -54.661488 2.700000 57.243777
vertex -54.833764 2.700000 56.912828
endloop
endfacet
facet normal -3.143862 -8.476191 1.852299
outer loop
vertex -51.704493 0.200000 55.670790
vertex -54.833764 2.700000 56.912828
vertex -51.976512 0.200000 55.188389
endloop
endfacet
facet normal -3.085082 -8.457187 2.017132
outer loop
vertex -51.976512 0.200000 55.188389
vertex -54.833764 2.700000 56.912828
vertex -52.292601 0.200000 54.731994
endloop
endfacet
facet normal -3.799661 -7.563390 2.741802
outer loop
vertex -52.292601 0.200000 54.731994
vertex -54.833764 2.700000 56.912828
vertex -55.049949 2.700000 56.607113
endloop
endfacet
facet normal -3.015742 -8.318369 2.492807
outer loop
vertex -52.292601 0.200000 54.731994
vertex -55.049949 2.700000 56.607113
vertex -52.650129 0.200000 54.305398
endloop
endfacet
facet normal -3.452683 -7.545201 3.237029
outer loop
vertex -52.650129 0.200000 54.305398
vertex -55.049949 2.700000 56.607113
vertex -55.306179 2.700000 56.332114
endloop
endfacet
facet normal -2.656895 -8.390514 2.766386
outer loop
vertex -52.650129 0.200000 54.305398
vertex -55.306179 2.700000 56.332114
vertex -53.046141 0.200000 53.912128
endloop
endfacet
facet normal -2.586930 -8.330222 2.964876
outer loop
vertex -53.046141 0.200000 53.912128
vertex -55.306179 2.700000 56.332114
vertex -53.477352 0.200000 53.555442
endloop
endfacet
facet normal -3.026725 -7.484859 3.786954
outer loop
vertex -53.477352 0.200000 53.555442
vertex -55.306179 2.700000 56.332114
vertex -55.597884 2.700000 56.092712
endloop
endfacet
facet normal -2.420974 -8.131827 3.470280
outer loop
vertex -53.477352 0.200000 53.555442
vertex -55.597884 2.700000 56.092712
vertex -53.940189 0.200000 53.238296
endloop
endfacet
facet normal -2.620452 -7.402182 4.209727
outer loop
vertex -53.940189 0.200000 53.238296
vertex -55.597884 2.700000 56.092712
vertex -55.919855 2.700000 55.893189
endloop
endfacet
facet normal -2.115358 -8.019274 3.855488
outer loop
vertex -53.940189 0.200000 53.238296
vertex -55.919855 2.700000 55.893189
vertex -54.430816 0.200000 52.963326
endloop
endfacet
facet normal -2.144657 -7.372269 4.552994
outer loop
vertex -54.430816 0.200000 52.963326
vertex -55.919855 2.700000 55.893189
vertex -56.266352 2.700000 55.737103
endloop
endfacet
facet normal -1.249482 -8.465517 2.914625
outer loop
vertex -54.430816 0.200000 52.963326
vertex -56.266352 2.700000 55.737103
vertex -54.945170 0.200000 52.732800
endloop
endfacet
facet normal -0.706685 -8.938452 1.847647
outer loop
vertex -54.945170 0.200000 52.732800
vertex -56.266352 2.700000 55.737103
vertex -55.478989 0.200000 52.548634
endloop
endfacet
facet normal -1.143431 -7.845274 3.673061
outer loop
vertex -55.478989 0.200000 52.548634
vertex -56.266352 2.700000 55.737103
vertex -56.631185 2.700000 55.627244
endloop
endfacet
facet normal -0.492629 -8.900543 2.048458
outer loop
vertex -55.478989 0.200000 52.548634
vertex -56.631185 2.700000 55.627244
vertex -56.027848 0.200000 52.412355
endloop
endfacet
facet normal -0.658504 -7.845382 3.795877
outer loop
vertex -56.027848 0.200000 52.412355
vertex -56.631185 2.700000 55.627244
vertex -57.007851 2.700000 55.565565
endloop
endfacet
facet normal -0.227258 -8.936855 2.043125
outer loop
vertex -56.027848 0.200000 52.412355
vertex -57.007851 2.700000 55.565565
vertex -56.587199 0.200000 52.325089
endloop
endfacet
facet normal -0.209297 -8.936901 2.044358
outer loop
vertex -56.587199 0.200000 52.325089
vertex -57.007851 2.700000 55.565565
vertex -57.152407 0.200000 52.287557
endloop
endfacet
facet normal -0.150321 -7.845478 3.851621
outer loop
vertex -57.152407 0.200000 52.287557
vertex -57.007851 2.700000 55.565565
vertex -57.389623 2.700000 55.553177
endloop
endfacet
facet normal 0.047738 -8.903806 2.004549
outer loop
vertex -57.152407 0.200000 52.287557
vertex -57.389623 2.700000 55.553177
vertex -57.718786 0.200000 52.300074
endloop
endfacet
facet normal 0.341159 -7.848500 3.736714
outer loop
vertex -57.718786 0.200000 52.300074
vertex -57.389623 2.700000 55.553177
vertex -57.769692 2.700000 55.590290
endloop
endfacet
facet normal 0.303910 -8.939922 1.928954
outer loop
vertex -57.718786 0.200000 52.300074
vertex -57.769692 2.700000 55.590290
vertex -58.281648 0.200000 52.362541
endloop
endfacet
facet normal 0.329405 -8.936841 2.028646
outer loop
vertex -58.281648 0.200000 52.362541
vertex -57.769692 2.700000 55.590290
vertex -58.836323 0.200000 52.474428
endloop
endfacet
facet normal 0.853258 -7.845451 3.754447
outer loop
vertex -58.836323 0.200000 52.474428
vertex -57.769692 2.700000 55.590290
vertex -58.141270 2.700000 55.676251
endloop
endfacet
facet normal 0.599620 -8.900572 2.018876
outer loop
vertex -58.836323 0.200000 52.474428
vertex -58.141270 2.700000 55.676251
vertex -59.378232 0.200000 52.634820
endloop
endfacet
facet normal 1.331467 -7.845335 3.606123
outer loop
vertex -59.378232 0.200000 52.634820
vertex -58.141270 2.700000 55.676251
vertex -58.497731 2.700000 55.809520
endloop
endfacet
facet normal 0.830437 -8.936509 1.878329
outer loop
vertex -59.378232 0.200000 52.634820
vertex -58.497731 2.700000 55.809520
vertex -59.902857 0.200000 52.842380
endloop
endfacet
facet normal 0.850873 -8.936054 1.877010
outer loop
vertex -59.902857 0.200000 52.842380
vertex -58.497731 2.700000 55.809520
vertex -60.405871 0.200000 53.095390
endloop
endfacet
facet normal 1.799731 -7.844893 3.392302
outer loop
vertex -60.405871 0.200000 53.095390
vertex -58.497731 2.700000 55.809520
vertex -58.832714 2.700000 55.987726
endloop
endfacet
facet normal 1.112700 -8.899183 1.800712
outer loop
vertex -60.405871 0.200000 53.095390
vertex -58.832714 2.700000 55.987726
vertex -60.883101 0.200000 53.391752
endloop
endfacet
facet normal 2.224972 -7.844529 3.120207
outer loop
vertex -60.883101 0.200000 53.391752
vertex -58.832714 2.700000 55.987726
vertex -59.140240 2.700000 56.207679
endloop
endfacet
facet normal 1.304252 -8.935022 1.602653
outer loop
vertex -60.883101 0.200000 53.391752
vertex -59.140240 2.700000 56.207679
vertex -61.330584 0.200000 53.729019
endloop
endfacet
facet normal 1.332190 -8.933804 1.601282
outer loop
vertex -61.330584 0.200000 53.729019
vertex -59.140240 2.700000 56.207679
vertex -61.744624 0.200000 54.104385
endloop
endfacet
facet normal 2.629629 -7.843303 2.791137
outer loop
vertex -61.744624 0.200000 54.104385
vertex -59.140240 2.700000 56.207679
vertex -59.414821 2.700000 56.465453
endloop
endfacet
facet normal 1.577866 -8.895368 1.465833
outer loop
vertex -61.744624 0.200000 54.104385
vertex -59.414821 2.700000 56.465453
vertex -62.121787 0.200000 54.514747
endloop
endfacet
facet normal 2.975724 -7.842309 2.414508
outer loop
vertex -62.121787 0.200000 54.514747
vertex -59.414821 2.700000 56.465453
vertex -59.651555 2.700000 56.756468
endloop
endfacet
facet normal 1.721108 -8.930952 1.221458
outer loop
vertex -62.121787 0.200000 54.514747
vertex -59.651555 2.700000 56.756468
vertex -62.458947 0.200000 54.956701
endloop
endfacet
facet normal 1.769897 -8.927278 1.219263
outer loop
vertex -62.458947 0.200000 54.956701
vertex -59.651555 2.700000 56.756468
vertex -62.753301 0.200000 55.426585
endloop
endfacet
facet normal 3.302897 -7.838607 1.993098
outer loop
vertex -62.753301 0.200000 55.426585
vertex -59.651555 2.700000 56.756468
vertex -59.846227 2.700000 57.075507
endloop
endfacet
facet normal 2.010991 -8.883392 1.034602
outer loop
vertex -62.753301 0.200000 55.426585
vertex -59.846227 2.700000 57.075507
vertex -63.002427 0.200000 55.920506
endloop
endfacet
facet normal 3.558662 -7.835016 1.537822
outer loop
vertex -63.002427 0.200000 55.920506
vertex -59.846227 2.700000 57.075507
vertex -59.995347 2.700000 57.416890
endloop
endfacet
facet normal 2.117071 -8.916346 0.757517
outer loop
vertex -63.002427 0.200000 55.920506
vertex -59.995347 2.700000 57.416890
vertex -63.204249 0.200000 56.434374
endloop
endfacet
facet normal 1.939577 -8.929666 0.673260
outer loop
vertex -63.204249 0.200000 56.434374
vertex -59.995347 2.700000 57.416890
vertex -63.357096 0.200000 56.963924
endloop
endfacet
facet normal 3.541120 -7.848291 0.973087
outer loop
vertex -63.357096 0.200000 56.963924
vertex -59.995347 2.700000 57.416890
vertex -60.096266 2.700000 57.774517
endloop
endfacet
facet normal 3.257805 -8.281192 0.575414
outer loop
vertex -63.357096 0.200000 56.963924
vertex -60.096266 2.700000 57.774517
vertex -63.459704 0.200000 57.504774
endloop
endfacet
facet normal 5.059387 -7.188105 0.716412
outer loop
vertex -63.459704 0.200000 57.504774
vertex -60.096266 2.700000 57.774517
vertex -60.147177 2.700000 58.142016
endloop
endfacet
facet normal 4.546249 -7.796080 0.394457
outer loop
vertex -63.459704 0.200000 57.504774
vertex -60.147177 2.700000 58.142016
vertex -63.511221 0.200000 58.052442
endloop
endfacet
facet normal 4.922986 -7.363144 0.093260
outer loop
vertex -63.511221 0.200000 58.052442
vertex -60.147177 2.700000 58.142016
vertex -60.147177 2.700000 58.512818
endloop
endfacet
facet normal 4.127976 -8.151624 -0.103053
outer loop
vertex -63.511221 0.200000 58.052442
vertex -60.147177 2.700000 58.512818
vertex -63.511221 0.200000 58.602387
endloop
endfacet
facet normal 3.899542 -8.311328 -0.297143
outer loop
vertex -63.511221 0.200000 58.602387
vertex -60.147177 2.700000 58.512818
vertex -63.459704 0.200000 59.150054
endloop
endfacet
facet normal 4.666649 -7.522923 -0.607962
outer loop
vertex -63.459704 0.200000 59.150054
vertex -60.147177 2.700000 58.512818
vertex -60.096266 2.700000 58.880316
endloop
endfacet
facet normal 3.822566 -8.302477 -0.748835
outer loop
vertex -63.459704 0.200000 59.150054
vertex -60.096266 2.700000 58.880316
vertex -63.357096 0.200000 59.690905
endloop
endfacet
facet normal 4.481003 -7.569644 -1.193764
outer loop
vertex -63.357096 0.200000 59.690905
vertex -60.096266 2.700000 58.880316
vertex -59.995347 2.700000 59.237944
endloop
endfacet
facet normal 3.434299 -8.486907 -1.090782
outer loop
vertex -63.357096 0.200000 59.690905
vertex -59.995347 2.700000 59.237944
vertex -63.204249 0.200000 60.220460
endloop
endfacet
facet normal 3.284036 -8.545104 -1.212102
outer loop
vertex -63.204249 0.200000 60.220460
vertex -59.995347 2.700000 59.237944
vertex -63.002427 0.200000 60.734328
endloop
endfacet
facet normal 4.172728 -7.627897 -1.796248
outer loop
vertex -63.002427 0.200000 60.734328
vertex -59.995347 2.700000 59.237944
vertex -59.846227 2.700000 59.579327
endloop
endfacet
facet normal 3.199092 -8.483548 -1.629666
outer loop
vertex -63.002427 0.200000 60.734328
vertex -59.846227 2.700000 59.579327
vertex -62.753301 0.200000 61.228249
endloop
endfacet
facet normal 3.885207 -7.645806 -2.312718
outer loop
vertex -62.753301 0.200000 61.228249
vertex -59.846227 2.700000 59.579327
vertex -59.651555 2.700000 59.898366
endloop
endfacet
facet normal 2.814335 -8.607334 -1.868375
outer loop
vertex -62.753301 0.200000 61.228249
vertex -59.651555 2.700000 59.898366
vertex -62.458947 0.200000 61.698132
endloop
endfacet
facet normal 2.698981 -8.628526 -1.962855
outer loop
vertex -62.458947 0.200000 61.698132
vertex -59.651555 2.700000 59.898366
vertex -62.121787 0.200000 62.140091
endloop
endfacet
facet normal 3.493159 -7.667038 -2.827609
outer loop
vertex -62.121787 0.200000 62.140091
vertex -59.651555 2.700000 59.898366
vertex -59.414821 2.700000 60.189371
endloop
endfacet
facet normal 2.558216 -8.548921 -2.359509
outer loop
vertex -62.121787 0.200000 62.140091
vertex -59.414821 2.700000 60.189371
vertex -61.744624 0.200000 62.550448
endloop
endfacet
facet normal 3.104915 -7.672088 -3.257572
outer loop
vertex -61.744624 0.200000 62.550448
vertex -59.414821 2.700000 60.189371
vertex -59.140240 2.700000 60.447155
endloop
endfacet
facet normal 2.165378 -8.645530 -2.512457
outer loop
vertex -61.744624 0.200000 62.550448
vertex -59.140240 2.700000 60.447155
vertex -61.330584 0.200000 62.925815
endloop
endfacet
facet normal 2.061720 -8.646201 -2.601285
outer loop
vertex -61.330584 0.200000 62.925815
vertex -59.140240 2.700000 60.447155
vertex -60.883101 0.200000 63.263077
endloop
endfacet
facet normal 2.625868 -7.672776 -3.675711
outer loop
vertex -60.883101 0.200000 63.263077
vertex -59.140240 2.700000 60.447155
vertex -58.832714 2.700000 60.667113
endloop
endfacet
facet normal 1.849549 -8.551039 -2.974696
outer loop
vertex -60.883101 0.200000 63.263077
vertex -58.832714 2.700000 60.667113
vertex -60.405871 0.200000 63.559444
endloop
endfacet
facet normal 2.151254 -7.668496 -4.000534
outer loop
vertex -60.405871 0.200000 63.559444
vertex -58.832714 2.700000 60.667113
vertex -58.497731 2.700000 60.845308
endloop
endfacet
facet normal 1.447480 -8.631725 -3.050736
outer loop
vertex -60.405871 0.200000 63.559444
vertex -58.497731 2.700000 60.845308
vertex -59.902857 0.200000 63.812454
endloop
endfacet
facet normal 1.337708 -8.612342 -3.149214
outer loop
vertex -59.902857 0.200000 63.812454
vertex -58.497731 2.700000 60.845308
vertex -59.378232 0.200000 64.020014
endloop
endfacet
facet normal 1.594516 -7.649115 -4.313430
outer loop
vertex -59.378232 0.200000 64.020014
vertex -58.497731 2.700000 60.845308
vertex -58.141270 2.700000 60.978578
endloop
endfacet
facet normal 1.045588 -8.491390 -3.498447
outer loop
vertex -59.378232 0.200000 64.020014
vertex -58.141270 2.700000 60.978578
vertex -58.836323 0.200000 64.180406
endloop
endfacet
facet normal 1.053823 -7.632522 -4.521097
outer loop
vertex -58.836323 0.200000 64.180406
vertex -58.141270 2.700000 60.978578
vertex -57.769692 2.700000 61.064539
endloop
endfacet
facet normal 0.634212 -8.554788 -3.512709
outer loop
vertex -58.836323 0.200000 64.180406
vertex -57.769692 2.700000 61.064539
vertex -58.281648 0.200000 64.292293
endloop
endfacet
facet normal 0.429472 -8.766946 -2.759125
outer loop
vertex -58.281648 0.200000 64.292293
vertex -57.769692 2.700000 61.064539
vertex -57.718786 0.200000 64.354755
endloop
endfacet
facet normal 0.362825 -7.844659 -3.851557
outer loop
vertex -57.718786 0.200000 64.354755
vertex -57.769692 2.700000 61.064539
vertex -57.389623 2.700000 61.101657
endloop
endfacet
facet normal 0.040886 -8.610621 -3.056321
outer loop
vertex -57.718786 0.200000 64.354755
vertex -57.389623 2.700000 61.101657
vertex -57.152407 0.200000 64.367277
endloop
endfacet
facet normal -0.160361 -7.556200 -4.787965
outer loop
vertex -57.152407 0.200000 64.367277
vertex -57.389623 2.700000 61.101657
vertex -57.007851 2.700000 61.089264
endloop
endfacet
facet normal -0.311639 -8.459053 -3.743613
outer loop
vertex -57.152407 0.200000 64.367277
vertex -57.007851 2.700000 61.089264
vertex -56.587199 0.200000 64.329745
endloop
endfacet
facet normal -0.465119 -8.510995 -3.632332
outer loop
vertex -56.587199 0.200000 64.329745
vertex -57.007851 2.700000 61.089264
vertex -56.027848 0.200000 64.242478
endloop
endfacet
facet normal -0.804274 -7.608104 -4.624277
outer loop
vertex -56.027848 0.200000 64.242478
vertex -57.007851 2.700000 61.089264
vertex -56.631185 2.700000 61.027590
endloop
endfacet
facet normal -0.874040 -8.441568 -3.650689
outer loop
vertex -56.027848 0.200000 64.242478
vertex -56.631185 2.700000 61.027590
vertex -55.478989 0.200000 64.106199
endloop
endfacet
facet normal -1.361108 -7.623677 -4.451387
outer loop
vertex -55.478989 0.200000 64.106199
vertex -56.631185 2.700000 61.027590
vertex -56.266352 2.700000 60.917731
endloop
endfacet
facet normal -1.206217 -8.566114 -3.317688
outer loop
vertex -55.478989 0.200000 64.106199
vertex -56.266352 2.700000 60.917731
vertex -54.945170 0.200000 63.922034
endloop
endfacet
facet normal -1.331840 -8.583330 -3.228319
outer loop
vertex -54.945170 0.200000 63.922034
vertex -56.266352 2.700000 60.917731
vertex -54.430816 0.200000 63.691507
endloop
endfacet
facet normal -1.945917 -7.640835 -4.176938
outer loop
vertex -54.430816 0.200000 63.691507
vertex -56.266352 2.700000 60.917731
vertex -55.919855 2.700000 60.761644
endloop
endfacet
facet normal -1.740290 -8.494144 -3.185105
outer loop
vertex -54.430816 0.200000 63.691507
vertex -55.919855 2.700000 60.761644
vertex -53.940189 0.200000 63.416532
endloop
endfacet
facet normal -2.426153 -7.608528 -3.925932
outer loop
vertex -53.940189 0.200000 63.416532
vertex -55.919855 2.700000 60.761644
vertex -55.597884 2.700000 60.562121
endloop
endfacet
facet normal -2.066640 -8.496015 -2.966179
outer loop
vertex -53.940189 0.200000 63.416532
vertex -55.597884 2.700000 60.562121
vertex -53.477352 0.200000 63.099392
endloop
endfacet
facet normal -2.849864 -7.642667 -3.579011
outer loop
vertex -53.477352 0.200000 63.099392
vertex -55.597884 2.700000 60.562121
vertex -55.306179 2.700000 60.322720
endloop
endfacet
facet normal -2.274043 -8.588319 -2.595404
outer loop
vertex -53.477352 0.200000 63.099392
vertex -55.306179 2.700000 60.322720
vertex -53.046141 0.200000 62.742706
endloop
endfacet
facet normal -2.398879 -8.575446 -2.510222
outer loop
vertex -53.046141 0.200000 62.742706
vertex -55.306179 2.700000 60.322720
vertex -52.650129 0.200000 62.349436
endloop
endfacet
facet normal -3.332120 -7.629858 -3.143913
outer loop
vertex -52.650129 0.200000 62.349436
vertex -55.306179 2.700000 60.322720
vertex -55.049949 2.700000 60.047710
endloop
endfacet
facet normal -2.821806 -8.456783 -2.337943
outer loop
vertex -52.650129 0.200000 62.349436
vertex -55.049949 2.700000 60.047710
vertex -52.292601 0.200000 61.922834
endloop
endfacet
facet normal -3.714786 -7.617060 -2.694942
outer loop
vertex -52.292601 0.200000 61.922834
vertex -55.049949 2.700000 60.047710
vertex -54.833764 2.700000 59.742005
endloop
endfacet
facet normal -2.969798 -8.530406 -1.942061
outer loop
vertex -52.292601 0.200000 61.922834
vertex -54.833764 2.700000 59.742005
vertex -51.976512 0.200000 61.466445
endloop
endfacet
facet normal -3.119998 -8.486593 -1.842265
outer loop
vertex -51.976512 0.200000 61.466445
vertex -54.833764 2.700000 59.742005
vertex -51.704493 0.200000 60.984039
endloop
endfacet
facet normal -4.119022 -7.573293 -2.159814
outer loop
vertex -51.704493 0.200000 60.984039
vertex -54.833764 2.700000 59.742005
vertex -54.661488 2.700000 59.411052
endloop
endfacet
facet normal -3.546086 -8.321720 -1.571716
outer loop
vertex -51.704493 0.200000 60.984039
vertex -54.661488 2.700000 59.411052
vertex -51.478785 0.200000 60.479624
endloop
endfacet
facet normal -4.406115 -7.538619 -1.623622
outer loop
vertex -51.478785 0.200000 60.479624
vertex -54.661488 2.700000 59.411052
vertex -54.536186 2.700000 59.060765
endloop
endfacet
facet normal -2.829788 -8.628307 -0.907770
outer loop
vertex -51.478785 0.200000 60.479624
vertex -54.536186 2.700000 59.060765
vertex -51.301269 0.200000 59.957374
endloop
endfacet
facet normal -2.561942 -8.793439 -0.670734
outer loop
vertex -51.301269 0.200000 59.957374
vertex -54.536186 2.700000 59.060765
vertex -51.173405 0.200000 59.421616
endloop
endfacet
facet normal -4.270575 -7.703775 -0.897294
outer loop
vertex -51.173405 0.200000 59.421616
vertex -54.536186 2.700000 59.060765
vertex -54.460096 2.700000 58.697392
endloop
endfacet
facet normal -3.259955 -8.611613 -0.460329
outer loop
vertex -51.173405 0.200000 59.421616
vertex -54.460096 2.700000 58.697392
vertex -51.096263 0.200000 58.876794
endloop
endfacet
facet normal -4.360887 -7.698065 -0.325009
outer loop
vertex -51.096263 0.200000 58.876794
vertex -54.460096 2.700000 58.697392
vertex -54.434584 2.700000 58.327417
endloop
endfacet
facet normal -1.980021 4.422838 0.264929
outer loop
vertex -54.460096 3.000000 57.957442
vertex -54.460096 2.700000 57.957442
vertex -54.434584 3.000000 58.327417
endloop
endfacet
facet normal -3.710280 -1.183709 0.249118
outer loop
vertex -54.434584 3.000000 58.327417
vertex -54.460096 2.700000 57.957442
vertex -54.434584 2.700000 58.327417
endloop
endfacet
facet normal -1.945199 4.389074 -0.007050
outer loop
vertex -54.434584 3.000000 58.327417
vertex -54.434584 2.700000 58.327417
vertex -54.460096 3.000000 58.697392
endloop
endfacet
facet normal -3.680706 -1.182667 -0.266802
outer loop
vertex -54.460096 3.000000 58.697392
vertex -54.434584 2.700000 58.327417
vertex -54.460096 2.700000 58.697392
endloop
endfacet
facet normal -1.879867 4.425646 -0.266479
outer loop
vertex -54.460096 3.000000 58.697392
vertex -54.460096 2.700000 58.697392
vertex -54.536186 3.000000 59.060765
endloop
endfacet
facet normal -3.570668 -1.181914 -0.761650
outer loop
vertex -54.536186 3.000000 59.060765
vertex -54.460096 2.700000 58.697392
vertex -54.536186 2.700000 59.060765
endloop
endfacet
facet normal -1.910797 4.383848 -0.568245
outer loop
vertex -54.536186 3.000000 59.060765
vertex -54.536186 2.700000 59.060765
vertex -54.661488 3.000000 59.411052
endloop
endfacet
facet normal -3.585969 -1.189652 -1.312927
outer loop
vertex -54.661488 3.000000 59.411052
vertex -54.536186 2.700000 59.060765
vertex -54.661488 2.700000 59.411052
endloop
endfacet
facet normal -1.975907 4.412273 -0.889188
outer loop
vertex -54.661488 3.000000 59.411052
vertex -54.661488 2.700000 59.411052
vertex -54.833764 3.000000 59.742005
endloop
endfacet
facet normal -3.368989 -1.188266 -1.787982
outer loop
vertex -54.833764 3.000000 59.742005
vertex -54.661488 2.700000 59.411052
vertex -54.833764 2.700000 59.742005
endloop
endfacet
facet normal -1.798739 4.379663 -1.129820
outer loop
vertex -54.833764 3.000000 59.742005
vertex -54.833764 2.700000 59.742005
vertex -55.049949 3.000000 60.047710
endloop
endfacet
facet normal -3.095712 -1.187411 -2.234773
outer loop
vertex -55.049949 3.000000 60.047710
vertex -54.833764 2.700000 59.742005
vertex -55.049949 2.700000 60.047710
endloop
endfacet
facet normal -1.643229 4.415770 -1.371198
outer loop
vertex -55.049949 3.000000 60.047710
vertex -55.049949 2.700000 60.047710
vertex -55.306179 3.000000 60.322720
endloop
endfacet
facet normal -2.772616 -1.186955 -2.637336
outer loop
vertex -55.306179 3.000000 60.322720
vertex -55.049949 2.700000 60.047710
vertex -55.306179 2.700000 60.322720
endloop
endfacet
facet normal -1.424387 4.381564 -1.565033
outer loop
vertex -55.306179 3.000000 60.322720
vertex -55.306179 2.700000 60.322720
vertex -55.597884 3.000000 60.562121
endloop
endfacet
facet normal -2.399897 -1.186706 -2.997763
outer loop
vertex -55.597884 3.000000 60.562121
vertex -55.306179 2.700000 60.322720
vertex -55.597884 2.700000 60.562121
endloop
endfacet
facet normal -1.223787 4.416612 -1.763679
outer loop
vertex -55.597884 3.000000 60.562121
vertex -55.597884 2.700000 60.562121
vertex -55.919855 3.000000 60.761644
endloop
endfacet
facet normal -2.033267 -1.151863 -3.304680
outer loop
vertex -55.919855 3.000000 60.761644
vertex -55.597884 2.700000 60.562121
vertex -55.919855 2.700000 60.761644
endloop
endfacet
facet normal -1.012893 4.416273 -1.905099
outer loop
vertex -55.919855 3.000000 60.761644
vertex -55.919855 2.700000 60.761644
vertex -56.266352 3.000000 60.917731
endloop
endfacet
facet normal -1.611407 -1.187083 -3.518184
outer loop
vertex -56.266352 3.000000 60.917731
vertex -55.919855 2.700000 60.761644
vertex -56.266352 2.700000 60.917731
endloop
endfacet
facet normal -0.756557 4.380501 -2.013209
outer loop
vertex -56.266352 3.000000 60.917731
vertex -56.266352 2.700000 60.917731
vertex -56.631185 3.000000 61.027590
endloop
endfacet
facet normal -1.136415 -1.187712 -3.716651
outer loop
vertex -56.631185 3.000000 61.027590
vertex -56.266352 2.700000 60.917731
vertex -56.631185 2.700000 61.027590
endloop
endfacet
facet normal -0.489448 4.413804 -2.144738
outer loop
vertex -56.631185 3.000000 61.027590
vertex -56.631185 2.700000 61.027590
vertex -57.007851 3.000000 61.089264
endloop
endfacet
facet normal -0.644375 -1.188697 -3.853062
outer loop
vertex -57.007851 3.000000 61.089264
vertex -56.631185 2.700000 61.027590
vertex -57.007851 2.700000 61.089264
endloop
endfacet
facet normal -0.209551 4.376261 -2.199306
outer loop
vertex -57.007851 3.000000 61.089264
vertex -57.007851 2.700000 61.089264
vertex -57.389623 3.000000 61.101657
endloop
endfacet
facet normal -0.132573 -1.190429 -3.925758
outer loop
vertex -57.389623 3.000000 61.101657
vertex -57.007851 2.700000 61.089264
vertex -57.389623 2.700000 61.101657
endloop
endfacet
facet normal 0.060578 4.417912 -2.078501
outer loop
vertex -57.389623 3.000000 61.101657
vertex -57.389623 2.700000 61.101657
vertex -57.769692 3.000000 61.064539
endloop
endfacet
facet normal 0.354728 -1.181897 -3.735944
outer loop
vertex -57.769692 3.000000 61.064539
vertex -57.389623 2.700000 61.101657
vertex -57.769692 2.700000 61.064539
endloop
endfacet
facet normal 0.334403 4.386646 -1.981481
outer loop
vertex -57.769692 3.000000 61.064539
vertex -57.769692 2.700000 61.064539
vertex -58.141270 3.000000 60.978578
endloop
endfacet
facet normal 0.877208 -1.186897 -3.778833
outer loop
vertex -58.141270 3.000000 60.978578
vertex -57.769692 2.700000 61.064539
vertex -58.141270 2.700000 60.978578
endloop
endfacet
facet normal 0.632376 4.416996 -2.059711
outer loop
vertex -58.141270 3.000000 60.978578
vertex -58.141270 2.700000 60.978578
vertex -58.497731 3.000000 60.845308
endloop
endfacet
facet normal 1.357919 -1.186354 -3.616958
outer loop
vertex -58.497731 3.000000 60.845308
vertex -58.141270 2.700000 60.978578
vertex -58.497731 2.700000 60.845308
endloop
endfacet
facet normal 0.878418 4.383029 -1.921427
outer loop
vertex -58.497731 3.000000 60.845308
vertex -58.497731 2.700000 60.845308
vertex -58.832714 3.000000 60.667113
endloop
endfacet
facet normal 1.817933 -1.186072 -3.390807
outer loop
vertex -58.832714 3.000000 60.667113
vertex -58.497731 2.700000 60.845308
vertex -58.832714 2.700000 60.667113
endloop
endfacet
facet normal 1.132242 4.418179 -1.797653
outer loop
vertex -58.832714 3.000000 60.667113
vertex -58.832714 2.700000 60.667113
vertex -59.140240 3.000000 60.447155
endloop
endfacet
facet normal 2.241882 -1.185982 -3.108395
outer loop
vertex -59.140240 3.000000 60.447155
vertex -58.832714 2.700000 60.667113
vertex -59.140240 2.700000 60.447155
endloop
endfacet
facet normal 1.341303 4.383382 -1.606080
outer loop
vertex -59.140240 3.000000 60.447155
vertex -59.140240 2.700000 60.447155
vertex -59.414821 3.000000 60.189371
endloop
endfacet
facet normal 2.630390 -1.186066 -2.768678
outer loop
vertex -59.414821 3.000000 60.189371
vertex -59.140240 2.700000 60.447155
vertex -59.414821 2.700000 60.189371
endloop
endfacet
facet normal 1.560775 4.417776 -1.426208
outer loop
vertex -59.414821 3.000000 60.189371
vertex -59.414821 2.700000 60.189371
vertex -59.651555 3.000000 59.898366
endloop
endfacet
facet normal 2.970243 -1.186364 -2.383202
outer loop
vertex -59.651555 3.000000 59.898366
vertex -59.414821 2.700000 60.189371
vertex -59.651555 2.700000 59.898366
endloop
endfacet
facet normal 1.724420 4.382115 -1.188462
outer loop
vertex -59.651555 3.000000 59.898366
vertex -59.651555 2.700000 59.898366
vertex -59.846227 3.000000 59.579327
endloop
endfacet
facet normal 3.262947 -1.186890 -1.951581
outer loop
vertex -59.846227 3.000000 59.579327
vertex -59.651555 2.700000 59.898366
vertex -59.846227 2.700000 59.579327
endloop
endfacet
facet normal 1.902761 4.415416 -0.960200
outer loop
vertex -59.846227 3.000000 59.579327
vertex -59.846227 2.700000 59.579327
vertex -59.995347 3.000000 59.237944
endloop
endfacet
facet normal 3.498657 -1.187849 -1.487918
outer loop
vertex -59.995347 3.000000 59.237944
vertex -59.846227 2.700000 59.579327
vertex -59.995347 2.700000 59.237944
endloop
endfacet
facet normal 2.019614 4.377975 -0.685661
outer loop
vertex -59.995347 3.000000 59.237944
vertex -59.995347 2.700000 59.237944
vertex -60.096266 3.000000 58.880316
endloop
endfacet
facet normal 3.681007 -1.189443 -0.991479
outer loop
vertex -60.096266 3.000000 58.880316
vertex -59.995347 2.700000 59.237944
vertex -60.096266 2.700000 58.880316
endloop
endfacet
facet normal 2.162038 4.408208 -0.415754
outer loop
vertex -60.096266 3.000000 58.880316
vertex -60.096266 2.700000 58.880316
vertex -60.147177 3.000000 58.512818
endloop
endfacet
facet normal 3.806117 -1.192439 -0.477166
outer loop
vertex -60.147177 3.000000 58.512818
vertex -60.096266 2.700000 58.880316
vertex -60.147177 2.700000 58.512818
endloop
endfacet
facet normal 2.253590 4.364173 -0.106424
outer loop
vertex -60.147177 3.000000 58.512818
vertex -60.147177 2.700000 58.512818
vertex -60.147177 3.000000 58.142016
endloop
endfacet
facet normal 3.885095 -1.198520 0.059534
outer loop
vertex -60.147177 3.000000 58.142016
vertex -60.147177 2.700000 58.512818
vertex -60.147177 2.700000 58.142016
endloop
endfacet
facet normal 2.083819 4.409789 0.160426
outer loop
vertex -60.147177 3.000000 58.142016
vertex -60.147177 2.700000 58.142016
vertex -60.096266 3.000000 57.774517
endloop
endfacet
facet normal 3.634848 -1.146860 0.516106
outer loop
vertex -60.096266 3.000000 57.774517
vertex -60.147177 2.700000 58.142016
vertex -60.096266 2.700000 57.774517
endloop
endfacet
facet normal 1.916775 4.422829 0.405093
outer loop
vertex -60.096266 3.000000 57.774517
vertex -60.096266 2.700000 57.774517
vertex -59.995347 3.000000 57.416890
endloop
endfacet
facet normal 3.624629 -1.185516 1.003073
outer loop
vertex -59.995347 3.000000 57.416890
vertex -60.096266 2.700000 57.774517
vertex -59.995347 2.700000 57.416890
endloop
endfacet
facet normal 1.907353 4.385714 0.676398
outer loop
vertex -59.995347 3.000000 57.416890
vertex -59.995347 2.700000 57.416890
vertex -59.846227 3.000000 57.075507
endloop
endfacet
facet normal 3.436073 -1.184131 1.487179
outer loop
vertex -59.846227 3.000000 57.075507
vertex -59.995347 2.700000 57.416890
vertex -59.846227 2.700000 57.075507
endloop
endfacet
facet normal 1.785672 4.422632 0.931159
outer loop
vertex -59.846227 3.000000 57.075507
vertex -59.846227 2.700000 57.075507
vertex -59.651555 3.000000 56.756468
endloop
endfacet
facet normal 3.200166 -1.183467 1.940297
outer loop
vertex -59.651555 3.000000 56.756468
vertex -59.846227 2.700000 57.075507
vertex -59.651555 2.700000 56.756468
endloop
endfacet
facet normal 1.611815 4.388817 1.138254
outer loop
vertex -59.651555 3.000000 56.756468
vertex -59.651555 2.700000 56.756468
vertex -59.414821 3.000000 56.465453
endloop
endfacet
facet normal 2.908781 -1.183140 2.361834
outer loop
vertex -59.414821 3.000000 56.465453
vertex -59.651555 2.700000 56.756468
vertex -59.414821 2.700000 56.465453
endloop
endfacet
facet normal 1.452947 4.424180 1.359793
outer loop
vertex -59.414821 3.000000 56.465453
vertex -59.414821 2.700000 56.465453
vertex -59.140240 3.000000 56.207679
endloop
endfacet
facet normal 2.571653 -1.182924 2.737772
outer loop
vertex -59.140240 3.000000 56.207679
vertex -59.414821 2.700000 56.465453
vertex -59.140240 2.700000 56.207679
endloop
endfacet
facet normal 1.242597 4.389729 1.520196
outer loop
vertex -59.140240 3.000000 56.207679
vertex -59.140240 2.700000 56.207679
vertex -58.832714 3.000000 55.987726
endloop
endfacet
facet normal 2.186158 -1.182800 3.067163
outer loop
vertex -58.832714 3.000000 55.987726
vertex -59.140240 2.700000 56.207679
vertex -58.832714 2.700000 55.987726
endloop
endfacet
facet normal 1.040487 4.424730 1.694255
outer loop
vertex -58.832714 3.000000 55.987726
vertex -58.832714 2.700000 55.987726
vertex -58.497731 3.000000 55.809520
endloop
endfacet
facet normal 1.766332 -1.182709 3.338888
outer loop
vertex -58.497731 3.000000 55.809520
vertex -58.832714 2.700000 55.987726
vertex -58.497731 2.700000 55.809520
endloop
endfacet
facet normal 0.798772 4.390090 1.796060
outer loop
vertex -58.497731 3.000000 55.809520
vertex -58.497731 2.700000 55.809520
vertex -58.141270 3.000000 55.676251
endloop
endfacet
facet normal 1.311157 -1.182642 3.552448
outer loop
vertex -58.141270 3.000000 55.676251
vertex -58.497731 2.700000 55.809520
vertex -58.141270 2.700000 55.676251
endloop
endfacet
facet normal 0.563044 4.424968 1.910961
outer loop
vertex -58.141270 3.000000 55.676251
vertex -58.141270 2.700000 55.676251
vertex -57.769692 3.000000 55.590290
endloop
endfacet
facet normal 0.836992 -1.182604 3.700208
outer loop
vertex -57.769692 3.000000 55.590290
vertex -58.141270 2.700000 55.676251
vertex -57.769692 2.700000 55.590290
endloop
endfacet
facet normal 0.303327 4.390230 1.945889
outer loop
vertex -57.769692 3.000000 55.590290
vertex -57.769692 2.700000 55.590290
vertex -57.389623 3.000000 55.553177
endloop
endfacet
facet normal 0.343499 -1.182557 3.782478
outer loop
vertex -57.389623 3.000000 55.553177
vertex -57.769692 2.700000 55.590290
vertex -57.389623 2.700000 55.553177
endloop
endfacet
facet normal 0.048780 4.425062 1.994143
outer loop
vertex -57.389623 3.000000 55.553177
vertex -57.389623 2.700000 55.553177
vertex -57.007851 3.000000 55.565565
endloop
endfacet
facet normal -0.151619 -1.182552 3.795451
outer loop
vertex -57.007851 3.000000 55.565565
vertex -57.389623 2.700000 55.553177
vertex -57.007851 2.700000 55.565565
endloop
endfacet
facet normal -0.212385 4.390237 1.958556
outer loop
vertex -57.007851 3.000000 55.565565
vertex -57.007851 2.700000 55.565565
vertex -56.631185 3.000000 55.627244
endloop
endfacet
facet normal -0.648710 -1.182515 3.740421
outer loop
vertex -56.631185 3.000000 55.627244
vertex -57.007851 2.700000 55.565565
vertex -56.631185 2.700000 55.627244
endloop
endfacet
facet normal -0.469007 4.425056 1.937557
outer loop
vertex -56.631185 3.000000 55.627244
vertex -56.631185 2.700000 55.627244
vertex -56.266352 3.000000 55.737103
endloop
endfacet
facet normal -1.129603 -1.182541 3.617616
outer loop
vertex -56.266352 3.000000 55.737103
vertex -56.631185 2.700000 55.627244
vertex -56.266352 2.700000 55.737103
endloop
endfacet
facet normal -0.707415 4.390503 1.819139
outer loop
vertex -56.266352 3.000000 55.737103
vertex -56.266352 2.700000 55.737103
vertex -55.919855 3.000000 55.893189
endloop
endfacet
facet normal -1.588310 -1.182137 3.415416
outer loop
vertex -55.919855 3.000000 55.893189
vertex -56.266352 2.700000 55.737103
vertex -55.919855 2.700000 55.893189
endloop
endfacet
facet normal -0.949867 4.425291 1.731692
outer loop
vertex -55.919855 3.000000 55.893189
vertex -55.919855 2.700000 55.893189
vertex -55.597884 3.000000 56.092712
endloop
endfacet
facet normal -2.011308 -1.147750 3.223508
outer loop
vertex -55.597884 3.000000 56.092712
vertex -55.919855 2.700000 55.893189
vertex -55.597884 2.700000 56.092712
endloop
endfacet
facet normal -1.116369 4.425636 1.580365
outer loop
vertex -55.597884 3.000000 56.092712
vertex -55.597884 2.700000 56.092712
vertex -55.306179 3.000000 56.332114
endloop
endfacet
facet normal -2.331263 -1.181828 2.883257
outer loop
vertex -55.306179 3.000000 56.332114
vertex -55.597884 2.700000 56.092712
vertex -55.306179 2.700000 56.332114
endloop
endfacet
facet normal -1.381030 4.383976 1.465621
outer loop
vertex -55.306179 3.000000 56.332114
vertex -55.306179 2.700000 56.332114
vertex -55.049949 3.000000 56.607113
endloop
endfacet
facet normal -2.812787 -1.189526 2.637715
outer loop
vertex -55.049949 3.000000 56.607113
vertex -55.306179 2.700000 56.332114
vertex -55.049949 2.700000 56.607113
endloop
endfacet
facet normal -1.701389 4.411802 1.374034
outer loop
vertex -55.049949 3.000000 56.607113
vertex -55.049949 2.700000 56.607113
vertex -54.833764 3.000000 56.912828
endloop
endfacet
facet normal -3.125204 -1.188895 2.222344
outer loop
vertex -54.833764 3.000000 56.912828
vertex -55.049949 2.700000 56.607113
vertex -54.833764 2.700000 56.912828
endloop
endfacet
facet normal -1.833621 4.377835 1.112850
outer loop
vertex -54.833764 3.000000 56.912828
vertex -54.833764 2.700000 56.912828
vertex -54.661488 3.000000 57.243777
endloop
endfacet
facet normal -3.384948 -1.188678 1.765176
outer loop
vertex -54.661488 3.000000 57.243777
vertex -54.833764 2.700000 56.912828
vertex -54.661488 2.700000 57.243777
endloop
endfacet
facet normal -1.908990 4.417912 0.830442
outer loop
vertex -54.661488 3.000000 57.243777
vertex -54.661488 2.700000 57.243777
vertex -54.536186 3.000000 57.594064
endloop
endfacet
facet normal -3.510348 -1.183653 1.259476
outer loop
vertex -54.536186 3.000000 57.594064
vertex -54.661488 2.700000 57.243777
vertex -54.536186 2.700000 57.594064
endloop
endfacet
facet normal -1.902752 4.388099 0.532566
outer loop
vertex -54.536186 3.000000 57.594064
vertex -54.536186 2.700000 57.594064
vertex -54.460096 3.000000 57.957442
endloop
endfacet
facet normal -3.643725 -1.183696 0.758918
outer loop
vertex -54.460096 3.000000 57.957442
vertex -54.536186 2.700000 57.594064
vertex -54.460096 2.700000 57.957442
endloop
endfacet
facet normal -0.191195 6.895268 4.784687
outer loop
vertex -66.145033 -4.500000 113.190079
vertex -66.145033 3.000000 113.190079
vertex -66.672620 -4.500000 113.164925
endloop
endfacet
facet normal -0.460660 4.752039 6.388956
outer loop
vertex -66.672620 -4.500000 113.164925
vertex -66.145033 3.000000 113.190079
vertex -66.672620 3.000000 113.164925
endloop
endfacet
facet normal -0.867072 3.460611 7.113628
outer loop
vertex -66.672620 -4.500000 113.164925
vertex -66.672620 3.000000 113.164925
vertex -67.195120 -4.500000 113.089682
endloop
endfacet
facet normal -1.179118 3.262979 7.114809
outer loop
vertex -67.195120 -4.500000 113.089682
vertex -66.672620 3.000000 113.164925
vertex -67.195120 3.000000 113.089682
endloop
endfacet
facet normal -1.516292 3.751011 6.889871
outer loop
vertex -67.195120 -4.500000 113.089682
vertex -67.195120 3.000000 113.089682
vertex -67.707513 -4.500000 112.965098
endloop
endfacet
facet normal -1.844352 3.238370 6.942813
outer loop
vertex -67.707513 -4.500000 112.965098
vertex -67.195120 3.000000 113.089682
vertex -67.707513 3.000000 112.965098
endloop
endfacet
facet normal -2.132448 3.972106 6.606544
outer loop
vertex -67.707513 -4.500000 112.965098
vertex -67.707513 3.000000 112.965098
vertex -68.204855 -4.500000 112.792348
endloop
endfacet
facet normal -2.488028 3.180785 6.704316
outer loop
vertex -68.204855 -4.500000 112.792348
vertex -67.707513 3.000000 112.965098
vertex -68.204855 3.000000 112.792348
endloop
endfacet
facet normal -2.713076 4.131568 6.273709
outer loop
vertex -68.204855 -4.500000 112.792348
vertex -68.204855 3.000000 112.792348
vertex -68.682362 -4.500000 112.573128
endloop
endfacet
facet normal -3.104821 3.096437 6.404055
outer loop
vertex -68.682362 -4.500000 112.573128
vertex -68.204855 3.000000 112.792348
vertex -68.682362 3.000000 112.573128
endloop
endfacet
facet normal -3.257553 4.237511 5.898834
outer loop
vertex -68.682362 -4.500000 112.573128
vertex -68.682362 3.000000 112.573128
vertex -69.135430 -4.500000 112.309509
endloop
endfacet
facet normal -3.690221 2.991458 6.046337
outer loop
vertex -69.135430 -4.500000 112.309509
vertex -68.682362 3.000000 112.573128
vertex -69.135430 3.000000 112.309509
endloop
endfacet
facet normal -3.765838 4.297508 5.487434
outer loop
vertex -69.135430 -4.500000 112.309509
vertex -69.135430 3.000000 112.309509
vertex -69.559701 -4.500000 112.004064
endloop
endfacet
facet normal -4.239986 2.871535 5.635378
outer loop
vertex -69.559701 -4.500000 112.004064
vertex -69.135430 3.000000 112.309509
vertex -69.559701 3.000000 112.004064
endloop
endfacet
facet normal -4.238378 4.318064 5.043334
outer loop
vertex -69.559701 -4.500000 112.004064
vertex -69.559701 3.000000 112.004064
vertex -69.951088 -4.500000 111.659711
endloop
endfacet
facet normal -4.750606 2.741594 5.175180
outer loop
vertex -69.951088 -4.500000 111.659711
vertex -69.559701 3.000000 112.004064
vertex -69.951088 3.000000 111.659711
endloop
endfacet
facet normal -4.675689 4.304307 4.569174
outer loop
vertex -69.951088 -4.500000 111.659711
vertex -69.951088 3.000000 111.659711
vertex -70.305819 -4.500000 111.279780
endloop
endfacet
facet normal -5.218854 2.605688 4.669855
outer loop
vertex -70.305819 -4.500000 111.279780
vertex -69.951088 3.000000 111.659711
vertex -70.305819 3.000000 111.279780
endloop
endfacet
facet normal -5.078104 4.259940 4.066759
outer loop
vertex -70.305819 -4.500000 111.279780
vertex -70.305819 3.000000 111.279780
vertex -70.620475 -4.500000 110.867928
endloop
endfacet
facet normal -5.641958 2.466942 4.123497
outer loop
vertex -70.620475 -4.500000 110.867928
vertex -70.305819 3.000000 111.279780
vertex -70.620475 3.000000 110.867928
endloop
endfacet
facet normal -5.445744 4.187164 3.537234
outer loop
vertex -70.620475 -4.500000 110.867928
vertex -70.620475 3.000000 110.867928
vertex -70.892037 -4.500000 110.428122
endloop
endfacet
facet normal -6.017540 2.327498 3.540141
outer loop
vertex -70.892037 -4.500000 110.428122
vertex -70.620475 3.000000 110.867928
vertex -70.892037 3.000000 110.428122
endloop
endfacet
facet normal -5.778400 4.086702 2.981144
outer loop
vertex -70.892037 -4.500000 110.428122
vertex -70.892037 3.000000 110.428122
vertex -71.117878 -4.500000 109.964596
endloop
endfacet
facet normal -6.343514 2.188537 2.923674
outer loop
vertex -71.117878 -4.500000 109.964596
vertex -70.892037 3.000000 110.428122
vertex -71.117878 3.000000 109.964596
endloop
endfacet
facet normal -6.075283 3.957779 2.398715
outer loop
vertex -71.117878 -4.500000 109.964596
vertex -71.117878 3.000000 109.964596
vertex -71.295832 -4.500000 109.481807
endloop
endfacet
facet normal -6.617880 2.050242 2.277985
outer loop
vertex -71.295832 -4.500000 109.481807
vertex -71.117878 3.000000 109.964596
vertex -71.295832 3.000000 109.481807
endloop
endfacet
facet normal -6.334840 3.798156 1.789960
outer loop
vertex -71.295832 -4.500000 109.481807
vertex -71.295832 3.000000 109.481807
vertex -71.424177 -4.500000 108.984418
endloop
endfacet
facet normal -6.838614 1.911877 1.606809
outer loop
vertex -71.424177 -4.500000 108.984418
vertex -71.295832 3.000000 109.481807
vertex -71.424177 3.000000 108.984418
endloop
endfacet
facet normal -6.554503 3.604121 1.154823
outer loop
vertex -71.424177 -4.500000 108.984418
vertex -71.424177 3.000000 108.984418
vertex -71.501684 -4.500000 108.477212
endloop
endfacet
facet normal -7.003445 1.771741 0.913889
outer loop
vertex -71.501684 -4.500000 108.477212
vertex -71.424177 3.000000 108.984418
vertex -71.501684 3.000000 108.477212
endloop
endfacet
facet normal -6.451098 3.912079 0.457332
outer loop
vertex -71.501684 -4.500000 108.477212
vertex -71.501684 3.000000 108.477212
vertex -71.527602 -4.500000 107.965063
endloop
endfacet
facet normal -6.034140 4.617676 0.208929
outer loop
vertex -71.527602 -4.500000 107.965063
vertex -71.501684 3.000000 108.477212
vertex -71.527602 3.000000 107.965063
endloop
endfacet
facet normal -0.000054 7.670036 4.490089
outer loop
vertex -66.145033 -4.500000 113.190079
vertex 66.145033 -4.500000 113.190079
vertex -66.145033 3.000000 113.190079
endloop
endfacet
facet normal 0.000349 7.361033 5.001185
outer loop
vertex -66.145033 3.000000 113.190079
vertex 66.145033 -4.500000 113.190079
vertex 66.145033 3.000000 113.190079
endloop
endfacet
facet normal 5.513461 6.259376 0.178125
outer loop
vertex 71.527602 -4.500000 107.965063
vertex 71.527602 3.000000 107.965063
vertex 71.501684 -4.500000 108.477212
endloop
endfacet
facet normal 6.721585 3.389452 0.469644
outer loop
vertex 71.501684 -4.500000 108.477212
vertex 71.527602 3.000000 107.965063
vertex 71.501684 3.000000 108.477212
endloop
endfacet
facet normal 6.598316 3.587049 0.850455
outer loop
vertex 71.501684 -4.500000 108.477212
vertex 71.501684 3.000000 108.477212
vertex 71.424177 -4.500000 108.984418
endloop
endfacet
facet normal 6.915240 1.866562 1.211473
outer loop
vertex 71.424177 -4.500000 108.984418
vertex 71.501684 3.000000 108.477212
vertex 71.424177 3.000000 108.984418
endloop
endfacet
facet normal 6.406936 3.769910 1.494182
outer loop
vertex 71.424177 -4.500000 108.984418
vertex 71.424177 3.000000 108.984418
vertex 71.295832 -4.500000 109.481807
endloop
endfacet
facet normal 6.731931 1.982846 1.893662
outer loop
vertex 71.295832 -4.500000 109.481807
vertex 71.424177 3.000000 108.984418
vertex 71.295832 3.000000 109.481807
endloop
endfacet
facet normal 6.174862 3.918628 2.113776
outer loop
vertex 71.295832 -4.500000 109.481807
vertex 71.295832 3.000000 109.481807
vertex 71.117878 -4.500000 109.964596
endloop
endfacet
facet normal 6.494184 2.099745 2.554036
outer loop
vertex 71.117878 -4.500000 109.964596
vertex 71.295832 3.000000 109.481807
vertex 71.117878 3.000000 109.964596
endloop
endfacet
facet normal 5.904606 4.037065 2.709266
outer loop
vertex 71.117878 -4.500000 109.964596
vertex 71.117878 3.000000 109.964596
vertex 70.892037 -4.500000 110.428122
endloop
endfacet
facet normal 6.203749 2.218318 3.188944
outer loop
vertex 70.892037 -4.500000 110.428122
vertex 71.117878 3.000000 109.964596
vertex 70.892037 3.000000 110.428122
endloop
endfacet
facet normal 4.228782 5.427399 2.371536
outer loop
vertex 70.892037 -4.500000 110.428122
vertex 70.892037 3.000000 110.428122
vertex 70.620475 -4.500000 110.867928
endloop
endfacet
facet normal 4.493468 3.638414 2.885422
outer loop
vertex 70.620475 -4.500000 110.867928
vertex 70.892037 3.000000 110.428122
vertex 70.620475 3.000000 110.867928
endloop
endfacet
facet normal 2.982964 6.637623 2.180604
outer loop
vertex 70.620475 -4.500000 110.867928
vertex 70.620475 3.000000 110.867928
vertex 70.305819 -4.500000 111.279780
endloop
endfacet
facet normal 4.568765 3.606484 3.628960
outer loop
vertex 70.305819 -4.500000 111.279780
vertex 70.620475 3.000000 110.867928
vertex 70.305819 3.000000 111.279780
endloop
endfacet
facet normal 3.272403 6.441464 2.913896
outer loop
vertex 70.305819 -4.500000 111.279780
vertex 70.305819 3.000000 111.279780
vertex 69.951088 -4.500000 111.659711
endloop
endfacet
facet normal 4.333020 3.647668 4.204035
outer loop
vertex 69.951088 -4.500000 111.659711
vertex 70.305819 3.000000 111.279780
vertex 69.951088 3.000000 111.659711
endloop
endfacet
facet normal 3.110298 6.417071 3.359818
outer loop
vertex 69.951088 -4.500000 111.659711
vertex 69.951088 3.000000 111.659711
vertex 69.559701 -4.500000 112.004064
endloop
endfacet
facet normal 3.900515 3.812378 4.607379
outer loop
vertex 69.559701 -4.500000 112.004064
vertex 69.951088 3.000000 111.659711
vertex 69.559701 3.000000 112.004064
endloop
endfacet
facet normal 2.770140 6.502050 3.651336
outer loop
vertex 69.559701 -4.500000 112.004064
vertex 69.559701 3.000000 112.004064
vertex 69.135430 -4.500000 112.309509
endloop
endfacet
facet normal 3.435994 3.984738 4.968373
outer loop
vertex 69.135430 -4.500000 112.309509
vertex 69.559701 3.000000 112.004064
vertex 69.135430 3.000000 112.309509
endloop
endfacet
facet normal 2.563775 6.351631 4.200036
outer loop
vertex 69.135430 -4.500000 112.309509
vertex 69.135430 3.000000 112.309509
vertex 68.682362 -4.500000 112.573128
endloop
endfacet
facet normal 3.093017 3.932381 5.563096
outer loop
vertex 68.682362 -4.500000 112.573128
vertex 69.135430 3.000000 112.309509
vertex 68.682362 3.000000 112.573128
endloop
endfacet
facet normal 2.491805 5.670596 5.166704
outer loop
vertex 68.682362 -4.500000 112.573128
vertex 68.682362 3.000000 112.573128
vertex 68.204855 -4.500000 112.792348
endloop
endfacet
facet normal 2.726159 3.588596 6.270965
outer loop
vertex 68.204855 -4.500000 112.792348
vertex 68.682362 3.000000 112.573128
vertex 68.204855 3.000000 112.792348
endloop
endfacet
facet normal 2.166321 5.254573 5.811261
outer loop
vertex 68.204855 -4.500000 112.792348
vertex 68.204855 3.000000 112.792348
vertex 67.707513 -4.500000 112.965098
endloop
endfacet
facet normal 2.101138 3.811631 6.468435
outer loop
vertex 67.707513 -4.500000 112.965098
vertex 68.204855 3.000000 112.792348
vertex 67.707513 3.000000 112.965098
endloop
endfacet
facet normal 1.592199 5.385481 5.963998
outer loop
vertex 67.707513 -4.500000 112.965098
vertex 67.707513 3.000000 112.965098
vertex 67.195120 -4.500000 113.089682
endloop
endfacet
facet normal 1.466061 4.020899 6.606568
outer loop
vertex 67.195120 -4.500000 113.089682
vertex 67.707513 3.000000 112.965098
vertex 67.195120 3.000000 113.089682
endloop
endfacet
facet normal 1.013198 5.484464 6.077373
outer loop
vertex 67.195120 -4.500000 113.089682
vertex 67.195120 3.000000 113.089682
vertex 66.672620 -4.500000 113.164925
endloop
endfacet
facet normal 0.825668 4.213903 6.685553
outer loop
vertex 66.672620 -4.500000 113.164925
vertex 67.195120 3.000000 113.089682
vertex 66.672620 3.000000 113.164925
endloop
endfacet
facet normal 0.399749 5.186301 6.374106
outer loop
vertex 66.672620 -4.500000 113.164925
vertex 66.672620 3.000000 113.164925
vertex 66.145033 -4.500000 113.190079
endloop
endfacet
facet normal 0.193377 5.759312 5.844966
outer loop
vertex 66.145033 -4.500000 113.190079
vertex 66.672620 3.000000 113.164925
vertex 66.145033 3.000000 113.190079
endloop
endfacet
facet normal 0.124831 2.510051 2.338573
outer loop
vertex -29.065869 3.000000 -71.337215
vertex -29.065869 0.200000 -71.337215
vertex -28.479465 3.000000 -71.362070
endloop
endfacet
facet normal 0.294721 -3.271869 3.930339
outer loop
vertex -28.479465 3.000000 -71.362070
vertex -29.065869 0.200000 -71.337215
vertex -28.479465 0.200000 -71.362070
endloop
endfacet
facet normal 0.573689 2.337512 5.238549
outer loop
vertex -28.479465 3.000000 -71.362070
vertex -28.479465 0.200000 -71.362070
vertex -27.897528 3.000000 -71.436441
endloop
endfacet
facet normal 0.783755 -2.452736 5.301882
outer loop
vertex -27.897528 3.000000 -71.436441
vertex -28.479465 0.200000 -71.362070
vertex -27.897528 0.200000 -71.436441
endloop
endfacet
facet normal 1.067853 2.205285 5.438146
outer loop
vertex -27.897528 3.000000 -71.436441
vertex -27.897528 0.200000 -71.436441
vertex -27.324479 3.000000 -71.559764
endloop
endfacet
facet normal 1.293355 -2.337515 5.483085
outer loop
vertex -27.324479 3.000000 -71.559764
vertex -27.897528 0.200000 -71.436441
vertex -27.324479 0.200000 -71.559764
endloop
endfacet
facet normal 1.601674 2.055369 5.593897
outer loop
vertex -27.324479 3.000000 -71.559764
vertex -27.324479 0.200000 -71.559764
vertex -26.764686 3.000000 -71.731098
endloop
endfacet
facet normal 1.840662 -2.205282 5.616167
outer loop
vertex -26.764686 3.000000 -71.731098
vertex -27.324479 0.200000 -71.559764
vertex -26.764686 0.200000 -71.731098
endloop
endfacet
facet normal 2.169584 1.888035 5.693951
outer loop
vertex -26.764686 3.000000 -71.731098
vertex -26.764686 0.200000 -71.731098
vertex -26.222403 3.000000 -71.949143
endloop
endfacet
facet normal 2.418923 -2.055371 5.689184
outer loop
vertex -26.222403 3.000000 -71.949143
vertex -26.764686 0.200000 -71.731098
vertex -26.222403 0.200000 -71.949143
endloop
endfacet
facet normal 2.762720 1.704808 5.726363
outer loop
vertex -26.222403 3.000000 -71.949143
vertex -26.222403 0.200000 -71.949143
vertex -25.701764 3.000000 -72.212238
endloop
endfacet
facet normal 3.018016 -1.888033 5.690533
outer loop
vertex -25.701764 3.000000 -72.212238
vertex -26.222403 0.200000 -71.949143
vertex -25.701764 0.200000 -72.212238
endloop
endfacet
facet normal 3.368913 1.508741 5.680435
outer loop
vertex -25.701764 3.000000 -72.212238
vertex -25.701764 0.200000 -72.212238
vertex -25.206726 3.000000 -72.518382
endloop
endfacet
facet normal 3.624675 -1.704809 5.610404
outer loop
vertex -25.206726 3.000000 -72.518382
vertex -25.701764 0.200000 -72.212238
vertex -25.206726 0.200000 -72.518382
endloop
endfacet
facet normal 3.973374 1.304343 5.548233
outer loop
vertex -25.206726 3.000000 -72.518382
vertex -25.206726 0.200000 -72.518382
vertex -24.741059 3.000000 -72.865241
endloop
endfacet
facet normal 4.223448 -1.508740 5.442265
outer loop
vertex -24.741059 3.000000 -72.865241
vertex -25.206726 0.200000 -72.518382
vertex -24.741059 0.200000 -72.865241
endloop
endfacet
facet normal 4.560011 1.097373 5.325942
outer loop
vertex -24.741059 3.000000 -72.865241
vertex -24.741059 0.200000 -72.865241
vertex -24.308306 3.000000 -73.250180
endloop
endfacet
facet normal 4.798120 -1.304343 5.184084
outer loop
vertex -24.308306 3.000000 -73.250180
vertex -24.741059 0.200000 -72.865241
vertex -24.308306 0.200000 -73.250180
endloop
endfacet
facet normal 5.113069 0.894267 5.014691
outer loop
vertex -24.308306 3.000000 -73.250180
vertex -24.308306 0.200000 -73.250180
vertex -23.911760 3.000000 -73.670263
endloop
endfacet
facet normal 5.333518 -1.097372 4.838825
outer loop
vertex -23.911760 3.000000 -73.670263
vertex -24.308306 0.200000 -73.250180
vertex -23.911760 0.200000 -73.670263
endloop
endfacet
facet normal 5.618957 0.701502 4.620437
outer loop
vertex -23.911760 3.000000 -73.670263
vertex -23.911760 0.200000 -73.670263
vertex -23.554441 3.000000 -74.122303
endloop
endfacet
facet normal 5.817152 -0.894267 4.414045
outer loop
vertex -23.554441 3.000000 -74.122303
vertex -23.911760 0.200000 -73.670263
vertex -23.554441 0.200000 -74.122303
endloop
endfacet
facet normal 6.067456 0.524956 4.153086
outer loop
vertex -23.554441 3.000000 -74.122303
vertex -23.554441 0.200000 -74.122303
vertex -23.239067 3.000000 -74.602850
endloop
endfacet
facet normal 6.240235 -0.701501 3.920716
outer loop
vertex -23.239067 3.000000 -74.602850
vertex -23.554441 0.200000 -74.122303
vertex -23.239067 0.200000 -74.602850
endloop
endfacet
facet normal 6.452362 0.369465 3.624856
outer loop
vertex -23.239067 3.000000 -74.602850
vertex -23.239067 0.200000 -74.602850
vertex -22.968038 3.000000 -75.108252
endloop
endfacet
facet normal 6.598012 -0.524958 3.371481
outer loop
vertex -22.968038 3.000000 -75.108252
vertex -23.239067 0.200000 -74.602850
vertex -22.968038 0.200000 -75.108252
endloop
endfacet
facet normal 6.771174 0.238675 3.048630
outer loop
vertex -22.968038 3.000000 -75.108252
vertex -22.968038 0.200000 -75.108252
vertex -22.743419 3.000000 -75.634657
endloop
endfacet
facet normal 6.889160 -0.369465 2.779128
outer loop
vertex -22.743419 3.000000 -75.634657
vertex -22.968038 0.200000 -75.108252
vertex -22.743419 0.200000 -75.634657
endloop
endfacet
facet normal 7.024230 0.135091 2.436574
outer loop
vertex -22.743419 3.000000 -75.634657
vertex -22.743419 0.200000 -75.634657
vertex -22.566916 3.000000 -76.178069
endloop
endfacet
facet normal 7.114834 -0.238675 2.155336
outer loop
vertex -22.566916 3.000000 -76.178069
vertex -22.743419 0.200000 -75.634657
vertex -22.566916 0.200000 -76.178069
endloop
endfacet
facet normal 7.213597 0.060271 1.799265
outer loop
vertex -22.566916 3.000000 -76.178069
vertex -22.566916 0.200000 -76.178069
vertex -22.439874 3.000000 -76.734342
endloop
endfacet
facet normal 7.277513 -0.135090 1.510013
outer loop
vertex -22.439874 3.000000 -76.734342
vertex -22.566916 0.200000 -76.178069
vertex -22.439874 0.200000 -76.734342
endloop
endfacet
facet normal 7.341962 0.015099 1.145374
outer loop
vertex -22.439874 3.000000 -76.734342
vertex -22.439874 0.200000 -76.734342
vertex -22.363260 3.000000 -77.299246
endloop
endfacet
facet normal 7.379940 -0.060271 0.851192
outer loop
vertex -22.363260 3.000000 -77.299246
vertex -22.439874 0.200000 -76.734342
vertex -22.363260 0.200000 -77.299246
endloop
endfacet
facet normal 5.645151 3.193354 0.445490
outer loop
vertex -22.363260 3.000000 -77.299246
vertex -22.363260 0.200000 -77.299246
vertex -22.337659 3.000000 -77.868485
endloop
endfacet
facet normal 3.545842 -0.118701 0.186497
outer loop
vertex -22.337659 3.000000 -77.868485
vertex -22.363260 0.200000 -77.299246
vertex -22.337659 0.200000 -77.868485
endloop
endfacet
facet normal -0.008538 -2.864284 1.807289
outer loop
vertex 29.065869 0.200000 -71.337215
vertex 33.641051 0.200000 -71.337215
vertex 29.065869 3.000000 -71.337215
endloop
endfacet
facet normal -0.008101 3.780075 1.720681
outer loop
vertex 29.065869 3.000000 -71.337215
vertex 33.641051 0.200000 -71.337215
vertex 33.641051 3.000000 -71.337215
endloop
endfacet
facet normal -3.544473 0.117143 0.186496
outer loop
vertex 22.337659 3.000000 -77.868485
vertex 22.337659 0.200000 -77.868485
vertex 22.363260 3.000000 -77.299246
endloop
endfacet
facet normal -5.642110 -3.194576 0.445487
outer loop
vertex 22.363260 3.000000 -77.299246
vertex 22.337659 0.200000 -77.868485
vertex 22.363260 0.200000 -77.299246
endloop
endfacet
facet normal -7.379940 0.060271 0.851192
outer loop
vertex 22.363260 3.000000 -77.299246
vertex 22.363260 0.200000 -77.299246
vertex 22.439874 3.000000 -76.734342
endloop
endfacet
facet normal -7.341962 -0.015099 1.145374
outer loop
vertex 22.439874 3.000000 -76.734342
vertex 22.363260 0.200000 -77.299246
vertex 22.439874 0.200000 -76.734342
endloop
endfacet
facet normal -7.277513 0.135090 1.510013
outer loop
vertex 22.439874 3.000000 -76.734342
vertex 22.439874 0.200000 -76.734342
vertex 22.566916 3.000000 -76.178069
endloop
endfacet
facet normal -7.213597 -0.060271 1.799265
outer loop
vertex 22.566916 3.000000 -76.178069
vertex 22.439874 0.200000 -76.734342
vertex 22.566916 0.200000 -76.178069
endloop
endfacet
facet normal -7.114834 0.238675 2.155336
outer loop
vertex 22.566916 3.000000 -76.178069
vertex 22.566916 0.200000 -76.178069
vertex 22.743419 3.000000 -75.634657
endloop
endfacet
facet normal -7.024230 -0.135091 2.436574
outer loop
vertex 22.743419 3.000000 -75.634657
vertex 22.566916 0.200000 -76.178069
vertex 22.743419 0.200000 -75.634657
endloop
endfacet
facet normal -6.889160 0.369465 2.779128
outer loop
vertex 22.743419 3.000000 -75.634657
vertex 22.743419 0.200000 -75.634657
vertex 22.968038 3.000000 -75.108252
endloop
endfacet
facet normal -6.771174 -0.238675 3.048630
outer loop
vertex 22.968038 3.000000 -75.108252
vertex 22.743419 0.200000 -75.634657
vertex 22.968038 0.200000 -75.108252
endloop
endfacet
facet normal -6.598012 0.524958 3.371481
outer loop
vertex 22.968038 3.000000 -75.108252
vertex 22.968038 0.200000 -75.108252
vertex 23.239067 3.000000 -74.602850
endloop
endfacet
facet normal -6.452362 -0.369465 3.624856
outer loop
vertex 23.239067 3.000000 -74.602850
vertex 22.968038 0.200000 -75.108252
vertex 23.239067 0.200000 -74.602850
endloop
endfacet
facet normal -6.240235 0.701501 3.920716
outer loop
vertex 23.239067 3.000000 -74.602850
vertex 23.239067 0.200000 -74.602850
vertex 23.554441 3.000000 -74.122303
endloop
endfacet
facet normal -6.067456 -0.524956 4.153086
outer loop
vertex 23.554441 3.000000 -74.122303
vertex 23.239067 0.200000 -74.602850
vertex 23.554441 0.200000 -74.122303
endloop
endfacet
facet normal -5.817152 0.894267 4.414045
outer loop
vertex 23.554441 3.000000 -74.122303
vertex 23.554441 0.200000 -74.122303
vertex 23.911760 3.000000 -73.670263
endloop
endfacet
facet normal -5.618957 -0.701502 4.620437
outer loop
vertex 23.911760 3.000000 -73.670263
vertex 23.554441 0.200000 -74.122303
vertex 23.911760 0.200000 -73.670263
endloop
endfacet
facet normal -5.333518 1.097372 4.838825
outer loop
vertex 23.911760 3.000000 -73.670263
vertex 23.911760 0.200000 -73.670263
vertex 24.308306 3.000000 -73.250180
endloop
endfacet
facet normal -5.113069 -0.894267 5.014691
outer loop
vertex 24.308306 3.000000 -73.250180
vertex 23.911760 0.200000 -73.670263
vertex 24.308306 0.200000 -73.250180
endloop
endfacet
facet normal -4.798120 1.304343 5.184084
outer loop
vertex 24.308306 3.000000 -73.250180
vertex 24.308306 0.200000 -73.250180
vertex 24.741059 3.000000 -72.865241
endloop
endfacet
facet normal -4.560011 -1.097373 5.325942
outer loop
vertex 24.741059 3.000000 -72.865241
vertex 24.308306 0.200000 -73.250180
vertex 24.741059 0.200000 -72.865241
endloop
endfacet
facet normal -4.223448 1.508740 5.442265
outer loop
vertex 24.741059 3.000000 -72.865241
vertex 24.741059 0.200000 -72.865241
vertex 25.206726 3.000000 -72.518382
endloop
endfacet
facet normal -3.973374 -1.304343 5.548233
outer loop
vertex 25.206726 3.000000 -72.518382
vertex 24.741059 0.200000 -72.865241
vertex 25.206726 0.200000 -72.518382
endloop
endfacet
facet normal -3.624675 1.704809 5.610404
outer loop
vertex 25.206726 3.000000 -72.518382
vertex 25.206726 0.200000 -72.518382
vertex 25.701764 3.000000 -72.212238
endloop
endfacet
facet normal -3.368913 -1.508741 5.680435
outer loop
vertex 25.701764 3.000000 -72.212238
vertex 25.206726 0.200000 -72.518382
vertex 25.701764 0.200000 -72.212238
endloop
endfacet
facet normal -3.018016 1.888033 5.690533
outer loop
vertex 25.701764 3.000000 -72.212238
vertex 25.701764 0.200000 -72.212238
vertex 26.222403 3.000000 -71.949143
endloop
endfacet
facet normal -2.762720 -1.704808 5.726363
outer loop
vertex 26.222403 3.000000 -71.949143
vertex 25.701764 0.200000 -72.212238
vertex 26.222403 0.200000 -71.949143
endloop
endfacet
facet normal -2.418923 2.055371 5.689184
outer loop
vertex 26.222403 3.000000 -71.949143
vertex 26.222403 0.200000 -71.949143
vertex 26.764686 3.000000 -71.731098
endloop
endfacet
facet normal -2.169584 -1.888035 5.693951
outer loop
vertex 26.764686 3.000000 -71.731098
vertex 26.222403 0.200000 -71.949143
vertex 26.764686 0.200000 -71.731098
endloop
endfacet
facet normal -1.840662 2.205282 5.616167
outer loop
vertex 26.764686 3.000000 -71.731098
vertex 26.764686 0.200000 -71.731098
vertex 27.324479 3.000000 -71.559764
endloop
endfacet
facet normal -1.601674 -2.055369 5.593897
outer loop
vertex 27.324479 3.000000 -71.559764
vertex 26.764686 0.200000 -71.731098
vertex 27.324479 0.200000 -71.559764
endloop
endfacet
facet normal -1.293355 2.337515 5.483085
outer loop
vertex 27.324479 3.000000 -71.559764
vertex 27.324479 0.200000 -71.559764
vertex 27.897528 3.000000 -71.436441
endloop
endfacet
facet normal -1.067853 -2.205285 5.438146
outer loop
vertex 27.897528 3.000000 -71.436441
vertex 27.324479 0.200000 -71.559764
vertex 27.897528 0.200000 -71.436441
endloop
endfacet
facet normal -0.783755 2.452736 5.301882
outer loop
vertex 27.897528 3.000000 -71.436441
vertex 27.897528 0.200000 -71.436441
vertex 28.479465 3.000000 -71.362070
endloop
endfacet
facet normal -0.573689 -2.337512 5.238549
outer loop
vertex 28.479465 3.000000 -71.362070
vertex 27.897528 0.200000 -71.436441
vertex 28.479465 0.200000 -71.362070
endloop
endfacet
facet normal -0.293594 3.316822 3.696245
outer loop
vertex 28.479465 3.000000 -71.362070
vertex 28.479465 0.200000 -71.362070
vertex 29.065869 3.000000 -71.337215
endloop
endfacet
facet normal -0.124282 -2.453559 2.224465
outer loop
vertex 29.065869 3.000000 -71.337215
vertex 28.479465 0.200000 -71.362070
vertex 29.065869 0.200000 -71.337215
endloop
endfacet
facet normal -1.376891 3.328389 0.561368
outer loop
vertex 22.337659 3.000000 -77.868485
vertex 22.337659 3.000000 -102.028318
vertex 22.337659 0.200000 -77.868485
endloop
endfacet
facet normal -1.168746 -3.272630 0.854072
outer loop
vertex 22.337659 0.200000 -77.868485
vertex 22.337659 3.000000 -102.028318
vertex 22.337659 0.200000 -102.028318
endloop
endfacet
facet normal -3.861902 -3.175158 0.085772
outer loop
vertex 45.751830 0.200000 -59.580929
vertex 45.751830 3.000000 -59.580929
vertex 45.725902 0.200000 -60.349825
endloop
endfacet
facet normal -4.198499 2.931841 0.175657
outer loop
vertex 45.725902 0.200000 -60.349825
vertex 45.751830 3.000000 -59.580929
vertex 45.725902 3.000000 -60.349825
endloop
endfacet
facet normal -4.154228 -2.324954 0.361087
outer loop
vertex 45.725902 0.200000 -60.349825
vertex 45.725902 3.000000 -60.349825
vertex 45.648221 0.200000 -61.115433
endloop
endfacet
facet normal -3.771007 3.265748 0.442411
outer loop
vertex 45.648221 0.200000 -61.115433
vertex 45.725902 3.000000 -60.349825
vertex 45.648221 3.000000 -61.115433
endloop
endfacet
facet normal -4.087900 -2.357233 0.634415
outer loop
vertex 45.648221 0.200000 -61.115433
vertex 45.648221 3.000000 -61.115433
vertex 45.519126 0.200000 -61.874468
endloop
endfacet
facet normal -2.793177 3.610561 0.492185
outer loop
vertex 45.519126 0.200000 -61.874468
vertex 45.648221 3.000000 -61.115433
vertex 45.519126 3.000000 -61.874468
endloop
endfacet
facet normal -3.070429 -2.043421 0.697823
outer loop
vertex 45.519126 0.200000 -61.874468
vertex 45.519126 3.000000 -61.874468
vertex 45.339165 0.200000 -62.623681
endloop
endfacet
facet normal -3.175995 3.140009 0.866708
outer loop
vertex 45.339165 0.200000 -62.623681
vertex 45.519126 3.000000 -61.874468
vertex 45.339165 3.000000 -62.623681
endloop
endfacet
facet normal -3.264646 -3.489843 0.920842
outer loop
vertex 45.339165 0.200000 -62.623681
vertex 45.339165 3.000000 -62.623681
vertex 45.109110 0.200000 -63.359864
endloop
endfacet
facet normal -3.323009 1.800933 1.080502
outer loop
vertex 45.109110 0.200000 -63.359864
vertex 45.339165 3.000000 -62.623681
vertex 45.109110 3.000000 -63.359864
endloop
endfacet
facet normal -3.151276 -3.365735 1.205870
outer loop
vertex 45.109110 0.200000 -63.359864
vertex 45.109110 3.000000 -63.359864
vertex 44.829950 0.200000 -64.079868
endloop
endfacet
facet normal -4.242508 2.593371 1.715699
outer loop
vertex 44.829950 0.200000 -64.079868
vertex 45.109110 3.000000 -63.359864
vertex 44.829950 3.000000 -64.079868
endloop
endfacet
facet normal -4.090608 -2.693019 1.834205
outer loop
vertex 44.829950 0.200000 -64.079868
vertex 44.829950 3.000000 -64.079868
vertex 44.502877 0.200000 -64.780602
endloop
endfacet
facet normal -3.999278 2.651105 1.937682
outer loop
vertex 44.502877 0.200000 -64.780602
vertex 44.829950 3.000000 -64.079868
vertex 44.502877 3.000000 -64.780602
endloop
endfacet
facet normal -3.864329 -2.722010 2.052662
outer loop
vertex 44.502877 0.200000 -64.780602
vertex 44.502877 3.000000 -64.780602
vertex 44.129292 0.200000 -65.459072
endloop
endfacet
facet normal -3.778477 2.693019 2.152624
outer loop
vertex 44.129292 0.200000 -65.459072
vertex 44.502877 3.000000 -64.780602
vertex 44.129292 3.000000 -65.459072
endloop
endfacet
facet normal -3.657796 -2.739978 2.266977
outer loop
vertex 44.129292 0.200000 -65.459072
vertex 44.129292 3.000000 -65.459072
vertex 43.710796 0.200000 -66.112373
endloop
endfacet
facet normal -3.576171 2.722010 2.365009
outer loop
vertex 43.710796 0.200000 -66.112373
vertex 44.129292 3.000000 -65.459072
vertex 43.710796 3.000000 -66.112373
endloop
endfacet
facet normal -3.467336 -2.748057 2.481355
outer loop
vertex 43.710796 0.200000 -66.112373
vertex 43.710796 3.000000 -66.112373
vertex 43.249176 0.200000 -66.737701
endloop
endfacet
facet normal -3.388797 2.739977 2.578879
outer loop
vertex 43.249176 0.200000 -66.737701
vertex 43.710796 3.000000 -66.112373
vertex 43.249176 3.000000 -66.737701
endloop
endfacet
facet normal -2.596188 -3.267529 2.086865
outer loop
vertex 43.249176 0.200000 -66.737701
vertex 43.249176 3.000000 -66.737701
vertex 42.746416 0.200000 -67.332387
endloop
endfacet
facet normal -2.519649 2.227273 2.185244
outer loop
vertex 42.746416 0.200000 -67.332387
vertex 43.249176 3.000000 -66.737701
vertex 42.746416 3.000000 -67.332387
endloop
endfacet
facet normal -2.216373 -3.494821 2.099531
outer loop
vertex 42.746416 0.200000 -67.332387
vertex 42.746416 3.000000 -67.332387
vertex 42.204664 0.200000 -67.893878
endloop
endfacet
facet normal -2.170678 3.046473 2.114303
outer loop
vertex 42.204664 0.200000 -67.893878
vertex 42.746416 3.000000 -67.332387
vertex 42.204664 3.000000 -67.893878
endloop
endfacet
facet normal -1.872083 -2.674671 2.006957
outer loop
vertex 42.204664 0.200000 -67.893878
vertex 42.204664 3.000000 -67.893878
vertex 41.626243 0.200000 -68.419775
endloop
endfacet
facet normal -1.174012 3.626084 1.322958
outer loop
vertex 41.626243 0.200000 -68.419775
vertex 42.204664 3.000000 -67.893878
vertex 41.626243 3.000000 -68.419775
endloop
endfacet
facet normal -1.542918 -2.616985 1.891878
outer loop
vertex 41.626243 0.200000 -68.419775
vertex 41.626243 3.000000 -68.419775
vertex 41.013627 0.200000 -68.907816
endloop
endfacet
facet normal -1.415680 3.387808 1.884464
outer loop
vertex 41.013627 0.200000 -68.907816
vertex 41.626243 3.000000 -68.419775
vertex 41.013627 3.000000 -68.907816
endloop
endfacet
facet normal -1.385683 -3.267876 1.870275
outer loop
vertex 41.013627 0.200000 -68.907816
vertex 41.013627 3.000000 -68.907816
vertex 40.369439 0.200000 -69.355924
endloop
endfacet
facet normal -1.235469 2.752950 1.818077
outer loop
vertex 40.369439 0.200000 -69.355924
vertex 41.013627 3.000000 -68.907816
vertex 40.369439 3.000000 -69.355924
endloop
endfacet
facet normal -1.193818 -3.241212 1.972742
outer loop
vertex 40.369439 0.200000 -69.355924
vertex 40.369439 3.000000 -69.355924
vertex 39.696440 0.200000 -69.762170
endloop
endfacet
facet normal -1.598306 3.154603 2.736204
outer loop
vertex 39.696440 0.200000 -69.762170
vertex 40.369439 3.000000 -69.355924
vertex 39.696440 3.000000 -69.762170
endloop
endfacet
facet normal -1.545710 -2.891070 2.876581
outer loop
vertex 39.696440 0.200000 -69.762170
vertex 39.696440 3.000000 -69.762170
vertex 38.997512 0.200000 -70.124820
endloop
endfacet
facet normal -1.379866 3.150101 2.755767
outer loop
vertex 38.997512 0.200000 -70.124820
vertex 39.696440 3.000000 -69.762170
vertex 38.997512 3.000000 -70.124820
endloop
endfacet
facet normal -1.317752 -2.933295 2.883055
outer loop
vertex 38.997512 0.200000 -70.124820
vertex 38.997512 3.000000 -70.124820
vertex 38.275646 0.200000 -70.442320
endloop
endfacet
facet normal -1.175944 3.144708 2.781568
outer loop
vertex 38.275646 0.200000 -70.442320
vertex 38.997512 3.000000 -70.124820
vertex 38.275646 3.000000 -70.442320
endloop
endfacet
facet normal -1.105405 -2.965277 2.896702
outer loop
vertex 38.275646 0.200000 -70.442320
vertex 38.275646 3.000000 -70.442320
vertex 37.533934 0.200000 -70.713308
endloop
endfacet
facet normal -0.982428 3.137860 2.813887
outer loop
vertex 37.533934 0.200000 -70.713308
vertex 38.275646 3.000000 -70.442320
vertex 37.533934 3.000000 -70.713308
endloop
endfacet
facet normal -0.904294 -2.989317 2.917575
outer loop
vertex 37.533934 0.200000 -70.713308
vertex 37.533934 3.000000 -70.713308
vertex 36.775550 0.200000 -70.936630
endloop
endfacet
facet normal -0.795741 3.129037 2.853138
outer loop
vertex 36.775550 0.200000 -70.936630
vertex 37.533934 3.000000 -70.713308
vertex 36.775550 3.000000 -70.936630
endloop
endfacet
facet normal -0.710625 -3.007001 2.945872
outer loop
vertex 36.775550 0.200000 -70.936630
vertex 36.775550 3.000000 -70.936630
vertex 36.003748 0.200000 -71.111322
endloop
endfacet
facet normal -0.612629 3.117671 2.899899
outer loop
vertex 36.003748 0.200000 -71.111322
vertex 36.775550 3.000000 -70.936630
vertex 36.003748 3.000000 -71.111322
endloop
endfacet
facet normal -0.520988 -3.019428 2.981982
outer loop
vertex 36.003748 0.200000 -71.111322
vertex 36.003748 3.000000 -71.111322
vertex 35.221825 0.200000 -71.236639
endloop
endfacet
facet normal -0.430003 3.103085 2.954961
outer loop
vertex 35.221825 0.200000 -71.236639
vertex 36.003748 3.000000 -71.111322
vertex 35.221825 3.000000 -71.236639
endloop
endfacet
facet normal -0.332163 -3.027337 3.026495
outer loop
vertex 35.221825 0.200000 -71.236639
vertex 35.221825 3.000000 -71.236639
vertex 34.433135 0.200000 -71.312046
endloop
endfacet
facet normal -0.244738 3.084395 3.019354
outer loop
vertex 34.433135 0.200000 -71.312046
vertex 35.221825 3.000000 -71.236639
vertex 34.433135 3.000000 -71.312046
endloop
endfacet
facet normal -0.135999 -2.852130 3.344223
outer loop
vertex 34.433135 0.200000 -71.312046
vertex 34.433135 3.000000 -71.312046
vertex 33.641051 0.200000 -71.337215
endloop
endfacet
facet normal -0.060391 3.523660 2.476774
outer loop
vertex 33.641051 0.200000 -71.337215
vertex 34.433135 3.000000 -71.312046
vertex 33.641051 3.000000 -71.337215
endloop
endfacet
facet normal 0.059478 -2.936516 2.077785
outer loop
vertex -33.641051 0.200000 -71.337215
vertex -33.641051 3.000000 -71.337215
vertex -34.433135 0.200000 -71.312046
endloop
endfacet
facet normal 0.130952 3.318435 2.357458
outer loop
vertex -34.433135 0.200000 -71.312046
vertex -33.641051 3.000000 -71.337215
vertex -34.433135 3.000000 -71.312046
endloop
endfacet
facet normal 0.248816 -3.039996 3.057808
outer loop
vertex -34.433135 0.200000 -71.312046
vertex -34.433135 3.000000 -71.312046
vertex -35.221825 0.200000 -71.236639
endloop
endfacet
facet normal 0.329879 3.082141 3.006797
outer loop
vertex -35.221825 0.200000 -71.236639
vertex -34.433135 3.000000 -71.312046
vertex -35.221825 3.000000 -71.236639
endloop
endfacet
facet normal 0.439428 -3.027712 3.011292
outer loop
vertex -35.221825 0.200000 -71.236639
vertex -35.221825 3.000000 -71.236639
vertex -36.003748 0.200000 -71.111322
endloop
endfacet
facet normal 0.514490 3.104965 2.943911
outer loop
vertex -36.003748 0.200000 -71.111322
vertex -35.221825 3.000000 -71.236639
vertex -36.003748 3.000000 -71.111322
endloop
endfacet
facet normal 0.629757 -3.011423 2.973767
outer loop
vertex -36.003748 0.200000 -71.111322
vertex -36.003748 3.000000 -71.111322
vertex -36.775550 0.200000 -70.936630
endloop
endfacet
facet normal 0.697643 3.123796 2.890324
outer loop
vertex -36.775550 0.200000 -70.936630
vertex -36.003748 3.000000 -71.111322
vertex -36.775550 3.000000 -70.936630
endloop
endfacet
facet normal 0.823101 -2.990136 2.944565
outer loop
vertex -36.775550 0.200000 -70.936630
vertex -36.775550 3.000000 -70.936630
vertex -37.533934 0.200000 -70.713308
endloop
endfacet
facet normal 0.882501 3.139778 2.845052
outer loop
vertex -37.533934 0.200000 -70.713308
vertex -36.775550 3.000000 -70.936630
vertex -37.533934 3.000000 -70.713308
endloop
endfacet
facet normal 1.022869 -2.962541 2.923255
outer loop
vertex -37.533934 0.200000 -70.713308
vertex -37.533934 3.000000 -70.713308
vertex -38.275646 0.200000 -70.442320
endloop
endfacet
facet normal 1.072277 3.153894 2.807354
outer loop
vertex -38.275646 0.200000 -70.442320
vertex -37.533934 3.000000 -70.713308
vertex -38.275646 3.000000 -70.442320
endloop
endfacet
facet normal 1.232815 -2.926845 2.909612
outer loop
vertex -38.275646 0.200000 -70.442320
vertex -38.275646 3.000000 -70.442320
vertex -38.997512 0.200000 -70.124820
endloop
endfacet
facet normal 1.270420 3.167107 2.776697
outer loop
vertex -38.997512 0.200000 -70.124820
vertex -38.275646 3.000000 -70.442320
vertex -38.997512 3.000000 -70.124820
endloop
endfacet
facet normal 1.457218 -2.880515 2.903590
outer loop
vertex -38.997512 0.200000 -70.124820
vertex -38.997512 3.000000 -70.124820
vertex -39.696440 0.200000 -69.762170
endloop
endfacet
facet normal 1.480786 3.180483 2.752710
outer loop
vertex -39.696440 0.200000 -69.762170
vertex -38.997512 3.000000 -70.124820
vertex -39.696440 3.000000 -69.762170
endloop
endfacet
facet normal 1.701161 -2.819914 2.905289
outer loop
vertex -39.696440 0.200000 -69.762170
vertex -39.696440 3.000000 -69.762170
vertex -40.369439 0.200000 -69.355924
endloop
endfacet
facet normal 1.707899 3.195378 2.735145
outer loop
vertex -40.369439 0.200000 -69.355924
vertex -39.696440 3.000000 -69.762170
vertex -40.369439 3.000000 -69.355924
endloop
endfacet
facet normal 1.970859 -2.739688 2.914893
outer loop
vertex -40.369439 0.200000 -69.355924
vertex -40.369439 3.000000 -69.355924
vertex -41.013627 0.200000 -68.907816
endloop
endfacet
facet normal 1.957211 3.213700 2.723807
outer loop
vertex -41.013627 0.200000 -68.907816
vertex -40.369439 3.000000 -69.355924
vertex -41.013627 3.000000 -68.907816
endloop
endfacet
facet normal 2.274001 -2.631797 2.932537
outer loop
vertex -41.013627 0.200000 -68.907816
vertex -41.013627 3.000000 -68.907816
vertex -41.626243 0.200000 -68.419775
endloop
endfacet
facet normal 2.235434 3.238327 2.718440
outer loop
vertex -41.626243 0.200000 -68.419775
vertex -41.013627 3.000000 -68.907816
vertex -41.626243 3.000000 -68.419775
endloop
endfacet
facet normal 1.640598 -3.124412 1.926688
outer loop
vertex -41.626243 0.200000 -68.419775
vertex -41.626243 3.000000 -68.419775
vertex -42.204664 0.200000 -67.893878
endloop
endfacet
facet normal 1.571319 2.633319 1.687150
outer loop
vertex -42.204664 0.200000 -67.893878
vertex -41.626243 3.000000 -68.419775
vertex -42.204664 3.000000 -67.893878
endloop
endfacet
facet normal 1.299112 -3.602742 1.273591
outer loop
vertex -42.204664 0.200000 -67.893878
vertex -42.204664 3.000000 -67.893878
vertex -42.746416 0.200000 -67.332387
endloop
endfacet
facet normal 2.171406 2.642063 2.037318
outer loop
vertex -42.746416 0.200000 -67.332387
vertex -42.204664 3.000000 -67.893878
vertex -42.746416 3.000000 -67.332387
endloop
endfacet
facet normal 1.438808 -3.652373 1.283418
outer loop
vertex -42.746416 0.200000 -67.332387
vertex -42.746416 3.000000 -67.332387
vertex -43.249176 0.200000 -66.737701
endloop
endfacet
facet normal 1.068831 2.912622 0.930196
outer loop
vertex -43.249176 0.200000 -66.737701
vertex -42.746416 3.000000 -67.332387
vertex -43.249176 3.000000 -66.737701
endloop
endfacet
facet normal 1.193876 -2.870150 0.854615
outer loop
vertex -43.249176 0.200000 -66.737701
vertex -43.249176 3.000000 -66.737701
vertex -43.710796 0.200000 -66.112373
endloop
endfacet
facet normal 1.730666 3.644261 1.204842
outer loop
vertex -43.710796 0.200000 -66.112373
vertex -43.249176 3.000000 -66.737701
vertex -43.710796 3.000000 -66.112373
endloop
endfacet
facet normal 2.762513 -2.533788 1.821623
outer loop
vertex -43.710796 0.200000 -66.112373
vertex -43.710796 3.000000 -66.112373
vertex -44.129292 0.200000 -65.459072
endloop
endfacet
facet normal 2.385100 3.509182 1.472993
outer loop
vertex -44.129292 0.200000 -65.459072
vertex -43.710796 3.000000 -66.112373
vertex -44.129292 3.000000 -65.459072
endloop
endfacet
facet normal 2.950837 -2.492500 1.676095
outer loop
vertex -44.129292 0.200000 -65.459072
vertex -44.129292 3.000000 -65.459072
vertex -44.502877 0.200000 -64.780602
endloop
endfacet
facet normal 1.923415 3.685846 1.040154
outer loop
vertex -44.502877 0.200000 -64.780602
vertex -44.129292 3.000000 -65.459072
vertex -44.502877 3.000000 -64.780602
endloop
endfacet
facet normal 2.513962 -2.270973 1.207305
outer loop
vertex -44.502877 0.200000 -64.780602
vertex -44.502877 3.000000 -64.780602
vertex -44.829950 0.200000 -64.079868
endloop
endfacet
facet normal 2.391462 3.506462 1.028611
outer loop
vertex -44.829950 0.200000 -64.079868
vertex -44.502877 3.000000 -64.780602
vertex -44.829950 3.000000 -64.079868
endloop
endfacet
facet normal 3.633178 -2.572598 1.467767
outer loop
vertex -44.829950 0.200000 -64.079868
vertex -44.829950 3.000000 -64.079868
vertex -45.109110 0.200000 -63.359864
endloop
endfacet
facet normal 3.463851 3.171003 1.281982
outer loop
vertex -45.109110 0.200000 -63.359864
vertex -44.829950 3.000000 -64.079868
vertex -45.109110 3.000000 -63.359864
endloop
endfacet
facet normal 3.793227 -2.500379 1.244156
outer loop
vertex -45.109110 0.200000 -63.359864
vertex -45.109110 3.000000 -63.359864
vertex -45.339165 0.200000 -62.623681
endloop
endfacet
facet normal 3.576867 3.205410 1.057065
outer loop
vertex -45.339165 0.200000 -62.623681
vertex -45.109110 3.000000 -63.359864
vertex -45.339165 3.000000 -62.623681
endloop
endfacet
facet normal 3.935790 -2.433210 1.004188
outer loop
vertex -45.339165 0.200000 -62.623681
vertex -45.339165 3.000000 -62.623681
vertex -45.519126 0.200000 -61.874468
endloop
endfacet
facet normal 3.673842 3.234684 0.821974
outer loop
vertex -45.519126 0.200000 -61.874468
vertex -45.339165 3.000000 -62.623681
vertex -45.519126 3.000000 -61.874468
endloop
endfacet
facet normal 4.052162 -2.376142 0.748231
outer loop
vertex -45.519126 0.200000 -61.874468
vertex -45.519126 3.000000 -61.874468
vertex -45.648221 0.200000 -61.115433
endloop
endfacet
facet normal 3.945883 3.101649 0.601740
outer loop
vertex -45.648221 0.200000 -61.115433
vertex -45.519126 3.000000 -61.874468
vertex -45.648221 3.000000 -61.115433
endloop
endfacet
facet normal 4.332426 -2.490383 0.503449
outer loop
vertex -45.648221 0.200000 -61.115433
vertex -45.648221 3.000000 -61.115433
vertex -45.725902 0.200000 -60.349825
endloop
endfacet
facet normal 3.991578 3.118049 0.349413
outer loop
vertex -45.725902 0.200000 -60.349825
vertex -45.648221 3.000000 -61.115433
vertex -45.725902 3.000000 -60.349825
endloop
endfacet
facet normal 4.788578 -1.375529 0.183963
outer loop
vertex -45.725902 0.200000 -60.349825
vertex -45.725902 3.000000 -60.349825
vertex -45.751830 0.200000 -59.580929
endloop
endfacet
facet normal 4.817637 3.870544 0.065160
outer loop
vertex -45.751830 0.200000 -59.580929
vertex -45.725902 3.000000 -60.349825
vertex -45.751830 3.000000 -59.580929
endloop
endfacet
facet normal 4.917838 3.797538 0.000551
outer loop
vertex -45.751830 3.000000 -59.580929
vertex -45.751830 3.000000 54.063166
vertex -45.751830 0.200000 -59.580929
endloop
endfacet
facet normal 4.121885 -1.991574 0.000033
outer loop
vertex -45.751830 0.200000 -59.580929
vertex -45.751830 3.000000 54.063166
vertex -45.751830 0.200000 54.063166
endloop
endfacet
facet normal -4.490135 -2.210716 0.000046
outer loop
vertex 45.751830 0.200000 -59.580929
vertex 45.751830 0.200000 54.063166
vertex 45.751830 3.000000 -59.580929
endloop
endfacet
facet normal -4.573847 4.052003 -0.000339
outer loop
vertex 45.751830 3.000000 -59.580929
vertex 45.751830 0.200000 54.063166
vertex 45.751830 3.000000 54.063166
endloop
endfacet
facet normal -0.028526 -3.678856 -1.949475
outer loop
vertex 33.641051 0.200000 65.819452
vertex 33.641051 3.000000 65.819452
vertex 34.433135 0.200000 65.794283
endloop
endfacet
facet normal -0.095144 2.765699 -2.673974
outer loop
vertex 34.433135 0.200000 65.794283
vertex 33.641051 3.000000 65.819452
vertex 34.433135 3.000000 65.794283
endloop
endfacet
facet normal -0.156238 -3.402674 -1.952134
outer loop
vertex 34.433135 0.200000 65.794283
vertex 34.433135 3.000000 65.794283
vertex 35.221825 0.200000 65.718876
endloop
endfacet
facet normal -0.233346 3.037774 -2.182167
outer loop
vertex 35.221825 0.200000 65.718876
vertex 34.433135 3.000000 65.794283
vertex 35.221825 3.000000 65.718876
endloop
endfacet
facet normal -0.262154 -3.340810 -1.808724
outer loop
vertex 35.221825 0.200000 65.718876
vertex 35.221825 3.000000 65.718876
vertex 36.003748 0.200000 65.593559
endloop
endfacet
facet normal -0.378277 3.044190 -2.153218
outer loop
vertex 36.003748 0.200000 65.593559
vertex 35.221825 3.000000 65.718876
vertex 36.003748 3.000000 65.593559
endloop
endfacet
facet normal -0.403452 -3.393057 -1.918478
outer loop
vertex 36.003748 0.200000 65.593559
vertex 36.003748 3.000000 65.593559
vertex 36.775550 0.200000 65.418866
endloop
endfacet
facet normal -0.541628 2.988845 -2.254752
outer loop
vertex 36.775550 0.200000 65.418866
vertex 36.003748 3.000000 65.593559
vertex 36.775550 3.000000 65.418866
endloop
endfacet
facet normal -0.530403 -3.390083 -1.908166
outer loop
vertex 36.775550 0.200000 65.418866
vertex 36.775550 3.000000 65.418866
vertex 37.533934 0.200000 65.195540
endloop
endfacet
facet normal -0.740775 2.901049 -2.382392
outer loop
vertex 37.533934 0.200000 65.195540
vertex 36.775550 3.000000 65.418866
vertex 37.533934 3.000000 65.195540
endloop
endfacet
facet normal -0.711698 -3.471589 -2.046696
outer loop
vertex 37.533934 0.200000 65.195540
vertex 37.533934 3.000000 65.195540
vertex 38.275646 0.200000 64.924556
endloop
endfacet
facet normal -0.897819 2.889788 -2.373341
outer loop
vertex 38.275646 0.200000 64.924556
vertex 37.533934 3.000000 65.195540
vertex 38.275646 3.000000 64.924556
endloop
endfacet
facet normal -0.802570 -3.388365 -1.902506
outer loop
vertex 38.275646 0.200000 64.924556
vertex 38.275646 3.000000 64.924556
vertex 38.997512 0.200000 64.607057
endloop
endfacet
facet normal -1.015863 2.954563 -2.226993
outer loop
vertex 38.997512 0.200000 64.607057
vertex 38.275646 3.000000 64.924556
vertex 38.997512 3.000000 64.607057
endloop
endfacet
facet normal -0.953046 -3.389338 -1.906789
outer loop
vertex 38.997512 0.200000 64.607057
vertex 38.997512 3.000000 64.607057
vertex 39.696440 0.200000 64.244407
endloop
endfacet
facet normal -0.757756 3.186063 -1.466937
outer loop
vertex 39.696440 0.200000 64.244407
vertex 38.997512 3.000000 64.607057
vertex 39.696440 3.000000 64.244407
endloop
endfacet
facet normal -0.678616 -3.133743 -1.152290
outer loop
vertex 39.696440 0.200000 64.244407
vertex 39.696440 3.000000 64.244407
vertex 40.369439 0.200000 63.838161
endloop
endfacet
facet normal -0.704300 3.350873 -1.097025
outer loop
vertex 40.369439 0.200000 63.838161
vertex 39.696440 3.000000 64.244407
vertex 40.369439 3.000000 63.838161
endloop
endfacet
facet normal -1.047982 -3.194060 -1.550617
outer loop
vertex 40.369439 0.200000 63.838161
vertex 40.369439 3.000000 63.838161
vertex 41.013627 0.200000 63.390053
endloop
endfacet
facet normal -1.068849 3.273089 -1.487853
outer loop
vertex 41.013627 0.200000 63.390053
vertex 40.369439 3.000000 63.838161
vertex 41.013627 3.000000 63.390053
endloop
endfacet
facet normal -0.792453 -3.306715 -1.059719
outer loop
vertex 41.013627 0.200000 63.390053
vertex 41.013627 3.000000 63.390053
vertex 41.626243 0.200000 62.902011
endloop
endfacet
facet normal -0.807326 3.137436 -0.988531
outer loop
vertex 41.626243 0.200000 62.902011
vertex 41.013627 3.000000 63.390053
vertex 41.626243 3.000000 62.902011
endloop
endfacet
facet normal -1.289665 -3.015620 -1.402971
outer loop
vertex 41.626243 0.200000 62.902011
vertex 41.626243 3.000000 62.902011
vertex 42.204664 0.200000 62.376115
endloop
endfacet
facet normal -1.290052 3.649242 -1.395828
outer loop
vertex 42.204664 0.200000 62.376115
vertex 41.626243 3.000000 62.902011
vertex 42.204664 3.000000 62.376115
endloop
endfacet
facet normal -1.790592 -2.480894 -1.765871
outer loop
vertex 42.204664 0.200000 62.376115
vertex 42.204664 3.000000 62.376115
vertex 42.746416 0.200000 61.814624
endloop
endfacet
facet normal -1.316030 3.701366 -1.204067
outer loop
vertex 42.746416 0.200000 61.814624
vertex 42.204664 3.000000 62.376115
vertex 42.746416 3.000000 61.814624
endloop
endfacet
facet normal -2.257211 -2.511663 -1.957126
outer loop
vertex 42.746416 0.200000 61.814624
vertex 42.746416 3.000000 61.814624
vertex 43.249176 0.200000 61.219937
endloop
endfacet
facet normal -1.390943 3.721103 -1.150655
outer loop
vertex 43.249176 0.200000 61.219937
vertex 42.746416 3.000000 61.814624
vertex 43.249176 3.000000 61.219937
endloop
endfacet
facet normal -2.294985 -2.158367 -1.721979
outer loop
vertex 43.249176 0.200000 61.219937
vertex 43.249176 3.000000 61.219937
vertex 43.710796 0.200000 60.594615
endloop
endfacet
facet normal -2.239100 3.706017 -1.550761
outer loop
vertex 43.710796 0.200000 60.594615
vertex 43.249176 3.000000 61.219937
vertex 43.710796 3.000000 60.594615
endloop
endfacet
facet normal -3.296941 -2.481011 -2.188874
outer loop
vertex 43.710796 0.200000 60.594615
vertex 43.710796 3.000000 60.594615
vertex 44.129292 0.200000 59.941309
endloop
endfacet
facet normal -2.982926 3.116925 -1.848052
outer loop
vertex 44.129292 0.200000 59.941309
vertex 43.710796 3.000000 60.594615
vertex 44.129292 3.000000 59.941309
endloop
endfacet
facet normal -3.233756 -2.689362 -1.840185
outer loop
vertex 44.129292 0.200000 59.941309
vertex 44.129292 3.000000 59.941309
vertex 44.502877 0.200000 59.262839
endloop
endfacet
facet normal -3.123052 3.153049 -1.658099
outer loop
vertex 44.502877 0.200000 59.262839
vertex 44.129292 3.000000 59.941309
vertex 44.502877 3.000000 59.262839
endloop
endfacet
facet normal -3.413444 -2.623319 -1.651881
outer loop
vertex 44.502877 0.200000 59.262839
vertex 44.502877 3.000000 59.262839
vertex 44.829950 0.200000 58.562099
endloop
endfacet
facet normal -3.433066 3.046489 -1.532480
outer loop
vertex 44.829950 0.200000 58.562099
vertex 44.502877 3.000000 59.262839
vertex 44.829950 3.000000 58.562099
endloop
endfacet
facet normal -3.757320 -2.697568 -1.519418
outer loop
vertex 44.829950 0.200000 58.562099
vertex 44.829950 3.000000 58.562099
vertex 45.109110 0.200000 57.842101
endloop
endfacet
facet normal -3.551235 3.080502 -1.321738
outer loop
vertex 45.109110 0.200000 57.842101
vertex 44.829950 3.000000 58.562099
vertex 45.109110 3.000000 57.842101
endloop
endfacet
facet normal -3.727879 -2.493949 -1.222664
outer loop
vertex 45.109110 0.200000 57.842101
vertex 45.109110 3.000000 57.842101
vertex 45.339165 0.200000 57.105918
endloop
endfacet
facet normal -3.481329 3.247298 -1.028428
outer loop
vertex 45.339165 0.200000 57.105918
vertex 45.109110 3.000000 57.842101
vertex 45.339165 3.000000 57.105918
endloop
endfacet
facet normal -3.856782 -2.446318 -0.984148
outer loop
vertex 45.339165 0.200000 57.105918
vertex 45.339165 3.000000 57.105918
vertex 45.519126 0.200000 56.356705
endloop
endfacet
facet normal -3.573785 3.262163 -0.799320
outer loop
vertex 45.519126 0.200000 56.356705
vertex 45.339165 3.000000 57.105918
vertex 45.519126 3.000000 56.356705
endloop
endfacet
facet normal -3.953906 -2.413239 -0.730357
outer loop
vertex 45.519126 0.200000 56.356705
vertex 45.519126 3.000000 56.356705
vertex 45.648221 0.200000 55.597670
endloop
endfacet
facet normal -3.640647 3.269792 -0.560476
outer loop
vertex 45.648221 0.200000 55.597670
vertex 45.519126 3.000000 56.356705
vertex 45.648221 3.000000 55.597670
endloop
endfacet
facet normal -4.014367 -2.397727 -0.465335
outer loop
vertex 45.648221 0.200000 55.597670
vertex 45.648221 3.000000 55.597670
vertex 45.725902 0.200000 54.832062
endloop
endfacet
facet normal -3.887643 3.110529 -0.326684
outer loop
vertex 45.725902 0.200000 54.832062
vertex 45.648221 3.000000 55.597670
vertex 45.725902 3.000000 54.832062
endloop
endfacet
facet normal -4.927693 -1.537813 -0.190060
outer loop
vertex 45.725902 0.200000 54.832062
vertex 45.725902 3.000000 54.832062
vertex 45.751830 0.200000 54.063166
endloop
endfacet
facet normal -4.354997 4.259126 -0.074987
outer loop
vertex 45.751830 0.200000 54.063166
vertex 45.725902 3.000000 54.832062
vertex 45.751830 3.000000 54.063166
endloop
endfacet
facet normal -0.000053 2.991541 -2.353382
outer loop
vertex -33.641051 3.000000 65.819452
vertex 33.641051 3.000000 65.819452
vertex -33.641051 0.200000 65.819452
endloop
endfacet
facet normal -0.000268 -3.624471 -2.118342
outer loop
vertex -33.641051 0.200000 65.819452
vertex 33.641051 3.000000 65.819452
vertex 33.641051 0.200000 65.819452
endloop
endfacet
facet normal 3.446355 -2.989808 -0.082414
outer loop
vertex -45.751830 0.200000 54.063166
vertex -45.751830 3.000000 54.063166
vertex -45.725902 0.200000 54.832062
endloop
endfacet
facet normal 3.816144 3.163870 -0.170098
outer loop
vertex -45.725902 0.200000 54.832062
vertex -45.751830 3.000000 54.063166
vertex -45.725902 3.000000 54.832062
endloop
endfacet
facet normal 4.021815 -2.411194 -0.349878
outer loop
vertex -45.725902 0.200000 54.832062
vertex -45.725902 3.000000 54.832062
vertex -45.648221 0.200000 55.597670
endloop
endfacet
facet normal 3.666716 3.259569 -0.430043
outer loop
vertex -45.648221 0.200000 55.597670
vertex -45.725902 3.000000 54.832062
vertex -45.648221 3.000000 55.597670
endloop
endfacet
facet normal 3.977830 -2.417027 -0.617714
outer loop
vertex -45.648221 0.200000 55.597670
vertex -45.648221 3.000000 55.597670
vertex -45.519126 0.200000 56.356705
endloop
endfacet
facet normal 3.611876 3.257210 -0.672423
outer loop
vertex -45.519126 0.200000 56.356705
vertex -45.648221 3.000000 55.597670
vertex -45.519126 3.000000 56.356705
endloop
endfacet
facet normal 3.896071 -2.440881 -0.876367
outer loop
vertex -45.519126 0.200000 56.356705
vertex -45.519126 3.000000 56.356705
vertex -45.339165 0.200000 57.105918
endloop
endfacet
facet normal 3.715693 3.104187 -0.959652
outer loop
vertex -45.339165 0.200000 57.105918
vertex -45.519126 3.000000 56.356705
vertex -45.339165 3.000000 57.105918
endloop
endfacet
facet normal 3.966174 -2.623744 -1.174798
outer loop
vertex -45.339165 0.200000 57.105918
vertex -45.339165 3.000000 57.105918
vertex -45.109110 0.200000 57.842101
endloop
endfacet
facet normal 2.745723 3.421687 -0.868897
outer loop
vertex -45.109110 0.200000 57.842101
vertex -45.339165 3.000000 57.105918
vertex -45.109110 3.000000 57.842101
endloop
endfacet
facet normal 2.772147 -2.198112 -1.036092
outer loop
vertex -45.109110 0.200000 57.842101
vertex -45.109110 3.000000 57.842101
vertex -44.829950 0.200000 58.562099
endloop
endfacet
facet normal 2.684921 3.337739 -1.134787
outer loop
vertex -44.829950 0.200000 58.562099
vertex -45.109110 3.000000 57.842101
vertex -44.829950 3.000000 58.562099
endloop
endfacet
facet normal 2.763789 -3.300388 -1.195654
outer loop
vertex -44.829950 0.200000 58.562099
vertex -44.829950 3.000000 58.562099
vertex -44.502877 0.200000 59.262839
endloop
endfacet
facet normal 2.651879 2.313486 -1.275185
outer loop
vertex -44.502877 0.200000 59.262839
vertex -44.829950 3.000000 58.562099
vertex -44.502877 3.000000 59.262839
endloop
endfacet
facet normal 2.500298 -3.348303 -1.361786
outer loop
vertex -44.502877 0.200000 59.262839
vertex -44.502877 3.000000 59.262839
vertex -44.129292 0.200000 59.941309
endloop
endfacet
facet normal 3.337079 2.837146 -1.900433
outer loop
vertex -44.129292 0.200000 59.941309
vertex -44.502877 3.000000 59.262839
vertex -44.129292 3.000000 59.941309
endloop
endfacet
facet normal 3.202915 -2.897398 -1.984368
outer loop
vertex -44.129292 0.200000 59.941309
vertex -44.129292 3.000000 59.941309
vertex -43.710796 0.200000 60.594615
endloop
endfacet
facet normal 3.118321 2.872228 -2.061520
outer loop
vertex -43.710796 0.200000 60.594615
vertex -44.129292 3.000000 59.941309
vertex -43.710796 3.000000 60.594615
endloop
endfacet
facet normal 2.998338 -2.914393 -2.145044
outer loop
vertex -43.710796 0.200000 60.594615
vertex -43.710796 3.000000 60.594615
vertex -43.249176 0.200000 61.219937
endloop
endfacet
facet normal 2.918412 2.897397 -2.220227
outer loop
vertex -43.249176 0.200000 61.219937
vertex -43.710796 3.000000 60.594615
vertex -43.249176 3.000000 61.219937
endloop
endfacet
facet normal 2.809915 -2.924321 -2.305298
outer loop
vertex -43.249176 0.200000 61.219937
vertex -43.249176 3.000000 61.219937
vertex -42.746416 0.200000 61.814624
endloop
endfacet
facet normal 2.733411 2.914395 -2.379620
outer loop
vertex -42.746416 0.200000 61.814624
vertex -43.249176 3.000000 61.219937
vertex -42.746416 3.000000 61.814624
endloop
endfacet
facet normal 2.634041 -2.927792 -2.468089
outer loop
vertex -42.746416 0.200000 61.814624
vertex -42.746416 3.000000 61.814624
vertex -42.204664 0.200000 62.376115
endloop
endfacet
facet normal 2.559828 2.924319 -2.542595
outer loop
vertex -42.204664 0.200000 62.376115
vertex -42.746416 3.000000 61.814624
vertex -42.204664 3.000000 62.376115
endloop
endfacet
facet normal 1.962691 -3.282341 -2.056146
outer loop
vertex -42.204664 0.200000 62.376115
vertex -42.204664 3.000000 62.376115
vertex -41.626243 0.200000 62.902011
endloop
endfacet
facet normal 1.889740 2.570476 -2.131850
outer loop
vertex -41.626243 0.200000 62.902011
vertex -42.204664 3.000000 62.376115
vertex -41.626243 3.000000 62.902011
endloop
endfacet
facet normal 1.655721 -3.428824 -2.039775
outer loop
vertex -41.626243 0.200000 62.902011
vertex -41.626243 3.000000 62.902011
vertex -41.013627 0.200000 63.390053
endloop
endfacet
facet normal 1.615304 3.140242 -2.048858
outer loop
vertex -41.013627 0.200000 63.390053
vertex -41.626243 3.000000 62.902011
vertex -41.013627 3.000000 63.390053
endloop
endfacet
facet normal 1.387968 -2.853484 -1.942458
outer loop
vertex -41.013627 0.200000 63.390053
vertex -41.013627 3.000000 63.390053
vertex -40.369439 0.200000 63.838161
endloop
endfacet
facet normal 1.322418 3.286727 -1.997094
outer loop
vertex -40.369439 0.200000 63.838161
vertex -41.013627 3.000000 63.390053
vertex -40.369439 3.000000 63.838161
endloop
endfacet
facet normal 1.573471 -3.061924 -2.524835
outer loop
vertex -40.369439 0.200000 63.838161
vertex -40.369439 3.000000 63.838161
vertex -39.696440 0.200000 64.244407
endloop
endfacet
facet normal 1.507587 3.068701 -2.581324
outer loop
vertex -39.696440 0.200000 64.244407
vertex -40.369439 3.000000 63.838161
vertex -39.696440 3.000000 64.244407
endloop
endfacet
facet normal 1.008515 -3.332176 -1.806806
outer loop
vertex -39.696440 0.200000 64.244407
vertex -39.696440 3.000000 64.244407
vertex -38.997512 0.200000 64.607057
endloop
endfacet
facet normal 0.550007 3.060729 -1.025334
outer loop
vertex -38.997512 0.200000 64.607057
vertex -39.696440 3.000000 64.244407
vertex -38.997512 3.000000 64.607057
endloop
endfacet
facet normal 0.285418 -3.251596 -0.666649
outer loop
vertex -38.997512 0.200000 64.607057
vertex -38.997512 3.000000 64.607057
vertex -38.275646 0.200000 64.924556
endloop
endfacet
facet normal 0.590380 3.187313 -1.464880
outer loop
vertex -38.275646 0.200000 64.924556
vertex -38.997512 3.000000 64.607057
vertex -38.275646 3.000000 64.924556
endloop
endfacet
facet normal 0.727642 -3.398311 -1.898424
outer loop
vertex -38.275646 0.200000 64.924556
vertex -38.275646 3.000000 64.924556
vertex -37.533934 0.200000 65.195540
endloop
endfacet
facet normal 0.831421 2.885543 -2.383513
outer loop
vertex -37.533934 0.200000 65.195540
vertex -38.275646 3.000000 64.924556
vertex -37.533934 3.000000 65.195540
endloop
endfacet
facet normal 0.638296 -3.478866 -2.045915
outer loop
vertex -37.533934 0.200000 65.195540
vertex -37.533934 3.000000 65.195540
vertex -36.775550 0.200000 65.418866
endloop
endfacet
facet normal 0.676165 2.898015 -2.391629
outer loop
vertex -36.775550 0.200000 65.418866
vertex -37.533934 3.000000 65.195540
vertex -36.775550 3.000000 65.418866
endloop
endfacet
facet normal 0.463299 -3.395105 -1.908414
outer loop
vertex -36.775550 0.200000 65.418866
vertex -36.775550 3.000000 65.418866
vertex -36.003748 0.200000 65.593559
endloop
endfacet
facet normal 0.481149 2.986857 -2.262019
outer loop
vertex -36.003748 0.200000 65.593559
vertex -36.775550 3.000000 65.418866
vertex -36.003748 3.000000 65.593559
endloop
endfacet
facet normal 0.338454 -3.396096 -1.920756
outer loop
vertex -36.003748 0.200000 65.593559
vertex -36.003748 3.000000 65.593559
vertex -35.221825 0.200000 65.718876
endloop
endfacet
facet normal 0.320898 3.043140 -2.159245
outer loop
vertex -35.221825 0.200000 65.718876
vertex -36.003748 3.000000 65.593559
vertex -35.221825 3.000000 65.718876
endloop
endfacet
facet normal 0.200888 -3.342022 -1.812644
outer loop
vertex -35.221825 0.200000 65.718876
vertex -35.221825 3.000000 65.718876
vertex -34.433135 0.200000 65.794283
endloop
endfacet
facet normal 0.175852 3.037611 -2.187314
outer loop
vertex -34.433135 0.200000 65.794283
vertex -35.221825 3.000000 65.718876
vertex -34.433135 3.000000 65.794283
endloop
endfacet
facet normal 0.087091 -3.348452 -2.123966
outer loop
vertex -34.433135 0.200000 65.794283
vertex -34.433135 3.000000 65.794283
vertex -33.641051 0.200000 65.819452
endloop
endfacet
facet normal 0.048055 3.202802 -2.004703
outer loop
vertex -33.641051 0.200000 65.819452
vertex -34.433135 3.000000 65.794283
vertex -33.641051 3.000000 65.819452
endloop
endfacet
facet normal 0.678595 3.517128 -0.991737
outer loop
vertex -53.593512 3.000000 99.278482
vertex -58.177670 0.200000 99.278482
vertex -53.593512 3.000000 91.571581
endloop
endfacet
facet normal 0.568163 -3.102212 -0.447704
outer loop
vertex -53.593512 3.000000 91.571581
vertex -58.177670 0.200000 99.278482
vertex -58.177670 0.200000 91.571581
endloop
endfacet
facet normal -0.102620 -3.332619 -0.141833
outer loop
vertex -36.972681 0.200000 99.278482
vertex -41.556834 3.000000 99.278482
vertex -36.972681 0.200000 91.571581
endloop
endfacet
facet normal -0.199443 3.244495 0.514640
outer loop
vertex -36.972681 0.200000 91.571581
vertex -41.556834 3.000000 99.278482
vertex -41.556834 3.000000 91.571581
endloop
endfacet
facet normal -0.095582 -3.399566 0.875020
outer loop
vertex -36.972681 0.200000 91.571581
vertex -41.556834 3.000000 91.571581
vertex -58.177670 0.200000 91.571581
endloop
endfacet
facet normal 0.058033 3.259765 0.934176
outer loop
vertex -58.177670 0.200000 91.571581
vertex -41.556834 3.000000 91.571581
vertex -53.593512 3.000000 91.571581
endloop
endfacet
facet normal 0.305072 -3.115556 -0.999050
outer loop
vertex -36.972681 0.200000 99.278482
vertex -58.177670 0.200000 99.278482
vertex -41.556834 3.000000 99.278482
endloop
endfacet
facet normal 0.512557 3.521450 -1.177273
outer loop
vertex -41.556834 3.000000 99.278482
vertex -58.177670 0.200000 99.278482
vertex -53.593512 3.000000 99.278482
endloop
endfacet
facet normal 0.279555 3.316790 0.037832
outer loop
vertex 41.556834 3.000000 99.278482
vertex 36.972681 0.200000 99.278482
vertex 41.556834 3.000000 91.571581
endloop
endfacet
facet normal 0.280816 -3.348198 0.135792
outer loop
vertex 41.556834 3.000000 91.571581
vertex 36.972681 0.200000 99.278482
vertex 36.972681 0.200000 91.571581
endloop
endfacet
facet normal -0.684711 -3.413809 -1.232679
outer loop
vertex 58.177670 0.200000 99.278482
vertex 53.593512 3.000000 99.278482
vertex 58.177670 0.200000 91.571581
endloop
endfacet
facet normal -0.509561 3.136543 -0.446259
outer loop
vertex 58.177670 0.200000 91.571581
vertex 53.593512 3.000000 99.278482
vertex 53.593512 3.000000 91.571581
endloop
endfacet
facet normal 0.188835 3.305610 0.427115
outer loop
vertex 41.556834 3.000000 91.571581
vertex 36.972681 0.200000 91.571581
vertex 53.593512 3.000000 91.571581
endloop
endfacet
facet normal -0.131916 -3.332764 0.404857
outer loop
vertex 53.593512 3.000000 91.571581
vertex 36.972681 0.200000 91.571581
vertex 58.177670 0.200000 91.571581
endloop
endfacet
facet normal -0.296009 3.140703 -0.907759
outer loop
vertex 41.556834 3.000000 99.278482
vertex 53.593512 3.000000 99.278482
vertex 36.972681 0.200000 99.278482
endloop
endfacet
facet normal -0.530011 -3.418792 -1.483671
outer loop
vertex 36.972681 0.200000 99.278482
vertex 53.593512 3.000000 99.278482
vertex 58.177670 0.200000 99.278482
endloop
endfacet
facet normal -0.477945 -3.438894 -0.767434
outer loop
vertex -36.972681 0.200000 -83.597079
vertex -41.556834 3.000000 -83.597079
vertex -36.972681 0.200000 -91.303974
endloop
endfacet
facet normal -0.809961 2.128614 1.315194
outer loop
vertex -36.972681 0.200000 -91.303974
vertex -41.556834 3.000000 -83.597079
vertex -41.556834 3.000000 -91.303974
endloop
endfacet
facet normal 0.380473 3.335472 -0.204850
outer loop
vertex -53.593512 3.000000 -83.597079
vertex -58.177670 0.200000 -83.597079
vertex -53.593512 3.000000 -91.303974
endloop
endfacet
facet normal 0.450089 -3.241817 0.449912
outer loop
vertex -53.593512 3.000000 -91.303974
vertex -58.177670 0.200000 -83.597079
vertex -58.177670 0.200000 -91.303974
endloop
endfacet
facet normal -0.384198 -4.321455 2.513664
outer loop
vertex -36.972681 0.200000 -91.303974
vertex -41.556834 3.000000 -91.303974
vertex -58.177670 0.200000 -91.303974
endloop
endfacet
facet normal -0.096773 2.322372 2.543913
outer loop
vertex -58.177670 0.200000 -91.303974
vertex -41.556834 3.000000 -91.303974
vertex -53.593512 3.000000 -91.303974
endloop
endfacet
facet normal -0.265136 -3.422925 -1.156060
outer loop
vertex -36.972681 0.200000 -83.597079
vertex -58.177670 0.200000 -83.597079
vertex -41.556834 3.000000 -83.597079
endloop
endfacet
facet normal -0.112711 3.221691 -0.996927
outer loop
vertex -41.556834 3.000000 -83.597079
vertex -58.177670 0.200000 -83.597079
vertex -53.593512 3.000000 -83.597079
endloop
endfacet
facet normal 1.667485 2.484902 0.415251
outer loop
vertex 41.556834 3.000000 -83.597079
vertex 36.972681 0.200000 -83.597079
vertex 41.556834 3.000000 -91.303974
endloop
endfacet
facet normal 1.565977 -4.151559 0.843936
outer loop
vertex 41.556834 3.000000 -91.303974
vertex 36.972681 0.200000 -83.597079
vertex 36.972681 0.200000 -91.303974
endloop
endfacet
facet normal -0.844198 -3.635335 -1.360276
outer loop
vertex 58.177670 0.200000 -83.597079
vertex 53.593512 3.000000 -83.597079
vertex 58.177670 0.200000 -91.303974
endloop
endfacet
facet normal -0.722305 2.941883 -0.614153
outer loop
vertex 58.177670 0.200000 -91.303974
vertex 53.593512 3.000000 -83.597079
vertex 53.593512 3.000000 -91.303974
endloop
endfacet
facet normal -0.172795 -3.320166 0.670096
outer loop
vertex 58.177670 0.200000 -91.303974
vertex 53.593512 3.000000 -91.303974
vertex 36.972681 0.200000 -91.303974
endloop
endfacet
facet normal 1.323543 2.448019 1.492158
outer loop
vertex 36.972681 0.200000 -91.303974
vertex 53.593512 3.000000 -91.303974
vertex 41.556834 3.000000 -91.303974
endloop
endfacet
facet normal -0.499268 -3.604870 -1.978718
outer loop
vertex 58.177670 0.200000 -83.597079
vertex 36.972681 0.200000 -83.597079
vertex 53.593512 3.000000 -83.597079
endloop
endfacet
facet normal -0.171743 2.969859 -1.713719
outer loop
vertex 53.593512 3.000000 -83.597079
vertex 36.972681 0.200000 -83.597079
vertex 41.556834 3.000000 -83.597079
endloop
endfacet
facet normal 1.239932 -3.405699 0.305579
outer loop
vertex -22.337659 0.200000 -77.868485
vertex -22.337659 0.200000 -102.028318
vertex -22.337659 3.000000 -77.868485
endloop
endfacet
facet normal 1.090242 3.171011 0.703285
outer loop
vertex -22.337659 3.000000 -77.868485
vertex -22.337659 0.200000 -102.028318
vertex -22.337659 3.000000 -102.028318
endloop
endfacet
facet normal -0.296824 -3.380152 1.157805
outer loop
vertex 22.337659 0.200000 -102.028318
vertex 22.337659 3.000000 -102.028318
vertex -22.337659 0.200000 -102.028318
endloop
endfacet
facet normal 0.076950 3.204003 1.262806
outer loop
vertex -22.337659 0.200000 -102.028318
vertex 22.337659 3.000000 -102.028318
vertex -22.337659 3.000000 -102.028318
endloop
endfacet
facet normal 5.847535 -3.527326 -1.380219
outer loop
vertex -67.490675 -5.300000 109.271317
vertex -67.490675 -5.300000 -111.681534
vertex -67.490675 0.200000 109.271317
endloop
endfacet
facet normal 5.108218 -5.304565 1.549068
outer loop
vertex -67.490675 0.200000 109.271317
vertex -67.490675 -5.300000 -111.681534
vertex -67.490675 0.200000 -111.681534
endloop
endfacet
facet normal 1.549178 -3.968749 3.805394
outer loop
vertex -67.490675 -5.300000 -111.681534
vertex 67.490675 -5.300000 -111.681534
vertex -67.490675 0.200000 -111.681534
endloop
endfacet
facet normal -2.447557 -5.720455 3.451074
outer loop
vertex -67.490675 0.200000 -111.681534
vertex 67.490675 -5.300000 -111.681534
vertex 67.490675 0.200000 -111.681534
endloop
endfacet
facet normal 0.000017 -0.670904 5.682908
outer loop
vertex 70.134862 -5.200000 127.585003
vertex -70.134862 -5.200000 127.585003
vertex 70.134862 -6.300000 127.585003
endloop
endfacet
facet normal -0.000305 -5.614417 3.713831
outer loop
vertex 70.134862 -6.300000 127.585003
vertex -70.134862 -5.200000 127.585003
vertex -70.134862 -6.300000 127.585003
endloop
endfacet
facet normal -0.050758 -5.647965 3.647780
outer loop
vertex -70.134862 -6.300000 127.585003
vertex -70.134862 -5.200000 127.585003
vertex -70.869503 -6.300000 127.560636
endloop
endfacet
facet normal -0.215249 -1.133476 5.764979
outer loop
vertex -70.869503 -6.300000 127.560636
vertex -70.134862 -5.200000 127.585003
vertex -70.869503 -5.200000 127.560636
endloop
endfacet
facet normal -0.336858 -4.978577 4.283254
outer loop
vertex -70.869503 -6.300000 127.560636
vertex -70.869503 -5.200000 127.560636
vertex -71.600714 -6.300000 127.487666
endloop
endfacet
facet normal -0.608964 -0.666840 5.732156
outer loop
vertex -71.600714 -6.300000 127.487666
vertex -70.869503 -5.200000 127.560636
vertex -71.600714 -5.200000 127.487666
endloop
endfacet
facet normal -0.653076 -4.861622 4.453844
outer loop
vertex -71.600714 -6.300000 127.487666
vertex -71.600714 -5.200000 127.487666
vertex -72.325093 -6.300000 127.366430
endloop
endfacet
facet normal -1.009793 -0.601092 5.784806
outer loop
vertex -72.325093 -6.300000 127.366430
vertex -71.600714 -5.200000 127.487666
vertex -72.325093 -5.200000 127.366430
endloop
endfacet
facet normal -1.000284 -4.708423 4.629621
outer loop
vertex -72.325093 -6.300000 127.366430
vertex -72.325093 -5.200000 127.366430
vertex -73.039262 -6.300000 127.197478
endloop
endfacet
facet normal -1.424484 -0.514595 5.823285
outer loop
vertex -73.039262 -6.300000 127.197478
vertex -72.325093 -5.200000 127.366430
vertex -73.039262 -5.200000 127.197478
endloop
endfacet
facet normal -1.383176 -4.507301 4.808740
outer loop
vertex -73.039262 -6.300000 127.197478
vertex -73.039262 -5.200000 127.197478
vertex -73.739885 -6.300000 126.981626
endloop
endfacet
facet normal -1.854255 -0.400814 5.846338
outer loop
vertex -73.739885 -6.300000 126.981626
vertex -73.039262 -5.200000 127.197478
vertex -73.739885 -5.200000 126.981626
endloop
endfacet
facet normal -1.805906 -4.243912 4.986376
outer loop
vertex -73.739885 -6.300000 126.981626
vertex -73.739885 -5.200000 126.981626
vertex -74.423706 -6.300000 126.719861
endloop
endfacet
facet normal -2.299870 -0.251946 5.850942
outer loop
vertex -74.423706 -6.300000 126.719861
vertex -73.739885 -5.200000 126.981626
vertex -74.423706 -5.200000 126.719861
endloop
endfacet
facet normal -2.270344 -3.902536 5.153090
outer loop
vertex -74.423706 -6.300000 126.719861
vertex -74.423706 -5.200000 126.719861
vertex -75.087529 -6.300000 126.413399
endloop
endfacet
facet normal -2.760301 -0.060067 5.831386
outer loop
vertex -75.087529 -6.300000 126.413399
vertex -74.423706 -5.200000 126.719861
vertex -75.087529 -5.200000 126.413399
endloop
endfacet
facet normal -2.773503 -3.469318 5.293565
outer loop
vertex -75.087529 -6.300000 126.413399
vertex -75.087529 -5.200000 126.413399
vertex -75.728257 -6.300000 126.063684
endloop
endfacet
facet normal -3.231506 0.180740 5.778924
outer loop
vertex -75.728257 -6.300000 126.063684
vertex -75.087529 -5.200000 126.413399
vertex -75.728257 -5.200000 126.063684
endloop
endfacet
facet normal -3.305252 -2.938026 5.386859
outer loop
vertex -75.728257 -6.300000 126.063684
vertex -75.728257 -5.200000 126.063684
vertex -76.342908 -6.300000 125.672332
endloop
endfacet
facet normal -3.705348 0.470797 5.682365
outer loop
vertex -76.342908 -6.300000 125.672332
vertex -75.728257 -5.200000 126.063684
vertex -76.342908 -5.200000 125.672332
endloop
endfacet
facet normal -3.847104 -2.317578 5.409527
outer loop
vertex -76.342908 -6.300000 125.672332
vertex -76.342908 -5.200000 125.672332
vertex -76.928613 -6.300000 125.241176
endloop
endfacet
facet normal -4.169525 0.800862 5.530602
outer loop
vertex -76.928613 -6.300000 125.241176
vertex -76.342908 -5.200000 125.672332
vertex -76.928613 -5.200000 125.241176
endloop
endfacet
facet normal -4.374686 -1.637168 5.342126
outer loop
vertex -76.928613 -6.300000 125.241176
vertex -76.928613 -5.200000 125.241176
vertex -77.482642 -6.300000 124.772230
endloop
endfacet
facet normal -4.610092 1.150988 5.316581
outer loop
vertex -77.482642 -6.300000 124.772230
vertex -76.928613 -5.200000 125.241176
vertex -77.482642 -5.200000 124.772230
endloop
endfacet
facet normal -4.864173 -0.943904 5.176293
outer loop
vertex -77.482642 -6.300000 124.772230
vertex -77.482642 -5.200000 124.772230
vertex -78.002411 -6.300000 124.267675
endloop
endfacet
facet normal -5.015382 1.494013 5.040406
outer loop
vertex -78.002411 -6.300000 124.267675
vertex -77.482642 -5.200000 124.772230
vertex -78.002411 -5.200000 124.267675
endloop
endfacet
facet normal -5.299358 -0.292094 4.917883
outer loop
vertex -78.002411 -6.300000 124.267675
vertex -78.002411 -5.200000 124.267675
vertex -78.485503 -6.300000 123.729863
endloop
endfacet
facet normal -5.379186 1.802790 4.709347
outer loop
vertex -78.485503 -6.300000 123.729863
vertex -78.002411 -5.200000 124.267675
vertex -78.485503 -5.200000 123.729863
endloop
endfacet
facet normal -5.675218 0.270227 4.583778
outer loop
vertex -78.485503 -6.300000 123.729863
vertex -78.485503 -5.200000 123.729863
vertex -78.929654 -6.300000 123.161297
endloop
endfacet
facet normal -5.701106 2.056426 4.334673
outer loop
vertex -78.929654 -6.300000 123.161297
vertex -78.485503 -5.200000 123.729863
vertex -78.929654 -5.200000 123.161297
endloop
endfacet
facet normal -5.996148 0.709736 4.194845
outer loop
vertex -78.929654 -6.300000 123.161297
vertex -78.929654 -5.200000 123.161297
vertex -79.332807 -6.300000 122.564637
endloop
endfacet
facet normal -5.984462 2.242496 3.927744
outer loop
vertex -79.332807 -6.300000 122.564637
vertex -78.929654 -5.200000 123.161297
vertex -79.332807 -5.200000 122.564637
endloop
endfacet
facet normal -6.271148 1.008443 3.769407
outer loop
vertex -79.332807 -6.300000 122.564637
vertex -79.332807 -5.200000 122.564637
vertex -79.693072 -6.300000 121.942664
endloop
endfacet
facet normal -6.233592 2.355435 3.497379
outer loop
vertex -79.693072 -6.300000 121.942664
vertex -79.332807 -5.200000 122.564637
vertex -79.693072 -5.200000 121.942664
endloop
endfacet
facet normal -4.254403 -2.174370 2.279762
outer loop
vertex -79.693072 -6.300000 121.942664
vertex -79.693072 -5.200000 121.942664
vertex -80.008769 -6.300000 121.298277
endloop
endfacet
facet normal -4.197129 -0.939900 2.008998
outer loop
vertex -80.008769 -6.300000 121.298277
vertex -79.693072 -5.200000 121.942664
vertex -80.008769 -5.200000 121.298277
endloop
endfacet
facet normal -2.157742 -5.469698 0.940353
outer loop
vertex -80.008769 -6.300000 121.298277
vertex -80.008769 -5.200000 121.298277
vertex -80.278433 -6.300000 120.634476
endloop
endfacet
facet normal -4.337191 -0.939375 1.713644
outer loop
vertex -80.278433 -6.300000 120.634476
vertex -80.008769 -5.200000 121.298277
vertex -80.278433 -5.200000 120.634476
endloop
endfacet
facet normal -2.230927 -5.469355 0.791567
outer loop
vertex -80.278433 -6.300000 120.634476
vertex -80.278433 -5.200000 120.634476
vertex -80.500799 -6.300000 119.954352
endloop
endfacet
facet normal -4.440469 -0.938937 1.402782
outer loop
vertex -80.500799 -6.300000 119.954352
vertex -80.278433 -5.200000 120.634476
vertex -80.500799 -5.200000 119.954352
endloop
endfacet
facet normal -2.277389 -5.469127 0.631730
outer loop
vertex -80.500799 -6.300000 119.954352
vertex -80.500799 -5.200000 119.954352
vertex -80.674835 -6.300000 119.261092
endloop
endfacet
facet normal -4.522898 -0.938425 1.085435
outer loop
vertex -80.674835 -6.300000 119.261092
vertex -80.500799 -5.200000 119.954352
vertex -80.674835 -5.200000 119.261092
endloop
endfacet
facet normal -2.313337 -5.468859 0.469106
outer loop
vertex -80.674835 -6.300000 119.261092
vertex -80.674835 -5.200000 119.261092
vertex -80.799732 -6.300000 118.557916
endloop
endfacet
facet normal -4.584097 -0.937840 0.763063
outer loop
vertex -80.799732 -6.300000 118.557916
vertex -80.674835 -5.200000 119.261092
vertex -80.799732 -5.200000 118.557916
endloop
endfacet
facet normal -2.338606 -5.468553 0.304407
outer loop
vertex -80.799732 -6.300000 118.557916
vertex -80.799732 -5.200000 118.557916
vertex -80.874902 -6.300000 117.848103
endloop
endfacet
facet normal -4.623777 -0.937182 0.437160
outer loop
vertex -80.874902 -6.300000 117.848103
vertex -80.799732 -5.200000 118.557916
vertex -80.874902 -5.200000 117.848103
endloop
endfacet
facet normal -2.673310 -5.436257 0.138125
outer loop
vertex -80.874902 -6.300000 117.848103
vertex -80.874902 -5.200000 117.848103
vertex -80.899999 -6.300000 117.134971
endloop
endfacet
facet normal -4.812349 -0.475242 0.136436
outer loop
vertex -80.899999 -6.300000 117.134971
vertex -80.874902 -5.200000 117.848103
vertex -80.899999 -5.200000 117.134971
endloop
endfacet
facet normal 4.873670 -0.898175 0.000060
outer loop
vertex 80.899999 -5.200000 -109.264967
vertex 80.899999 -5.200000 117.134971
vertex 80.899999 -6.300000 -109.264967
endloop
endfacet
facet normal 2.918282 -5.847752 0.000255
outer loop
vertex 80.899999 -6.300000 -109.264967
vertex 80.899999 -5.200000 117.134971
vertex 80.899999 -6.300000 117.134971
endloop
endfacet
facet normal 2.636967 -5.872813 0.001622
outer loop
vertex 80.899999 -6.300000 117.134971
vertex 80.899999 -5.200000 117.134971
vertex 80.874902 -6.300000 117.848103
endloop
endfacet
facet normal 4.736374 -1.352820 0.171093
outer loop
vertex 80.874902 -6.300000 117.848103
vertex 80.899999 -5.200000 117.134971
vertex 80.874902 -5.200000 117.848103
endloop
endfacet
facet normal 2.351170 -5.468146 0.173779
outer loop
vertex 80.874902 -6.300000 117.848103
vertex 80.874902 -5.200000 117.848103
vertex 80.799732 -6.300000 118.557916
endloop
endfacet
facet normal 4.617520 -0.937068 0.504564
outer loop
vertex 80.799732 -6.300000 118.557916
vertex 80.874902 -5.200000 117.848103
vertex 80.799732 -5.200000 118.557916
endloop
endfacet
facet normal 2.334680 -5.468491 0.339682
outer loop
vertex 80.799732 -6.300000 118.557916
vertex 80.799732 -5.200000 118.557916
vertex 80.674835 -6.300000 119.261092
endloop
endfacet
facet normal 4.573535 -0.937731 0.829909
outer loop
vertex 80.674835 -6.300000 119.261092
vertex 80.799732 -5.200000 118.557916
vertex 80.674835 -5.200000 119.261092
endloop
endfacet
facet normal 2.307415 -5.468797 0.504124
outer loop
vertex 80.674835 -6.300000 119.261092
vertex 80.674835 -5.200000 119.261092
vertex 80.500799 -6.300000 119.954352
endloop
endfacet
facet normal 4.508087 -0.938328 1.151437
outer loop
vertex 80.500799 -6.300000 119.954352
vertex 80.674835 -5.200000 119.261092
vertex 80.500799 -5.200000 119.954352
endloop
endfacet
facet normal 2.249777 -5.469228 0.659429
outer loop
vertex 80.500799 -6.300000 119.954352
vertex 80.500799 -5.200000 119.954352
vertex 80.278433 -6.300000 120.634476
endloop
endfacet
facet normal 4.401748 -0.939006 1.460710
outer loop
vertex 80.278433 -6.300000 120.634476
vertex 80.500799 -5.200000 119.954352
vertex 80.278433 -5.200000 120.634476
endloop
endfacet
facet normal 4.461225 -2.173959 1.798657
outer loop
vertex 80.278433 -6.300000 120.634476
vertex 80.278433 -5.200000 120.634476
vertex 80.008769 -6.300000 121.298277
endloop
endfacet
facet normal 6.573942 2.356200 2.756983
outer loop
vertex 80.008769 -6.300000 121.298277
vertex 80.278433 -5.200000 120.634476
vertex 80.008769 -5.200000 121.298277
endloop
endfacet
facet normal 6.609022 1.008792 3.096335
outer loop
vertex 80.008769 -6.300000 121.298277
vertex 80.008769 -5.200000 121.298277
vertex 79.693072 -6.300000 121.942664
endloop
endfacet
facet normal 6.373195 2.243110 3.213321
outer loop
vertex 79.693072 -6.300000 121.942664
vertex 80.008769 -5.200000 121.298277
vertex 79.693072 -5.200000 121.942664
endloop
endfacet
facet normal 6.377313 0.709988 3.548167
outer loop
vertex 79.693072 -6.300000 121.942664
vertex 79.693072 -5.200000 121.942664
vertex 79.332807 -6.300000 122.564637
endloop
endfacet
facet normal 6.135962 2.056858 3.650207
outer loop
vertex 79.332807 -6.300000 122.564637
vertex 79.693072 -5.200000 121.942664
vertex 79.332807 -5.200000 122.564637
endloop
endfacet
facet normal 6.096482 0.270406 3.968258
outer loop
vertex 79.332807 -6.300000 122.564637
vertex 79.332807 -5.200000 122.564637
vertex 78.929654 -6.300000 123.161297
endloop
endfacet
facet normal 5.857151 1.803094 4.059161
outer loop
vertex 78.929654 -6.300000 123.161297
vertex 79.332807 -5.200000 122.564637
vertex 78.929654 -5.200000 123.161297
endloop
endfacet
facet normal 5.755947 -0.291958 4.339158
outer loop
vertex 78.929654 -6.300000 123.161297
vertex 78.929654 -5.200000 123.161297
vertex 78.485503 -6.300000 123.729863
endloop
endfacet
facet normal 5.532370 1.494177 4.429214
outer loop
vertex 78.485503 -6.300000 123.729863
vertex 78.929654 -5.200000 123.161297
vertex 78.485503 -5.200000 123.729863
endloop
endfacet
facet normal 5.349395 -0.943857 4.640575
outer loop
vertex 78.485503 -6.300000 123.729863
vertex 78.485503 -5.200000 123.729863
vertex 78.002411 -6.300000 124.267675
endloop
endfacet
facet normal 5.160950 1.150982 4.749108
outer loop
vertex 78.002411 -6.300000 124.267675
vertex 78.485503 -5.200000 123.729863
vertex 78.002411 -5.200000 124.267675
endloop
endfacet
facet normal 4.880362 -1.637221 4.855166
outer loop
vertex 78.002411 -6.300000 124.267675
vertex 78.002411 -5.200000 124.267675
vertex 77.482642 -6.300000 124.772230
endloop
endfacet
facet normal 4.748455 0.800703 5.010936
outer loop
vertex 77.482642 -6.300000 124.772230
vertex 78.002411 -5.200000 124.267675
vertex 77.482642 -5.200000 124.772230
endloop
endfacet
facet normal 4.364467 -2.317708 4.975553
outer loop
vertex 77.482642 -6.300000 124.772230
vertex 77.482642 -5.200000 124.772230
vertex 76.928613 -6.300000 125.241176
endloop
endfacet
facet normal 4.306448 0.470485 5.213468
outer loop
vertex 76.928613 -6.300000 125.241176
vertex 77.482642 -5.200000 124.772230
vertex 76.928613 -5.200000 125.241176
endloop
endfacet
facet normal 3.826177 -2.938205 5.007816
outer loop
vertex 76.928613 -6.300000 125.241176
vertex 76.928613 -5.200000 125.241176
vertex 76.342908 -6.300000 125.672332
endloop
endfacet
facet normal 3.849424 0.180301 5.362398
outer loop
vertex 76.342908 -6.300000 125.672332
vertex 76.928613 -5.200000 125.241176
vertex 76.342908 -5.200000 125.672332
endloop
endfacet
facet normal 3.291412 -3.469570 4.969030
outer loop
vertex 76.342908 -6.300000 125.672332
vertex 76.342908 -5.200000 125.672332
vertex 75.728257 -6.300000 126.063684
endloop
endfacet
facet normal 3.390501 -0.060676 5.467601
outer loop
vertex 75.728257 -6.300000 126.063684
vertex 76.342908 -5.200000 125.672332
vertex 75.728257 -5.200000 126.063684
endloop
endfacet
facet normal 2.780628 -3.902872 4.880787
outer loop
vertex 75.728257 -6.300000 126.063684
vertex 75.728257 -5.200000 126.063684
vertex 75.087529 -6.300000 126.413399
endloop
endfacet
facet normal 2.938833 -0.252693 5.539408
outer loop
vertex 75.087529 -6.300000 126.413399
vertex 75.728257 -5.200000 126.063684
vertex 75.087529 -5.200000 126.413399
endloop
endfacet
facet normal 2.305837 -4.244308 4.762963
outer loop
vertex 75.087529 -6.300000 126.413399
vertex 75.087529 -5.200000 126.413399
vertex 74.423706 -6.300000 126.719861
endloop
endfacet
facet normal 2.499155 -0.401700 5.586117
outer loop
vertex 74.423706 -6.300000 126.719861
vertex 75.087529 -5.200000 126.413399
vertex 74.423706 -5.200000 126.719861
endloop
endfacet
facet normal 1.871213 -4.507790 4.630512
outer loop
vertex 74.423706 -6.300000 126.719861
vertex 74.423706 -5.200000 126.719861
vertex 73.739885 -6.300000 126.981626
endloop
endfacet
facet normal 2.072890 -0.515660 5.613254
outer loop
vertex 73.739885 -6.300000 126.981626
vertex 74.423706 -5.200000 126.719861
vertex 73.739885 -5.200000 126.981626
endloop
endfacet
facet normal 1.475813 -4.709004 4.492989
outer loop
vertex 73.739885 -6.300000 126.981626
vertex 73.739885 -5.200000 126.981626
vertex 73.039262 -6.300000 127.197478
endloop
endfacet
facet normal 1.659725 -0.602302 5.623878
outer loop
vertex 73.039262 -6.300000 127.197478
vertex 73.739885 -5.200000 126.981626
vertex 73.039262 -5.200000 127.197478
endloop
endfacet
facet normal 1.116007 -4.862263 4.355578
outer loop
vertex 73.039262 -6.300000 127.197478
vertex 73.039262 -5.200000 127.197478
vertex 72.325093 -6.300000 127.366430
endloop
endfacet
facet normal 1.258431 -0.668195 5.619284
outer loop
vertex 72.325093 -6.300000 127.366430
vertex 73.039262 -5.200000 127.197478
vertex 72.325093 -5.200000 127.366430
endloop
endfacet
facet normal 0.787091 -4.979292 4.220503
outer loop
vertex 72.325093 -6.300000 127.366430
vertex 72.325093 -5.200000 127.366430
vertex 71.600714 -6.300000 127.487666
endloop
endfacet
facet normal 0.867687 -0.718505 5.599727
outer loop
vertex 71.600714 -6.300000 127.487666
vertex 72.325093 -5.200000 127.366430
vertex 71.600714 -5.200000 127.487666
endloop
endfacet
facet normal 0.484599 -5.069177 4.088216
outer loop
vertex 71.600714 -6.300000 127.487666
vertex 71.600714 -5.200000 127.487666
vertex 70.869503 -6.300000 127.560636
endloop
endfacet
facet normal 0.486512 -0.757142 5.564889
outer loop
vertex 70.869503 -6.300000 127.560636
vertex 71.600714 -5.200000 127.487666
vertex 70.869503 -5.200000 127.560636
endloop
endfacet
facet normal 0.196364 -5.035278 4.177604
outer loop
vertex 70.869503 -6.300000 127.560636
vertex 70.869503 -5.200000 127.560636
vertex 70.134862 -6.300000 127.585003
endloop
endfacet
facet normal 0.132690 -0.254866 5.579694
outer loop
vertex 70.134862 -6.300000 127.585003
vertex 70.869503 -5.200000 127.560636
vertex 70.134862 -5.200000 127.585003
endloop
endfacet
endsolid Frame
